subject,role,method,point_median_span_mm,point_max_span_mm
S103,consumed_test,Official,0.0,0.0
S103,consumed_test,Rigid,26.83669538636981,30.831209045204044
S103,consumed_test,RigidD,24.337568741032513,27.815292750922392
S104,dev,Official,0.0,0.0
S104,dev,Rigid,26.500811807241085,39.86366092007508
S104,dev,RigidD,25.456454183742828,38.647831550216054
S107,dev,Official,0.0,0.0
S107,dev,Rigid,15.786217285600518,18.82405499089884
S107,dev,RigidD,14.862704087270895,17.06041544783485
S114,consumed_test,Official,0.0,0.0
S114,consumed_test,Rigid,12.741293377868875,13.799595532484748
S114,consumed_test,RigidD,12.130369876029992,14.309022874162572
S118,consumed_test,Official,0.0,0.0
S118,consumed_test,Rigid,3.5498549201622382,4.732356453459864
S118,consumed_test,RigidD,2.9225973729306274,4.6618605416143835
S121,consumed_test,Official,0.0,0.0
S121,consumed_test,Rigid,11.673674564160953,13.650312155180474
S121,consumed_test,RigidD,11.665788105682172,13.294043728097698
S130,consumed_test,Official,0.0,0.0
S130,consumed_test,Rigid,4.353800859231953,4.8552339869360175
S130,consumed_test,RigidD,3.9474002380371402,4.898886023474528
S134,consumed_test,Official,0.0,0.0
S134,consumed_test,Rigid,22.97245416187406,25.07283681708791
S134,consumed_test,RigidD,20.50196420672243,23.281432466282354
S140,consumed_test,Official,0.0,0.0
S140,consumed_test,Rigid,5.57165015142491,6.576152646472226
S140,consumed_test,RigidD,5.722087274663826,7.491301912881639
S141,consumed_test,Official,0.0,0.0
S141,consumed_test,Rigid,15.638259972918634,18.534329051729845
S141,consumed_test,RigidD,15.46593968949633,20.459891764153102
S145,consumed_test,Official,0.0,0.0
S145,consumed_test,Rigid,8.621829021715154,10.395796036587482
S145,consumed_test,RigidD,7.873275158262311,9.923387597287478
S151,consumed_test,Official,0.0,0.0
S151,consumed_test,Rigid,7.2433450241915,10.153509472911969
S151,consumed_test,RigidD,6.7186471923347835,9.6397758764853
S163,consumed_test,Official,0.0,0.0
S163,consumed_test,Rigid,7.305091730713887,8.234080542448945
S163,consumed_test,RigidD,5.948141645896081,8.889249978965367
S165,dev,Official,0.0,0.0
S165,dev,Rigid,14.456683555856745,15.245435069015468
S165,dev,RigidD,13.827150615108321,14.62849630310274
S170,consumed_test,Official,0.0,0.0
S170,consumed_test,Rigid,6.519052125253258,7.6053074410121235
S170,consumed_test,RigidD,6.563368269576808,10.102678913520085
S179,consumed_test,Official,0.0,0.0
S179,consumed_test,Rigid,25.550834187804362,30.00232099778777
S179,consumed_test,RigidD,21.05198661879389,28.091397411501074
S184,consumed_test,Official,0.0,0.0
S184,consumed_test,Rigid,15.643466937438482,18.081221501497303
S184,consumed_test,RigidD,14.002036594750207,17.086805849242516
S187,dev,Official,0.0,0.0
S187,dev,Rigid,11.195959738867142,15.311311146419735
S187,dev,RigidD,9.72271913466384,14.897490478959314
S188,consumed_test,Official,0.0,0.0
S188,consumed_test,Rigid,7.4784026454672325,9.494523090085117
S188,consumed_test,RigidD,6.908621886374597,8.874945808893997
S196,consumed_test,Official,0.0,0.0
S196,consumed_test,Rigid,6.902453720443827,9.756729626005296
S196,consumed_test,RigidD,5.2912048463632555,8.887166436442314
