subject,role,seed,method,point_id,face_id,x_m,y_m,z_m,u_px,v_px,inside_rgb,inside_back_roi,visibility,nearest_train_mm,nearest_heldout_mm,binding_recomputed_from_triangles,real_point_accuracy
S103,consumed_test,0,Official,ENG_MID_DOWN,14858,-0.06532232039649173,0.005431358849637437,1.566995164596379,222.74150759436995,396.6365303345294,True,False,NOT_VERIFIED,,,False,False
S103,consumed_test,0,Official,ENG_PAIR_3_NEG_X,14459,0.04658700798681558,-0.020742577653549782,1.5983780203612872,262.21065120217366,387.16682937942517,True,False,NOT_VERIFIED,,,False,False
S103,consumed_test,0,Rigid,ENG_MID_DOWN,14858,-0.07220811715534742,-0.010588360703261464,1.503210362952093,219.20342216992086,390.5838827558467,True,False,NOT_VERIFIED,,,True,False
S103,consumed_test,0,Rigid,ENG_PAIR_3_NEG_X,14459,0.04042077634102078,-0.03540853773612363,1.5330825494987446,260.6611797733672,381.33929694257307,True,False,NOT_VERIFIED,,,True,False
S103,consumed_test,0,RigidD,ENG_MID_DOWN,14858,-0.07209253860485777,-0.01087570790143217,1.499638337761791,219.1826118215106,390.46387201888,True,False,NOT_VERIFIED,1.4765600922631015,71.3545417442505,True,False
S103,consumed_test,0,RigidD,ENG_PAIR_3_NEG_X,14459,0.03647338838128415,-0.03369291434420081,1.5378704238383312,259.18518595066575,382.02317000882056,True,False,NOT_VERIFIED,2.6156373265450696,33.0391683347229,True,False
S103,consumed_test,1,Official,ENG_MID_DOWN,14858,-0.06532232039649173,0.005431358849637437,1.566995164596379,222.74150759436995,396.6365303345294,True,False,NOT_VERIFIED,,,False,False
S103,consumed_test,1,Official,ENG_PAIR_3_NEG_X,14459,0.04658700798681558,-0.020742577653549782,1.5983780203612872,262.21065120217366,387.16682937942517,True,False,NOT_VERIFIED,,,False,False
S103,consumed_test,1,Rigid,ENG_MID_DOWN,14858,-0.07279361817081978,-0.009160813753342333,1.503058209969816,218.98365491450173,391.13043792558403,True,False,NOT_VERIFIED,,,True,False
S103,consumed_test,1,Rigid,ENG_PAIR_3_NEG_X,14459,0.03974264303464982,-0.03352503612513704,1.5336462950577858,260.4093950137794,382.0514580698092,True,False,NOT_VERIFIED,,,True,False
S103,consumed_test,1,RigidD,ENG_MID_DOWN,14858,-0.07259710394466704,-0.009579965500029606,1.499162119774989,218.98656344406248,390.9603003355961,True,False,NOT_VERIFIED,14.254138916587651,25.72762082443702,True,False
S103,consumed_test,1,RigidD,ENG_PAIR_3_NEG_X,14459,0.03718393459834625,-0.03252570082146707,1.535976729936198,259.45924833196193,382.44524850754243,True,False,NOT_VERIFIED,28.742856693703608,11.702210542376791,True,False
S103,consumed_test,2,Official,ENG_MID_DOWN,14858,-0.06532232039649173,0.005431358849637437,1.566995164596379,222.74150759436995,396.6365303345294,True,False,NOT_VERIFIED,,,False,False
S103,consumed_test,2,Official,ENG_PAIR_3_NEG_X,14459,0.04658700798681558,-0.020742577653549782,1.5983780203612872,262.21065120217366,387.16682937942517,True,False,NOT_VERIFIED,,,False,False
S103,consumed_test,2,Rigid,ENG_MID_DOWN,14858,-0.08833218874475653,0.006460112766694075,1.5009033619782066,213.17616079599543,397.11916262943316,True,False,NOT_VERIFIED,,,True,False
S103,consumed_test,2,Rigid,ENG_PAIR_3_NEG_X,14459,0.024168361057084836,-0.02194807356553967,1.5279266410322616,254.78370222520968,386.36785983170273,True,False,NOT_VERIFIED,,,True,False
S103,consumed_test,2,RigidD,ENG_MID_DOWN,14858,-0.08757163865870946,0.00465806883378033,1.4919559511083365,213.26354427681068,396.4384353541402,True,False,NOT_VERIFIED,1.9973025287016353,36.925389010081574,True,False
S103,consumed_test,2,RigidD,ENG_PAIR_3_NEG_X,14459,0.02468402376369468,-0.021905124680993527,1.5274359100178714,254.9746500996571,386.38139531257355,True,False,NOT_VERIFIED,1.1781436226017037,89.33710708662913,True,False
S104,dev,0,Rigid,ENG_MID_UP,12866,-0.035569962590743145,-0.2733145901736941,1.55485069094851,233.3279971905172,287.4173865719714,True,False,NOT_VERIFIED,,,True,False
S104,dev,0,Rigid,ENG_PAIR_1_NEG_X,13030,0.08202728593683561,-0.24550744059517798,1.5852791635442869,274.77072800961537,299.28638582967284,True,False,NOT_VERIFIED,,,True,False
S104,dev,0,Rigid,ENG_PAIR_1_POS_X,13013,-0.15723556655295695,-0.2502868222152065,1.5781755036371736,190.69975850146557,297.17219529370533,True,False,NOT_VERIFIED,,,True,False
S104,dev,0,Rigid,ENG_PAIR_3_NEG_X,14459,0.06014486329833484,0.015624203536831752,1.5896600739621563,267.0464008529721,392.7496304493432,True,False,NOT_VERIFIED,,,True,False
S104,dev,0,RigidD,ENG_MID_UP,12866,-0.03686986485148127,-0.2749654376058706,1.562139004197639,232.9251235493884,287.28308490353953,True,False,NOT_VERIFIED,26.341568171216945,35.213517457132795,True,False
S104,dev,0,RigidD,ENG_PAIR_1_NEG_X,13030,0.07669256733381245,-0.24921186448830807,1.5935207233536466,272.762809011776,298.42168938993774,True,False,NOT_VERIFIED,18.538844854725898,57.695102082778064,True,False
S104,dev,0,RigidD,ENG_PAIR_1_POS_X,13013,-0.15744087447287528,-0.2501869981146939,1.5782718203532384,190.63088868786403,297.2135808943462,True,False,NOT_VERIFIED,2.65076422324322,93.35167242994059,True,False
S104,dev,0,RigidD,ENG_PAIR_3_NEG_X,14459,0.05830534408508273,0.014646490797332795,1.5859701161040745,266.4511163603434,392.41276312803393,True,False,NOT_VERIFIED,3.224686008444957,17.835270389597294,True,False
S104,dev,1,Rigid,ENG_MID_UP,12866,-0.06641621711982376,-0.2781205855586132,1.5523710904087924,222.2719831068901,285.5011508023965,True,False,NOT_VERIFIED,,,True,False
S104,dev,1,Rigid,ENG_PAIR_1_NEG_X,13030,0.05374608389053127,-0.2554087888366265,1.5763176575741924,264.96977699693167,295.2221607097979,True,False,NOT_VERIFIED,,,True,False
S104,dev,1,Rigid,ENG_PAIR_1_POS_X,13013,-0.18553293485433528,-0.2502553631862,1.5825634919345757,180.922509718524,297.43301936196036,True,False,NOT_VERIFIED,,,True,False
S104,dev,1,RigidD,ENG_MID_UP,12866,-0.06645860592530083,-0.27950021200609004,1.5577373590310897,222.33872610874317,285.34879378551676,True,False,NOT_VERIFIED,6.691880271433098,70.78906586049649,True,False
S104,dev,1,RigidD,ENG_PAIR_1_NEG_X,13030,0.048080732769665055,-0.25870821920118425,1.5832930718554126,262.8990691515345,294.4446622456122,True,False,NOT_VERIFIED,1.7970071656302482,172.94179557340766,True,False
S104,dev,1,RigidD,ENG_PAIR_1_POS_X,13013,-0.18171920759832647,-0.25210255134460346,1.5867882097176018,182.4306884501449,297.01132458251453,True,False,NOT_VERIFIED,9.403195841190236,50.29447160697908,True,False
S104,dev,2,Rigid,ENG_MID_UP,12866,-0.0749558999052644,-0.27945652435838997,1.5544818437197188,219.2531938145891,285.1514968102338,True,False,NOT_VERIFIED,,,True,False
S104,dev,2,Rigid,ENG_PAIR_1_NEG_X,13030,0.0464410183202522,-0.2596247543087855,1.5744250509717608,262.41565018450103,293.5920127118264,True,False,NOT_VERIFIED,,,True,False
S104,dev,2,Rigid,ENG_PAIR_1_POS_X,13013,-0.1923110920306859,-0.24852883045806254,1.5883651848007654,178.7902984260304,298.3776566684785,True,False,NOT_VERIFIED,,,True,False
S104,dev,2,RigidD,ENG_MID_UP,12866,-0.07484685020352745,-0.28042930180374703,1.5574968435873726,219.34392070087068,284.9945459860247,True,False,NOT_VERIFIED,1.7006984635660642,65.09070633202327,True,False
S104,dev,2,RigidD,ENG_PAIR_1_NEG_X,13030,0.043149664604800256,-0.26157211885674114,1.5788923539479724,261.21154569194863,293.15685879667086,True,False,NOT_VERIFIED,1.9167437943751642,87.63474061896356,True,False
S104,dev,2,RigidD,ENG_PAIR_1_POS_X,13013,-0.18961904111225128,-0.24973253059855727,1.5908034374634517,179.8332173983976,298.0843547962119,True,False,NOT_VERIFIED,15.336146540738731,53.498380791264985,True,False
S107,dev,0,Official,ENG_MID_DOWN,14858,-0.038993540384793426,-0.02823915029168709,1.5847288319845363,227.65307899224211,376.6276649411354,True,False,NOT_VERIFIED,,,False,False
S107,dev,0,Official,ENG_PAIR_3_NEG_X,14459,0.07089007721005772,-0.0761466935252557,1.5918708979667726,266.07359515824965,359.4577220789436,True,False,NOT_VERIFIED,,,False,False
S107,dev,0,Official,ENG_PAIR_3_POS_X,14436,-0.14778621321250993,-0.051100154831241716,1.6185844115643364,190.58755804393377,368.761315356805,True,False,NOT_VERIFIED,,,False,False
S107,dev,0,Rigid,ENG_MID_DOWN,14858,-0.03356290310140082,-0.017112301875214182,1.504272636680588,228.92791946420436,380.3137611911949,True,False,NOT_VERIFIED,,,True,False
S107,dev,0,Rigid,ENG_PAIR_3_NEG_X,14459,0.07663730942870488,-0.06403730078902344,1.512904487939784,269.47628309170125,362.6081443162179,True,False,NOT_VERIFIED,,,True,False
S107,dev,0,Rigid,ENG_PAIR_3_POS_X,14436,-0.14280972310818935,-0.041688719243482844,1.5353500156882407,189.63808188091045,371.28877467618145,True,False,NOT_VERIFIED,,,True,False
S107,dev,0,RigidD,ENG_MID_DOWN,14858,-0.032290967217314705,-0.014668696247623588,1.5143553678345696,229.47721839159172,381.2801514062997,True,False,NOT_VERIFIED,1.9714934296733047,149.8294274651402,True,False
S107,dev,0,RigidD,ENG_PAIR_3_NEG_X,14459,0.07168175790826625,-0.0594241262977305,1.5268755960388138,267.4151426973132,364.55801735256983,True,False,NOT_VERIFIED,2.19083148477082,189.48400048930904,True,False
S107,dev,0,RigidD,ENG_PAIR_3_POS_X,14436,-0.13545437931795476,-0.0383712837262086,1.5485364104284547,192.7177543802819,372.64652750284546,True,False,NOT_VERIFIED,1.7601535798239047,86.3242157841103,True,False
S107,dev,1,Official,ENG_MID_DOWN,14858,-0.038993540384793426,-0.02823915029168709,1.5847288319845363,227.65307899224211,376.6276649411354,True,False,NOT_VERIFIED,,,False,False
S107,dev,1,Official,ENG_PAIR_3_NEG_X,14459,0.07089007721005772,-0.0761466935252557,1.5918708979667726,266.07359515824965,359.4577220789436,True,False,NOT_VERIFIED,,,False,False
S107,dev,1,Official,ENG_PAIR_3_POS_X,14436,-0.14778621321250993,-0.051100154831241716,1.6185844115643364,190.58755804393377,368.761315356805,True,False,NOT_VERIFIED,,,False,False
S107,dev,1,Rigid,ENG_MID_DOWN,14858,-0.04309584688773026,-0.017370752170601186,1.506179673078074,225.42644015595312,380.22384193807704,True,False,NOT_VERIFIED,,,True,False
S107,dev,1,Rigid,ENG_PAIR_3_NEG_X,14459,0.06661646913308718,-0.06596068386828308,1.5109522480502706,265.8271450529778,361.84867231413875,True,False,NOT_VERIFIED,,,True,False
S107,dev,1,Rigid,ENG_PAIR_3_POS_X,14436,-0.15160484704549654,-0.04046451689469446,1.5407794761681264,186.64813369239587,371.79801565626184,True,False,NOT_VERIFIED,,,True,False
S107,dev,1,RigidD,ENG_MID_DOWN,14858,-0.0415291456801308,-0.015031512283367746,1.5154964408019747,226.0986698822232,381.14737423112405,True,False,NOT_VERIFIED,1.2300208537259578,145.93680008326078,True,False
S107,dev,1,RigidD,ENG_PAIR_3_NEG_X,14459,0.06240662189222796,-0.06079773460570226,1.5264440765963225,264.045887856875,364.03695739906294,True,False,NOT_VERIFIED,1.8943793148632526,189.0951504903412,True,False
S107,dev,1,RigidD,ENG_PAIR_3_POS_X,14436,-0.14367441396733194,-0.03747855836561069,1.55310356016056,189.9195456729353,373.0170207605397,True,False,NOT_VERIFIED,1.1773354748976395,87.6955797674128,True,False
S107,dev,2,Official,ENG_MID_DOWN,14858,-0.038993540384793426,-0.02823915029168709,1.5847288319845363,227.65307899224211,376.6276649411354,True,False,NOT_VERIFIED,,,False,False
S107,dev,2,Official,ENG_PAIR_3_NEG_X,14459,0.07089007721005772,-0.0761466935252557,1.5918708979667726,266.07359515824965,359.4577220789436,True,False,NOT_VERIFIED,,,False,False
S107,dev,2,Official,ENG_PAIR_3_POS_X,14436,-0.14778621321250993,-0.051100154831241716,1.6185844115643364,190.58755804393377,368.761315356805,True,False,NOT_VERIFIED,,,False,False
S107,dev,2,Rigid,ENG_MID_DOWN,14858,-0.03820648057579994,-0.029056849721817275,1.5002466387362985,227.17462433402275,375.74185689145884,True,False,NOT_VERIFIED,,,True,False
S107,dev,2,Rigid,ENG_PAIR_3_NEG_X,14459,0.07212366164255853,-0.07599665011978829,1.5069149276905793,267.92367295709334,357.9719982280734,True,False,NOT_VERIFIED,,,True,False
S107,dev,2,Rigid,ENG_PAIR_3_POS_X,14436,-0.14699557597936777,-0.05396547685294986,1.5326374472158026,188.02889052597035,366.6791027007399,True,False,NOT_VERIFIED,,,True,False
S107,dev,2,RigidD,ENG_MID_DOWN,14858,-0.035538514146528866,-0.024914501421093763,1.519234851331708,228.32739086617048,377.440063594381,True,False,NOT_VERIFIED,1.188720324774735,94.78687232005156,True,False
S107,dev,2,RigidD,ENG_PAIR_3_NEG_X,14459,0.06507446325645729,-0.06917647614549433,1.529134029785279,264.97544556012735,360.94258836068576,True,False,NOT_VERIFIED,2.900879494561591,56.513308991703376,True,False
S107,dev,2,RigidD,ENG_PAIR_3_POS_X,14436,-0.13577743930422678,-0.04944050457336215,1.5522464653518786,192.7182798747838,368.60111815057905,True,False,NOT_VERIFIED,5.0531384916703255,149.74527132872166,True,False
S114,consumed_test,0,Official,ENG_MID_DOWN,14858,0.0016761170202481506,0.1387757296256066,1.6407476820516775,237.56992340504775,427.9958520634423,True,False,NOT_VERIFIED,,,False,False
S114,consumed_test,0,Official,ENG_PAIR_3_NEG_X,14459,0.09752004693562337,0.10241772075438968,1.6632920949257242,269.7847720683832,414.8533987153544,True,False,NOT_VERIFIED,,,False,False
S114,consumed_test,0,Official,ENG_PAIR_3_POS_X,14436,-0.0938056053901451,0.10638766375042367,1.6588119644529975,205.37618663258795,416.3156040967505,True,False,NOT_VERIFIED,,,False,False
S114,consumed_test,0,Rigid,ENG_MID_DOWN,14858,0.0217386809963657,0.15868834198766918,1.5425934612237588,244.87903286642378,438.44466969882086,True,False,NOT_VERIFIED,,,True,False
S114,consumed_test,0,Rigid,ENG_PAIR_1_NEG_X,13030,0.13023270911781756,-0.15561013708875393,1.563877404755346,283.56604619977645,322.8335349879294,True,False,NOT_VERIFIED,,,True,False
S114,consumed_test,0,Rigid,ENG_PAIR_2_NEG_X,13846,0.11505333249842038,-0.018816977176135806,1.6028637418202152,277.13771172079225,372.97043330742486,True,False,NOT_VERIFIED,,,True,False
S114,consumed_test,0,Rigid,ENG_PAIR_3_NEG_X,14459,0.11764314408827284,0.12356645386908827,1.5667802592048317,278.98645193435345,424.73141570257684,True,False,NOT_VERIFIED,,,True,False
S114,consumed_test,0,Rigid,ENG_PAIR_3_POS_X,14436,-0.0735174320290176,0.12382415767576939,1.556835160835339,210.59209767221034,425.11378797434287,True,False,NOT_VERIFIED,,,True,False
S114,consumed_test,0,RigidD,ENG_MID_DOWN,14858,0.02122743840169534,0.16022490745084927,1.5473532298827652,244.67003487535365,438.8311881905377,True,False,NOT_VERIFIED,0.5392562372517582,163.66703228673626,True,False
S114,consumed_test,0,RigidD,ENG_PAIR_1_NEG_X,13030,0.12231798221190253,-0.15877279296548696,1.570813890802249,280.5428358457671,321.9343500293413,True,False,NOT_VERIFIED,11.586774516004787,17.65055625146776,True,False
S114,consumed_test,0,RigidD,ENG_PAIR_2_NEG_X,13846,0.1159462442849308,-0.01844050560909079,1.597609662617808,277.5822550747443,373.0829965194582,True,False,NOT_VERIFIED,3.896015017590626,63.93850889398522,True,False
S114,consumed_test,0,RigidD,ENG_PAIR_3_NEG_X,14459,0.1081902606106622,0.1295862377675597,1.5817494242841434,275.24721206069324,426.4791792879445,True,False,NOT_VERIFIED,2.937693914833705,140.88898902116543,True,False
S114,consumed_test,0,RigidD,ENG_PAIR_3_POS_X,14436,-0.06684938447706448,0.12874793924887246,1.5705843269693305,213.19738067051102,426.5069729568819,True,False,NOT_VERIFIED,2.013589504338395,147.22766112019139,True,False
S114,consumed_test,1,Official,ENG_MID_DOWN,14858,0.0016761170202481506,0.1387757296256066,1.6407476820516775,237.56992340504775,427.9958520634423,True,False,NOT_VERIFIED,,,False,False
S114,consumed_test,1,Official,ENG_PAIR_3_NEG_X,14459,0.09752004693562337,0.10241772075438968,1.6632920949257242,269.7847720683832,414.8533987153544,True,False,NOT_VERIFIED,,,False,False
S114,consumed_test,1,Official,ENG_PAIR_3_POS_X,14436,-0.0938056053901451,0.10638766375042367,1.6588119644529975,205.37618663258795,416.3156040967505,True,False,NOT_VERIFIED,,,False,False
S114,consumed_test,1,Rigid,ENG_MID_DOWN,14858,0.022390738898305534,0.15927763697633857,1.5421423846868887,245.1177806551763,438.68015908716933,True,False,NOT_VERIFIED,,,True,False
S114,consumed_test,1,Rigid,ENG_PAIR_1_NEG_X,13030,0.12984863149254253,-0.15544597132494903,1.5623746865097168,283.4733685669597,322.8388884486991,True,False,NOT_VERIFIED,,,True,False
S114,consumed_test,1,Rigid,ENG_PAIR_2_NEG_X,13846,0.11531482197378111,-0.018676419417233484,1.601688483108408,277.2584578794588,373.0156450969789,True,False,NOT_VERIFIED,,,True,False
S114,consumed_test,1,Rigid,ENG_PAIR_3_NEG_X,14459,0.11826637014387142,0.12376740888834228,1.5658721402048257,279.233365883439,424.8308589150048,True,False,NOT_VERIFIED,,,True,False
S114,consumed_test,1,Rigid,ENG_PAIR_3_POS_X,14436,-0.0729307173835585,0.12472467785512828,1.5567018287881536,210.80059481367866,425.4481505039313,True,False,NOT_VERIFIED,,,True,False
S114,consumed_test,1,RigidD,ENG_MID_DOWN,14858,0.021866954523026803,0.16084334717360213,1.5471345227215223,244.90226607214012,439.0679074529319,True,False,NOT_VERIFIED,0.7161515975786131,352.5864954717233,True,False
S114,consumed_test,1,RigidD,ENG_PAIR_1_NEG_X,13030,0.12343428020969412,-0.15868922106526134,1.5698242049005544,280.96793113772117,321.92835921255863,True,False,NOT_VERIFIED,11.88265466607026,82.70628383856213,True,False
S114,consumed_test,1,RigidD,ENG_PAIR_2_NEG_X,13846,0.1154143901473689,-0.01820749275440483,1.597509658283943,277.3986240154222,373.16590992724247,True,False,NOT_VERIFIED,4.136403707309153,225.62356525426182,True,False
S114,consumed_test,1,RigidD,ENG_PAIR_3_NEG_X,14459,0.1090859508473126,0.12995017562346362,1.5813834322824278,275.5727911801357,426.62148367297425,True,False,NOT_VERIFIED,3.8538302556746693,357.5924715813338,True,False
S114,consumed_test,1,RigidD,ENG_PAIR_3_POS_X,14436,-0.06658226897775146,0.12950649746440343,1.5701555469061281,213.2860117041938,426.79575010536564,True,False,NOT_VERIFIED,1.2076449158693912,310.7843609127213,True,False
S114,consumed_test,2,Official,ENG_MID_DOWN,14858,0.0016761170202481506,0.1387757296256066,1.6407476820516775,237.56992340504775,427.9958520634423,True,False,NOT_VERIFIED,,,False,False
S114,consumed_test,2,Official,ENG_PAIR_3_NEG_X,14459,0.09752004693562337,0.10241772075438968,1.6632920949257242,269.7847720683832,414.8533987153544,True,False,NOT_VERIFIED,,,False,False
S114,consumed_test,2,Official,ENG_PAIR_3_POS_X,14436,-0.0938056053901451,0.10638766375042367,1.6588119644529975,205.37618663258795,416.3156040967505,True,False,NOT_VERIFIED,,,False,False
S114,consumed_test,2,Rigid,ENG_MID_DOWN,14858,0.015789848699726387,0.14911028707072693,1.5426627510853226,242.7222998426629,434.8951094406608,True,False,NOT_VERIFIED,,,True,False
S114,consumed_test,2,Rigid,ENG_PAIR_1_NEG_X,13030,0.12139335134623959,-0.1661284080415314,1.5645707330265104,280.38611734499636,319.0181670254299,True,False,NOT_VERIFIED,,,True,False
S114,consumed_test,2,Rigid,ENG_PAIR_3_NEG_X,14459,0.11149587912266365,0.11316552709853653,1.566422890684318,276.80152255367096,420.948473420335,True,False,NOT_VERIFIED,,,True,False
S114,consumed_test,2,Rigid,ENG_PAIR_3_POS_X,14436,-0.0797093074607191,0.11521921333333149,1.5576083430051657,208.38226267599023,421.93524845410053,True,False,NOT_VERIFIED,,,True,False
S114,consumed_test,2,RigidD,ENG_MID_DOWN,14858,0.015479482615717365,0.15166511917503722,1.5503634862766056,242.58192518803907,435.5622376409291,True,False,NOT_VERIFIED,0.47048467199402133,201.04587046446179,True,False
S114,consumed_test,2,RigidD,ENG_PAIR_1_NEG_X,13030,0.11378758169036264,-0.16925702328928377,1.5697198044964256,277.5343191214372,318.0785325462581,True,False,NOT_VERIFIED,4.3974245927811415,74.18389815220632,True,False
S114,consumed_test,2,RigidD,ENG_PAIR_3_NEG_X,14459,0.10471362290104796,0.11819784403888459,1.5786298394747145,274.0912705465062,422.45043239649254,True,False,NOT_VERIFIED,6.1194731398086715,249.3488605483467,True,False
S114,consumed_test,2,RigidD,ENG_PAIR_3_POS_X,14436,-0.07262494461663106,0.1211714876794953,1.5736136431159764,211.19080753323874,423.6663141142751,True,False,NOT_VERIFIED,9.33813348134972,120.74838905238252,True,False
S118,consumed_test,0,Official,ENG_MID_DOWN,14858,0.00475710844593829,0.008026313105420272,1.7195784898701867,231.78110630065743,392.8310142760591,True,False,NOT_VERIFIED,,,False,False
S118,consumed_test,0,Official,ENG_PAIR_3_NEG_X,14459,0.07758545054883931,-0.044783587476111164,1.7784558292502188,254.06046812277853,375.5870741500188,True,False,NOT_VERIFIED,,,False,False
S118,consumed_test,0,Official,ENG_PAIR_3_POS_X,14436,-0.09787368452165791,-0.01169457505529883,1.6975050433695658,198.83334396814888,386.154487435339,True,False,NOT_VERIFIED,,,False,False
S118,consumed_test,0,Rigid,ENG_MID_DOWN,14858,-0.007270294532795351,0.032300212904373675,1.538620141707544,227.69607990777658,402.262347665587,True,False,NOT_VERIFIED,,,True,False
S118,consumed_test,0,Rigid,ENG_PAIR_3_NEG_X,14459,0.07346768841340275,-0.019530250373667592,1.587142046982615,255.51315306772204,383.0255959803142,True,False,NOT_VERIFIED,,,True,False
S118,consumed_test,0,Rigid,ENG_PAIR_3_POS_X,14436,-0.11099937861992035,0.00941303377674335,1.527409241589941,190.64638317313558,393.69477206240884,True,False,NOT_VERIFIED,,,True,False
S118,consumed_test,0,RigidD,ENG_MID_DOWN,14858,-0.009882677206044143,0.03589424184070141,1.5488110787186733,226.79331211836413,403.523129704377,True,False,NOT_VERIFIED,11.242804496177378,219.2985765674611,True,False
S118,consumed_test,0,RigidD,ENG_PAIR_3_NEG_X,14459,0.06578202570539689,-0.012550265933997527,1.5978603827158806,252.72107092358567,385.5969121201403,True,False,NOT_VERIFIED,3.5787179160603384,183.16602518940823,True,False
S118,consumed_test,0,RigidD,ENG_PAIR_3_POS_X,14436,-0.10710673473367865,0.014373313941076165,1.5409416375498566,192.37182829240209,395.52315126351766,True,False,NOT_VERIFIED,2.979689021497649,206.2227057674549,True,False
S118,consumed_test,1,Official,ENG_MID_DOWN,14858,0.00475710844593829,0.008026313105420272,1.7195784898701867,231.78110630065743,392.8310142760591,True,False,NOT_VERIFIED,,,False,False
S118,consumed_test,1,Official,ENG_PAIR_3_NEG_X,14459,0.07758545054883931,-0.044783587476111164,1.7784558292502188,254.06046812277853,375.5870741500188,True,False,NOT_VERIFIED,,,False,False
S118,consumed_test,1,Official,ENG_PAIR_3_POS_X,14436,-0.09787368452165791,-0.01169457505529883,1.6975050433695658,198.83334396814888,386.154487435339,True,False,NOT_VERIFIED,,,False,False
S118,consumed_test,1,Rigid,ENG_MID_DOWN,14858,-0.005045593621005666,0.029690086747609565,1.5413282095376717,228.48764228617787,401.26272946249844,True,False,NOT_VERIFIED,,,True,False
S118,consumed_test,1,Rigid,ENG_PAIR_3_NEG_X,14459,0.07507616274272741,-0.022790547491520992,1.5901716460712443,256.01661860844564,381.8546720625148,True,False,NOT_VERIFIED,,,True,False
S118,consumed_test,1,Rigid,ENG_PAIR_3_POS_X,14436,-0.1088178312002752,0.007417197947267819,1.5293085894230336,191.4734323029116,392.9364051321699,True,False,NOT_VERIFIED,,,True,False
S118,consumed_test,1,RigidD,ENG_MID_DOWN,14858,-0.007237518100748764,0.03257278932824057,1.5494435865315381,227.72561269929312,402.27926019520964,True,False,NOT_VERIFIED,0.6843000236518056,132.21168501916267,True,False
S118,consumed_test,1,RigidD,ENG_PAIR_3_NEG_X,14459,0.06717775789917349,-0.015714340861847587,1.6009866432942181,253.15260610391854,384.46402764399676,True,False,NOT_VERIFIED,4.448810512241858,105.36158017710721,True,False
S118,consumed_test,1,RigidD,ENG_PAIR_3_POS_X,14436,-0.10559838257339076,0.011750520292470795,1.5412132221923054,192.91215857714,394.53907049374686,True,False,NOT_VERIFIED,3.613096744827967,118.06929424025543,True,False
S118,consumed_test,2,Official,ENG_MID_DOWN,14858,0.00475710844593829,0.008026313105420272,1.7195784898701867,231.78110630065743,392.8310142760591,True,False,NOT_VERIFIED,,,False,False
S118,consumed_test,2,Official,ENG_PAIR_3_NEG_X,14459,0.07758545054883931,-0.044783587476111164,1.7784558292502188,254.06046812277853,375.5870741500188,True,False,NOT_VERIFIED,,,False,False
S118,consumed_test,2,Official,ENG_PAIR_3_POS_X,14436,-0.09787368452165791,-0.01169457505529883,1.6975050433695658,198.83334396814888,386.154487435339,True,False,NOT_VERIFIED,,,False,False
S118,consumed_test,2,Rigid,ENG_MID_DOWN,14858,-0.007168871739322322,0.03149823423551977,1.5387748053897903,227.7322788974499,401.96003764104927,True,False,NOT_VERIFIED,,,True,False
S118,consumed_test,2,Rigid,ENG_PAIR_1_NEG_X,13030,0.041782918170710254,-0.25945494458257545,1.5959751501900852,244.54809947877257,296.217123229991,True,False,NOT_VERIFIED,,,True,False
S118,consumed_test,2,Rigid,ENG_PAIR_3_NEG_X,14459,0.07403463673243049,-0.01987831191027119,1.5870017151328717,255.7101827004874,382.89826383858355,True,False,NOT_VERIFIED,,,True,False
S118,consumed_test,2,Rigid,ENG_PAIR_3_POS_X,14436,-0.11080417976663057,0.008020059767934747,1.5279245340026064,190.72940867374476,393.1668860620183,True,False,NOT_VERIFIED,,,True,False
S118,consumed_test,2,RigidD,ENG_MID_DOWN,14858,-0.009511845624700789,0.03461948367208492,1.54790708157799,226.9219121668693,403.05518327638686,True,False,NOT_VERIFIED,1.903049052851596,134.46120120397293,True,False
S118,consumed_test,2,RigidD,ENG_PAIR_3_NEG_X,14459,0.06578851025439654,-0.012627172674008626,1.5983407848192952,252.7165359717991,385.57047848895434,True,False,NOT_VERIFIED,3.5155860001382546,89.84041348417418,True,False
S118,consumed_test,2,RigidD,ENG_PAIR_3_POS_X,14436,-0.10747196133237412,0.012973294780468147,1.5412697277818854,192.2506846276352,394.99723850857623,True,False,NOT_VERIFIED,3.476524938639332,104.3032093193479,True,False
S121,consumed_test,0,Official,ENG_MID_DOWN,14858,-0.06723775494386956,0.09153225799887219,1.6102144064871677,220.4225663598901,423.07830140376046,True,False,NOT_VERIFIED,,,False,False
S121,consumed_test,0,Official,ENG_PAIR_3_NEG_X,14459,0.03576580679459463,0.052772757065505604,1.6295448533880637,255.6247087846541,408.94699431453483,True,False,NOT_VERIFIED,,,False,False
S121,consumed_test,0,Official,ENG_PAIR_3_POS_X,14436,-0.17162040365153966,0.06323837447651406,1.6321761111934878,185.3940253753445,412.62131232398343,True,False,NOT_VERIFIED,,,False,False
S121,consumed_test,0,Rigid,ENG_MID_DOWN,14858,-0.07959591619022968,0.06074790474269005,1.5199566297516416,214.55960491444503,413.3273313637713,True,False,NOT_VERIFIED,,,True,False
S121,consumed_test,0,Rigid,ENG_PAIR_3_NEG_X,14459,0.02537386211223409,0.024677059372892635,1.5328383446313216,252.64364951961818,399.5379636184641,True,False,NOT_VERIFIED,,,True,False
S121,consumed_test,0,Rigid,ENG_PAIR_3_POS_X,14436,-0.18182534608943568,0.0285318676178501,1.5462219735351803,178.51715181144047,400.89778233293254,True,False,NOT_VERIFIED,,,True,False
S121,consumed_test,0,RigidD,ENG_MID_DOWN,14858,-0.07963842149416761,0.061677064171793944,1.522060628009614,214.58417411656933,413.6480984654224,True,False,NOT_VERIFIED,22.20292882573157,40.91502322387857,True,False
S121,consumed_test,0,RigidD,ENG_PAIR_3_NEG_X,14459,0.020765858984927235,0.027229418270557634,1.5419109505201354,250.9384496392837,400.4395760813227,True,False,NOT_VERIFIED,3.794525907053626,32.010511922235985,True,False
S121,consumed_test,0,RigidD,ENG_PAIR_3_POS_X,14436,-0.18004495748330906,0.02951505687783907,1.550068781272545,179.3130943955368,401.2377763092006,True,False,NOT_VERIFIED,2.47529232520594,5.357559721444448,True,False
S121,consumed_test,1,Official,ENG_MID_DOWN,14858,-0.06723775494386956,0.09153225799887219,1.6102144064871677,220.4225663598901,423.07830140376046,True,False,NOT_VERIFIED,,,False,False
S121,consumed_test,1,Official,ENG_PAIR_3_NEG_X,14459,0.03576580679459463,0.052772757065505604,1.6295448533880637,255.6247087846541,408.94699431453483,True,False,NOT_VERIFIED,,,False,False
S121,consumed_test,1,Official,ENG_PAIR_3_POS_X,14436,-0.17162040365153966,0.06323837447651406,1.6321761111934878,185.3940253753445,412.62131232398343,True,False,NOT_VERIFIED,,,False,False
S121,consumed_test,1,Rigid,ENG_MID_DOWN,14858,-0.08868147172490498,0.054119763619382685,1.521693497423883,211.29336703618156,410.78449267703434,True,False,NOT_VERIFIED,,,True,False
S121,consumed_test,1,Rigid,ENG_PAIR_3_POS_X,14436,-0.19005082012710373,0.02242910052736682,1.5516694001945286,175.81603488428973,398.5881006274206,True,False,NOT_VERIFIED,,,True,False
S121,consumed_test,1,RigidD,ENG_MID_DOWN,14858,-0.08796999504274466,0.056665954165206874,1.5291240562285966,211.70695910759738,411.64665099581873,True,False,NOT_VERIFIED,2.6103468165658232,100.04135271982398,True,False
S121,consumed_test,1,RigidD,ENG_PAIR_3_POS_X,14436,-0.18816742870631742,0.023223372441390465,1.5548069582969797,176.62196842294796,398.8663844193078,True,False,NOT_VERIFIED,12.888458855395683,3.867410129011054,True,False
S121,consumed_test,2,Official,ENG_MID_DOWN,14858,-0.06723775494386956,0.09153225799887219,1.6102144064871677,220.4225663598901,423.07830140376046,True,False,NOT_VERIFIED,,,False,False
S121,consumed_test,2,Official,ENG_PAIR_3_NEG_X,14459,0.03576580679459463,0.052772757065505604,1.6295448533880637,255.6247087846541,408.94699431453483,True,False,NOT_VERIFIED,,,False,False
S121,consumed_test,2,Official,ENG_PAIR_3_POS_X,14436,-0.17162040365153966,0.06323837447651406,1.6321761111934878,185.3940253753445,412.62131232398343,True,False,NOT_VERIFIED,,,False,False
S121,consumed_test,2,Rigid,ENG_MID_DOWN,14858,-0.08391219796984495,0.06191724846927861,1.5200550582094507,212.9924041084486,413.7702753999389,True,False,NOT_VERIFIED,,,True,False
S121,consumed_test,2,Rigid,ENG_PAIR_3_NEG_X,14459,0.021047538068252426,0.02542569601428411,1.5317819175945941,251.0892731487512,399.82673851138736,True,False,NOT_VERIFIED,,,True,False
S121,consumed_test,2,Rigid,ENG_PAIR_3_POS_X,14436,-0.18596291835930254,0.030187423476082817,1.5475771646605778,177.09669314813462,401.5064931765353,True,False,NOT_VERIFIED,,,True,False
S121,consumed_test,2,RigidD,ENG_MID_DOWN,14858,-0.08366309430608332,0.0634898852359125,1.5242766673889192,213.16719235221092,414.30116382703244,True,False,NOT_VERIFIED,2.1330003927724297,52.05161031297206,True,False
S121,consumed_test,2,RigidD,ENG_PAIR_3_NEG_X,14459,0.016965973987842886,0.02781289263166197,1.5401755559541894,249.58352882772382,400.66993919421304,True,False,NOT_VERIFIED,4.9450475299372885,23.66341687628774,True,False
S121,consumed_test,2,RigidD,ENG_PAIR_3_POS_X,14436,-0.18342619102671504,0.03128574684042466,1.5517911098265902,178.18030777039786,401.88479933900334,True,False,NOT_VERIFIED,1.2800549249094837,34.43640678375637,True,False
S130,consumed_test,0,Official,ENG_MID_DOWN,14858,-0.025317722865781447,-0.10095786753243895,1.7057314590775,227.5084610471609,409.9249217628121,True,False,NOT_VERIFIED,,,False,False
S130,consumed_test,0,Official,ENG_PAIR_3_NEG_X,14459,0.06775902733576797,-0.13918122261139265,1.7374213553252562,257.46097922720327,397.79206111325715,True,False,NOT_VERIFIED,,,False,False
S130,consumed_test,0,Official,ENG_PAIR_3_POS_X,14436,-0.12414880934728376,-0.12821143445298686,1.716095596808553,195.520712219527,400.92194099507384,True,False,NOT_VERIFIED,,,False,False
S130,consumed_test,0,Rigid,ENG_MID_DOWN,14858,-0.03426822107912469,-0.038157157387527195,1.5528366705200412,223.4889766331282,429.99985750653696,True,False,NOT_VERIFIED,,,True,False
S130,consumed_test,0,Rigid,ENG_PAIR_1_POS_X,13013,-0.16503647896473894,-0.3161025302662026,1.5207580211687342,175.3945181249168,323.7029710893084,True,False,NOT_VERIFIED,,,True,False
S130,consumed_test,0,Rigid,ENG_PAIR_3_NEG_X,14459,0.059892219027773315,-0.08219081475498825,1.5708201174501288,256.97601285813863,413.9056637819948,True,False,NOT_VERIFIED,,,True,False
S130,consumed_test,0,Rigid,ENG_PAIR_3_POS_X,14436,-0.13264201411555684,-0.06396153684439818,1.5694043124882344,188.74851682147636,420.61465837712143,True,False,NOT_VERIFIED,,,True,False
S130,consumed_test,0,RigidD,ENG_MID_DOWN,14858,-0.03441224936241331,-0.04078137922767584,1.5391313831273132,223.32760285253818,428.8841422361693,True,False,NOT_VERIFIED,0.9665533049340711,276.89849538398556,True,False
S130,consumed_test,0,RigidD,ENG_PAIR_3_NEG_X,14459,0.056861743735159835,-0.08177727496334955,1.5694914731363419,255.91983102273485,414.03278457976376,True,False,NOT_VERIFIED,6.34874704878273,219.4320265041121,True,False
S130,consumed_test,0,RigidD,ENG_PAIR_3_POS_X,14436,-0.12859580058628567,-0.06392289533157205,1.5702318481818058,190.2067803235791,420.64138683671007,True,False,NOT_VERIFIED,2.790937326273456,303.82963712148546,True,False
S130,consumed_test,1,Official,ENG_MID_DOWN,14858,-0.025317722865781447,-0.10095786753243895,1.7057314590775,227.5084610471609,409.9249217628121,True,False,NOT_VERIFIED,,,False,False
S130,consumed_test,1,Official,ENG_PAIR_3_NEG_X,14459,0.06775902733576797,-0.13918122261139265,1.7374213553252562,257.46097922720327,397.79206111325715,True,False,NOT_VERIFIED,,,False,False
S130,consumed_test,1,Official,ENG_PAIR_3_POS_X,14436,-0.12414880934728376,-0.12821143445298686,1.716095596808553,195.520712219527,400.92194099507384,True,False,NOT_VERIFIED,,,False,False
S130,consumed_test,1,Rigid,ENG_MID_DOWN,14858,-0.03438566892745981,-0.03401961532498226,1.5535708649288518,223.4527228830484,431.5511446588243,True,False,NOT_VERIFIED,,,True,False
S130,consumed_test,1,Rigid,ENG_PAIR_1_POS_X,13013,-0.16614719359049326,-0.31138185017225484,1.5205239495159453,174.9788585737629,325.4849530668215,True,False,NOT_VERIFIED,,,True,False
S130,consumed_test,1,Rigid,ENG_PAIR_3_NEG_X,14459,0.059567899897656006,-0.07845786701428606,1.5716408543474787,256.8501401962255,415.2990050435642,True,False,NOT_VERIFIED,,,True,False
S130,consumed_test,1,Rigid,ENG_PAIR_3_POS_X,14436,-0.13289188939619795,-0.05948869247131678,1.5698683050405264,188.673867374752,422.27403163202365,True,False,NOT_VERIFIED,,,True,False
S130,consumed_test,1,RigidD,ENG_MID_DOWN,14858,-0.03444234618523037,-0.036921835840613204,1.5385260361965183,223.31182668640122,430.3329600220748,True,False,NOT_VERIFIED,1.1706182672042975,162.8998090977205,True,False
S130,consumed_test,1,RigidD,ENG_PAIR_3_NEG_X,14459,0.05782870181059152,-0.07858606182402847,1.5687727132462963,256.2719557990471,415.19868181344924,True,False,NOT_VERIFIED,2.631306422326583,165.53072781636976,True,False
S130,consumed_test,1,RigidD,ENG_PAIR_3_POS_X,14436,-0.12847428906369607,-0.05994982346030668,1.5699097675158449,190.24049126819853,422.1042625343865,True,False,NOT_VERIFIED,4.770460917503585,103.94745955410107,True,False
S130,consumed_test,2,Official,ENG_MID_DOWN,14858,-0.025317722865781447,-0.10095786753243895,1.7057314590775,227.5084610471609,409.9249217628121,True,False,NOT_VERIFIED,,,False,False
S130,consumed_test,2,Official,ENG_PAIR_3_NEG_X,14459,0.06775902733576797,-0.13918122261139265,1.7374213553252562,257.46097922720327,397.79206111325715,True,False,NOT_VERIFIED,,,False,False
S130,consumed_test,2,Official,ENG_PAIR_3_POS_X,14436,-0.12414880934728376,-0.12821143445298686,1.716095596808553,195.520712219527,400.92194099507384,True,False,NOT_VERIFIED,,,False,False
S130,consumed_test,2,Rigid,ENG_MID_DOWN,14858,-0.03262319235110156,-0.035406020894306105,1.553795827186705,224.08551737879296,431.0355104044328,True,False,NOT_VERIFIED,,,True,False
S130,consumed_test,2,Rigid,ENG_PAIR_1_POS_X,13013,-0.16344422711972462,-0.3131118608333918,1.5199087995049778,175.94356385007188,324.7767657306263,True,False,NOT_VERIFIED,,,True,False
S130,consumed_test,2,Rigid,ENG_PAIR_3_NEG_X,14459,0.06131872823089268,-0.07959949828801578,1.5725150135735362,257.45779879707,414.8940602507227,True,False,NOT_VERIFIED,,,True,False
S130,consumed_test,2,Rigid,ENG_PAIR_3_POS_X,14436,-0.13117254666036113,-0.0611248328735309,1.5694266746212018,189.27005398272854,421.66324373150167,True,False,NOT_VERIFIED,,,True,False
S130,consumed_test,2,RigidD,ENG_MID_DOWN,14858,-0.03258615704341218,-0.038261860486583324,1.5387437874368917,223.98465313939042,429.82987561483105,True,False,NOT_VERIFIED,1.2446640436302077,147.0375065523195,True,False
S130,consumed_test,2,RigidD,ENG_PAIR_3_NEG_X,14459,0.058896317243944146,-0.07946161145148242,1.5702704422909082,256.63062011285376,414.9030233334491,True,False,NOT_VERIFIED,1.6660260208669464,108.51586327876244,True,False
S130,consumed_test,2,RigidD,ENG_PAIR_3_POS_X,14436,-0.12692749153286628,-0.06162451048844132,1.5691403084829387,190.7665449032066,421.47444173773414,True,False,NOT_VERIFIED,3.803121397864893,102.4315584191128,True,False
S134,consumed_test,0,Official,ENG_MID_DOWN,14858,-0.02442469425016249,0.0058657511221024,1.7498592827219532,230.60814954183923,390.18427664104274,True,False,NOT_VERIFIED,,,False,False
S134,consumed_test,0,Rigid,ENG_MID_DOWN,14858,-0.04173876680766948,0.03964290291308618,1.5401953015797565,223.32311358698075,403.14346854128087,True,False,NOT_VERIFIED,,,True,False
S134,consumed_test,0,Rigid,ENG_PAIR_3_NEG_X,14459,0.05741813830322929,-0.0013236486351019077,1.5526936464715186,258.84554108206737,387.750320167208,True,False,NOT_VERIFIED,,,True,False
S134,consumed_test,0,Rigid,ENG_PAIR_3_POS_X,14436,-0.14289418739759988,0.01438654967947106,1.569157056725299,187.86427768455258,393.5511465681988,True,False,NOT_VERIFIED,,,True,False
S134,consumed_test,0,RigidD,ENG_MID_DOWN,14858,-0.04152349603860977,0.0390338411184251,1.5382895276800894,223.38207881013668,402.9327299994173,True,False,NOT_VERIFIED,22.025048797604196,64.68685927033225,True,False
S134,consumed_test,0,RigidD,ENG_PAIR_3_NEG_X,14459,0.055472452112037586,-5.265091381844388e-05,1.5555271050061559,258.1148065475058,388.2242112909801,True,False,NOT_VERIFIED,2.3787895265921404,15.668258539384015,True,False
S134,consumed_test,0,RigidD,ENG_PAIR_3_POS_X,14436,-0.13607239748533057,0.016053007767348422,1.5751180666100157,190.45620036340483,394.1435074234218,True,False,NOT_VERIFIED,3.3658697181073745,19.105130103060898,True,False
S134,consumed_test,1,Official,ENG_MID_DOWN,14858,-0.02442469425016249,0.0058657511221024,1.7498592827219532,230.60814954183923,390.18427664104274,True,False,NOT_VERIFIED,,,False,False
S134,consumed_test,1,Rigid,ENG_MID_DOWN,14858,-0.03956800822020533,0.03500089616250148,1.540545463907469,224.10765497889096,401.3957944297138,True,False,NOT_VERIFIED,,,True,False
S134,consumed_test,1,Rigid,ENG_PAIR_3_NEG_X,14459,0.05972062368218434,-0.005362840146868049,1.5539281081923257,259.6506478291498,386.2460107764218,True,False,NOT_VERIFIED,,,True,False
S134,consumed_test,1,Rigid,ENG_PAIR_3_POS_X,14436,-0.14080328702338146,0.009229057557670787,1.568764542827004,188.59050339113722,391.6493481683177,True,False,NOT_VERIFIED,,,True,False
S134,consumed_test,1,RigidD,ENG_MID_DOWN,14858,-0.03973922817791037,0.0333582699405771,1.5358975244280857,224.0027690507747,400.81649144875684,True,False,NOT_VERIFIED,0.7230908368933198,48.31820484685316,True,False
S134,consumed_test,1,RigidD,ENG_PAIR_3_NEG_X,14459,0.057041079476098905,-0.0035327257028085323,1.5579551096400905,258.6421454387037,386.93117656009133,True,False,NOT_VERIFIED,1.6070896428470753,15.671902920201365,True,False
S134,consumed_test,1,RigidD,ENG_PAIR_3_POS_X,14436,-0.1339220632923052,0.011186120639693565,1.5752444087378596,191.21677408156705,392.3545293311274,True,False,NOT_VERIFIED,4.061845721698671,14.262897365384182,True,False
S134,consumed_test,2,Official,ENG_MID_DOWN,14858,-0.02442469425016249,0.0058657511221024,1.7498592827219532,230.60814954183923,390.18427664104274,True,False,NOT_VERIFIED,,,False,False
S134,consumed_test,2,Rigid,ENG_MID_DOWN,14858,-0.038692966845938696,0.05675065766427485,1.5357645411201806,224.37918625529556,409.6349026437916,True,False,NOT_VERIFIED,,,True,False
S134,consumed_test,2,Rigid,ENG_PAIR_3_NEG_X,14459,0.06123933719755809,0.017371747238742557,1.5471397256994122,260.2882922485346,394.7436165959831,True,False,NOT_VERIFIED,,,True,False
S134,consumed_test,2,Rigid,ENG_PAIR_3_POS_X,14436,-0.1391992337929661,0.029411377081319863,1.565092681123879,189.0419227837504,399.1221318824477,True,False,NOT_VERIFIED,,,True,False
S134,consumed_test,2,RigidD,ENG_MID_DOWN,14858,-0.038843110744974665,0.05496223080787435,1.5318392156011256,224.28906193856167,409.0138757318388,True,False,NOT_VERIFIED,1.9040475833881718,118.73574831800453,True,False
S134,consumed_test,2,RigidD,ENG_PAIR_3_NEG_X,14459,0.05901942550873823,0.018151955761192835,1.5497158235992978,259.45773010990234,395.02424943583605,True,False,NOT_VERIFIED,3.034223335817821,37.757519734175524,True,False
S134,consumed_test,2,RigidD,ENG_PAIR_3_POS_X,14436,-0.1329296060716882,0.030374666621922324,1.569517320260709,191.3953366196012,399.4467502488899,True,False,NOT_VERIFIED,2.046071756218513,123.74295590451405,True,False
S140,consumed_test,0,Official,ENG_MID_DOWN,14858,-0.10614681037083307,0.19595256387723778,1.709380064015489,215.69376564432977,464.76869291637774,True,False,NOT_VERIFIED,,,False,False
S140,consumed_test,0,Official,ENG_PAIR_3_NEG_X,14459,0.004914329447272712,0.16516222458855317,1.7240263469632207,251.22106255382124,453.8641984757188,True,False,NOT_VERIFIED,,,False,False
S140,consumed_test,0,Official,ENG_PAIR_3_POS_X,14436,-0.21228892498756408,0.16151797638678755,1.7425244125083617,183.01941987225584,452.06447466737757,True,False,NOT_VERIFIED,,,False,False
S140,consumed_test,0,Rigid,ENG_MID_DOWN,14858,-0.11351840992946863,0.20629148231940286,1.5200293457629626,208.809510103902,476.97497468602097,True,False,NOT_VERIFIED,,,True,False
S140,consumed_test,0,Rigid,ENG_PAIR_3_NEG_X,14459,-0.0025676927180607488,0.17567231774902164,1.535826196293378,248.7472484478492,464.62350351288876,True,False,NOT_VERIFIED,,,True,False
S140,consumed_test,0,Rigid,ENG_PAIR_3_POS_X,14436,-0.22013669886490045,0.16896709106364716,1.5481339259917042,171.8785752578914,461.5892586727826,True,False,NOT_VERIFIED,,,True,False
S140,consumed_test,0,RigidD,ENG_MID_DOWN,14858,-0.11323458089862114,0.2075116746343326,1.5237205624000016,209.01036997968248,477.2482770149233,True,False,NOT_VERIFIED,1.0458362612515584,110.76815242361815,True,False
S140,consumed_test,0,RigidD,ENG_PAIR_3_NEG_X,14459,-0.008338829257498789,0.1785742230705646,1.5451267766721,246.70960833028977,465.3122767575815,True,False,NOT_VERIFIED,1.178090204563507,101.77391654097958,True,False
S140,consumed_test,0,RigidD,ENG_PAIR_3_POS_X,14436,-0.21322227228444923,0.172285232047611,1.5570644797217303,174.7538357354608,462.46067069658864,True,False,NOT_VERIFIED,11.04476641144497,72.7035989363093,True,False
S140,consumed_test,1,Official,ENG_MID_DOWN,14858,-0.10614681037083307,0.19595256387723778,1.709380064015489,215.69376564432977,464.76869291637774,True,False,NOT_VERIFIED,,,False,False
S140,consumed_test,1,Official,ENG_PAIR_3_NEG_X,14459,0.004914329447272712,0.16516222458855317,1.7240263469632207,251.22106255382124,453.8641984757188,True,False,NOT_VERIFIED,,,False,False
S140,consumed_test,1,Official,ENG_PAIR_3_POS_X,14436,-0.21228892498756408,0.16151797638678755,1.7425244125083617,183.01941987225584,452.06447466737757,True,False,NOT_VERIFIED,,,False,False
S140,consumed_test,1,Rigid,ENG_MID_DOWN,14858,-0.11404289231540644,0.20321468821769462,1.5190559018387342,208.59446276106232,475.85259111884005,True,False,NOT_VERIFIED,,,True,False
S140,consumed_test,1,Rigid,ENG_PAIR_3_NEG_X,14459,-0.003304263417611828,0.17191538414338792,1.5350072343753838,248.4842746231165,463.24174016401315,True,False,NOT_VERIFIED,,,True,False
S140,consumed_test,1,Rigid,ENG_PAIR_3_POS_X,14436,-0.22092800285448916,0.16653297960302788,1.5469926616029313,171.54138614712454,460.7248564579159,True,False,NOT_VERIFIED,,,True,False
S140,consumed_test,1,RigidD,ENG_MID_DOWN,14858,-0.11355575510262764,0.2048458350774806,1.5244062030616705,208.91340373565788,476.2002766799311,True,False,NOT_VERIFIED,1.2720347822684115,108.28905567569613,True,False
S140,consumed_test,1,RigidD,ENG_PAIR_3_NEG_X,14459,-0.008839498612982371,0.17525739720671968,1.5457328638118115,246.53358432655398,464.0436291437255,True,False,NOT_VERIFIED,1.6333218274451167,82.36167721484142,True,False
S140,consumed_test,1,RigidD,ENG_PAIR_3_POS_X,14436,-0.2113330998683527,0.1718951390966806,1.5613956741579746,175.62347631832,462.13830593986927,True,False,NOT_VERIFIED,5.531172913102557,83.17660024601967,True,False
S140,consumed_test,2,Official,ENG_MID_DOWN,14858,-0.10614681037083307,0.19595256387723778,1.709380064015489,215.69376564432977,464.76869291637774,True,False,NOT_VERIFIED,,,False,False
S140,consumed_test,2,Official,ENG_PAIR_3_NEG_X,14459,0.004914329447272712,0.16516222458855317,1.7240263469632207,251.22106255382124,453.8641984757188,True,False,NOT_VERIFIED,,,False,False
S140,consumed_test,2,Official,ENG_PAIR_3_POS_X,14436,-0.21228892498756408,0.16151797638678755,1.7425244125083617,183.01941987225584,452.06447466737757,True,False,NOT_VERIFIED,,,False,False
S140,consumed_test,2,Rigid,ENG_MID_DOWN,14858,-0.11495478113266895,0.20191825643535002,1.5205277871162648,208.3061591848544,475.28394803662513,True,False,NOT_VERIFIED,,,True,False
S140,consumed_test,2,Rigid,ENG_PAIR_3_NEG_X,14459,-0.0041063656574080315,0.17040528921427706,1.5352484208981942,248.19866566012422,462.66204192504415,True,False,NOT_VERIFIED,,,True,False
S140,consumed_test,2,Rigid,ENG_PAIR_3_POS_X,14436,-0.22157703713493399,0.16564743649673846,1.549965166312348,171.46214536657763,460.27452398956837,True,False,NOT_VERIFIED,,,True,False
S140,consumed_test,2,RigidD,ENG_MID_DOWN,14858,-0.11458867446539442,0.20325835463211395,1.5247443072533824,208.55186854029756,475.58020364043097,True,False,NOT_VERIFIED,1.4730759497303891,107.49177061570475,True,False
S140,consumed_test,2,RigidD,ENG_PAIR_3_NEG_X,14459,-0.010851606602789707,0.1737639912743586,1.545680063254808,245.82138950955616,463.48645575581565,True,False,NOT_VERIFIED,0.795764028200234,127.26814749334187,True,False
S140,consumed_test,2,RigidD,ENG_PAIR_3_POS_X,14436,-0.21216228549815477,0.17051194634474667,1.5631348493616606,175.41567964213397,461.55503970753045,True,False,NOT_VERIFIED,4.3970557734000275,78.22116511052565,True,False
S141,consumed_test,0,Official,ENG_MID_DOWN,14858,-0.18609907337977985,0.08953799973554219,1.7441281680503544,206.90696263841392,410.606920649833,True,False,NOT_VERIFIED,,,False,False
S141,consumed_test,0,Official,ENG_PAIR_3_NEG_X,14459,-0.09057951051873415,0.05834373371985985,1.7219161481089569,236.205266070842,400.5615915518667,True,False,NOT_VERIFIED,,,False,False
S141,consumed_test,0,Official,ENG_PAIR_3_POS_X,14436,-0.26641422593446007,0.05593677188702924,1.8028179483529387,184.6603352335331,398.9180736211804,True,False,NOT_VERIFIED,,,False,False
S141,consumed_test,0,Rigid,ENG_MID_DOWN,14858,-0.193508561473345,0.08594947049267057,1.5519922990271,197.16713916256325,412.93397480469537,True,False,NOT_VERIFIED,,,True,False
S141,consumed_test,0,Rigid,ENG_PAIR_1_POS_X,13013,-0.29272258448499483,-0.20513785986560884,1.598862696602298,165.53925453631072,307.21767313259807,True,False,NOT_VERIFIED,,,True,False
S141,consumed_test,0,Rigid,ENG_PAIR_2_POS_X,13694,-0.2742875461604101,-0.07679697498025981,1.6319010532435434,173.66490349535667,353.975873002574,True,False,NOT_VERIFIED,,,True,False
S141,consumed_test,0,Rigid,ENG_PAIR_3_NEG_X,14459,-0.09659383656034473,0.052939855009072646,1.5415834406861508,230.75957109805674,400.8252980161492,True,False,NOT_VERIFIED,,,True,False
S141,consumed_test,0,Rigid,ENG_PAIR_3_POS_X,14436,-0.28096550843426477,0.05402048213080496,1.6005296937371334,169.6209368678582,400.48596533675425,True,False,NOT_VERIFIED,,,True,False
S141,consumed_test,0,RigidD,ENG_MID_DOWN,14858,-0.1927580569090121,0.0866244253539144,1.554069363639047,197.51894386355684,413.1413396752823,True,False,NOT_VERIFIED,1.5710936504265496,56.59347915318563,True,False
S141,consumed_test,0,RigidD,ENG_PAIR_1_POS_X,13013,-0.28939769380768465,-0.20624460610515954,1.6009881581557135,166.79566158918084,306.9178429128833,True,False,NOT_VERIFIED,4.048188087441683,73.04777042606311,True,False
S141,consumed_test,0,RigidD,ENG_PAIR_2_POS_X,13694,-0.2723406296014269,-0.07631177547732326,1.6307526668283345,174.2473953937274,354.12804028379895,True,False,NOT_VERIFIED,2.5172137159633556,114.39725713096033,True,False
S141,consumed_test,0,RigidD,ENG_PAIR_3_NEG_X,14459,-0.0977723752887272,0.056475367603626855,1.5522962166641956,230.58257884118692,401.99974430641146,True,False,NOT_VERIFIED,5.324752166827725,39.5840018303875,True,False
S141,consumed_test,0,RigidD,ENG_PAIR_3_POS_X,14436,-0.2766780916974358,0.05592904544661413,1.6051569999794455,171.3416263216629,401.11429289751766,True,False,NOT_VERIFIED,13.547819910776449,106.91208497777485,True,False
S141,consumed_test,1,Official,ENG_MID_DOWN,14858,-0.18609907337977985,0.08953799973554219,1.7441281680503544,206.90696263841392,410.606920649833,True,False,NOT_VERIFIED,,,False,False
S141,consumed_test,1,Official,ENG_PAIR_3_NEG_X,14459,-0.09057951051873415,0.05834373371985985,1.7219161481089569,236.205266070842,400.5615915518667,True,False,NOT_VERIFIED,,,False,False
S141,consumed_test,1,Official,ENG_PAIR_3_POS_X,14436,-0.26641422593446007,0.05593677188702924,1.8028179483529387,184.6603352335331,398.9180736211804,True,False,NOT_VERIFIED,,,False,False
S141,consumed_test,1,Rigid,ENG_MID_DOWN,14858,-0.19116124346856814,0.08379807543136683,1.5515138573147018,197.9657043403933,412.1457376270323,True,False,NOT_VERIFIED,,,True,False
S141,consumed_test,1,Rigid,ENG_PAIR_1_POS_X,13013,-0.28931460027090267,-0.2079006110219503,1.5967895162935217,166.56642521890507,306.12600822867483,True,False,NOT_VERIFIED,,,True,False
S141,consumed_test,1,Rigid,ENG_PAIR_2_POS_X,13694,-0.2720491962749524,-0.07949187883083708,1.6301941522392258,174.31322932599315,352.99608075795845,True,False,NOT_VERIFIED,,,True,False
S141,consumed_test,1,Rigid,ENG_PAIR_3_NEG_X,14459,-0.09393102296844781,0.05135329215184022,1.5423452581446013,231.71137903413916,400.22349701515157,True,False,NOT_VERIFIED,,,True,False
S141,consumed_test,1,Rigid,ENG_PAIR_3_POS_X,14436,-0.2790633509206484,0.05131869359548776,1.5988674824749465,170.16642511688707,399.53360749875424,True,False,NOT_VERIFIED,,,True,False
S141,consumed_test,1,RigidD,ENG_MID_DOWN,14858,-0.19006836465583038,0.08450350852219671,1.5538344566793756,198.4462890032132,412.36060459206027,True,False,NOT_VERIFIED,2.1638379387200355,54.053613676323224,True,False
S141,consumed_test,1,RigidD,ENG_PAIR_1_POS_X,13013,-0.28622509183941663,-0.2088964137070452,1.5985654945283991,167.72216993785653,305.8507361433719,True,False,NOT_VERIFIED,2.836986381656884,53.01817509743491,True,False
S141,consumed_test,1,RigidD,ENG_PAIR_2_POS_X,13694,-0.27063947527290066,-0.07888222561704326,1.629052773595457,174.7185791573601,353.19180589531,True,False,NOT_VERIFIED,3.4019749794442475,43.58346611472364,True,False
S141,consumed_test,1,RigidD,ENG_PAIR_3_NEG_X,14459,-0.09505097679432695,0.05458241131176947,1.5517926659827208,231.52130957621563,401.3044677234549,True,False,NOT_VERIFIED,5.211244780675634,38.243915994165285,True,False
S141,consumed_test,1,RigidD,ENG_PAIR_3_POS_X,14436,-0.27012109427072223,0.055431678585888405,1.6086396200944109,173.7513302004696,400.89293002351957,True,False,NOT_VERIFIED,6.26104375893573,102.18527378984413,True,False
S141,consumed_test,2,Official,ENG_MID_DOWN,14858,-0.18609907337977985,0.08953799973554219,1.7441281680503544,206.90696263841392,410.606920649833,True,False,NOT_VERIFIED,,,False,False
S141,consumed_test,2,Official,ENG_PAIR_3_NEG_X,14459,-0.09057951051873415,0.05834373371985985,1.7219161481089569,236.205266070842,400.5615915518667,True,False,NOT_VERIFIED,,,False,False
S141,consumed_test,2,Official,ENG_PAIR_3_POS_X,14436,-0.26641422593446007,0.05593677188702924,1.8028179483529387,184.6603352335331,398.9180736211804,True,False,NOT_VERIFIED,,,False,False
S141,consumed_test,2,Rigid,ENG_MID_DOWN,14858,-0.1764587876589518,0.0838507901521797,1.5450685035685585,202.840999844121,412.29504751351425,True,False,NOT_VERIFIED,,,True,False
S141,consumed_test,2,Rigid,ENG_PAIR_1_POS_X,13013,-0.28073899763239896,-0.20595799953863392,1.5887559577397834,168.99358901121659,306.45082588925385,True,False,NOT_VERIFIED,,,True,False
S141,consumed_test,2,Rigid,ENG_PAIR_2_POS_X,13694,-0.2634275881734635,-0.07737956328956037,1.6214770092972353,176.70705784084652,353.5949644842135,True,False,NOT_VERIFIED,,,True,False
S141,consumed_test,2,Rigid,ENG_PAIR_3_NEG_X,14459,-0.07934192952464596,0.050029959712756034,1.5412071248240786,236.81375908578164,399.74347152839226,True,False,NOT_VERIFIED,,,True,False
S141,consumed_test,2,Rigid,ENG_PAIR_3_POS_X,14436,-0.26706944175840386,0.053111466447818514,1.5882988158117386,173.6272254704243,400.3061602235742,True,False,NOT_VERIFIED,,,True,False
S141,consumed_test,2,RigidD,ENG_MID_DOWN,14858,-0.17493405455600292,0.08556552608523299,1.5503540111572902,203.58451851463255,412.8251241841495,True,False,NOT_VERIFIED,1.2898028310772631,56.76060029617348,True,False
S141,consumed_test,2,RigidD,ENG_PAIR_1_POS_X,13013,-0.27627396278497063,-0.2077855325846403,1.5920986979692127,170.7134205034846,305.94682804655844,True,False,NOT_VERIFIED,3.7461447753513584,103.28564940721542,True,False
S141,consumed_test,2,RigidD,ENG_PAIR_2_POS_X,13694,-0.26226505131399347,-0.07674129740566782,1.6189871485165412,176.96063899743115,353.77962369649276,True,False,NOT_VERIFIED,1.6163997692928105,23.89072338357323,True,False
S141,consumed_test,2,RigidD,ENG_PAIR_3_NEG_X,14459,-0.08274360192435701,0.05464620615949391,1.555305095532801,235.88194634651987,401.282357111528,True,False,NOT_VERIFIED,2.6743051366206445,103.35957205705108,True,False
S141,consumed_test,2,RigidD,ENG_PAIR_3_POS_X,14436,-0.2571855247729253,0.05746444216616517,1.5991329180902336,177.591692326324,401.7424363037799,True,False,NOT_VERIFIED,4.453353435683622,33.32209697051188,True,False
S145,consumed_test,0,Official,ENG_MID_DOWN,14858,-0.07160869311976867,0.08891406622697047,1.6903429409207835,226.4515908434985,413.21949389686176,True,False,NOT_VERIFIED,,,False,False
S145,consumed_test,0,Official,ENG_PAIR_3_NEG_X,14459,0.03383678308262066,0.046668993289146754,1.7227225446040575,261.01554006943314,398.63931811785733,True,False,NOT_VERIFIED,,,False,False
S145,consumed_test,0,Official,ENG_PAIR_3_POS_X,14436,-0.18426299690386774,0.06165283392481106,1.6969433125277587,189.53694293722825,403.9210464761909,True,False,NOT_VERIFIED,,,False,False
S145,consumed_test,0,Rigid,ENG_MID_DOWN,14858,-0.08269203428038262,0.10358736054382858,1.5117632383959396,219.57521351063485,422.31801505037777,True,False,NOT_VERIFIED,,,True,False
S145,consumed_test,0,Rigid,ENG_PAIR_3_NEG_X,14459,0.023558025359473076,0.062020234115371,1.542339899442632,258.58106501204117,406.1386152618833,True,False,NOT_VERIFIED,,,True,False
S145,consumed_test,0,Rigid,ENG_PAIR_3_POS_X,14436,-0.19524248652321843,0.07800935131711542,1.5242489501094885,178.6636976952207,412.4065998512409,True,False,NOT_VERIFIED,,,True,False
S145,consumed_test,0,RigidD,ENG_MID_DOWN,14858,-0.08258867377149315,0.10340511692677573,1.5090303918858874,219.55817533368483,422.31991383325715,True,False,NOT_VERIFIED,20.170676947680704,115.25149413560032,True,False
S145,consumed_test,0,RigidD,ENG_PAIR_3_NEG_X,14459,0.015325447482288816,0.0659872634113094,1.5529842503917524,255.56764556284037,407.44103166531147,True,False,NOT_VERIFIED,5.679199090543733,72.50885760800695,True,False
S145,consumed_test,0,RigidD,ENG_PAIR_3_POS_X,14436,-0.19009566410282772,0.08009395743673298,1.5331319753300572,180.94876835309182,413.01423056710524,True,False,NOT_VERIFIED,10.645410257632275,85.67444618187639,True,False
S145,consumed_test,1,Official,ENG_MID_DOWN,14858,-0.07160869311976867,0.08891406622697047,1.6903429409207835,226.4515908434985,413.21949389686176,True,False,NOT_VERIFIED,,,False,False
S145,consumed_test,1,Official,ENG_PAIR_3_NEG_X,14459,0.03383678308262066,0.046668993289146754,1.7227225446040575,261.01554006943314,398.63931811785733,True,False,NOT_VERIFIED,,,False,False
S145,consumed_test,1,Official,ENG_PAIR_3_POS_X,14436,-0.18426299690386774,0.06165283392481106,1.6969433125277587,189.53694293722825,403.9210464761909,True,False,NOT_VERIFIED,,,False,False
S145,consumed_test,1,Rigid,ENG_MID_DOWN,14858,-0.08155877340773088,0.11017208200447985,1.5138626027453772,220.03479067689318,424.74962759564585,True,False,NOT_VERIFIED,,,True,False
S145,consumed_test,1,Rigid,ENG_PAIR_3_NEG_X,14459,0.025508178210445542,0.070082479286296,1.5435497211445393,259.27867183766733,409.1057895013174,True,False,NOT_VERIFIED,,,True,False
S145,consumed_test,1,Rigid,ENG_PAIR_3_POS_X,14436,-0.19361962471500288,0.08275983176040368,1.5268497500036542,179.3778161696514,414.1349630695136,True,False,NOT_VERIFIED,,,True,False
S145,consumed_test,1,RigidD,ENG_MID_DOWN,14858,-0.08129012753439291,0.10862433633170535,1.5066495106596718,219.99040836402366,424.3616392271034,True,False,NOT_VERIFIED,2.018561945245142,114.5784325877572,True,False
S145,consumed_test,1,RigidD,ENG_PAIR_3_NEG_X,14459,0.017597237443460572,0.07317113451829332,1.5523332095937348,256.3857471932762,410.0961198235743,True,False,NOT_VERIFIED,5.283583298150572,109.69001392232568,True,False
S145,consumed_test,1,RigidD,ENG_PAIR_3_POS_X,14436,-0.18706730192166293,0.08472990010966955,1.5360588887352877,182.17946984744285,414.682247523039,True,False,NOT_VERIFIED,2.028937231816299,82.22738541730303,True,False
S145,consumed_test,2,Official,ENG_MID_DOWN,14858,-0.07160869311976867,0.08891406622697047,1.6903429409207835,226.4515908434985,413.21949389686176,True,False,NOT_VERIFIED,,,False,False
S145,consumed_test,2,Official,ENG_PAIR_3_NEG_X,14459,0.03383678308262066,0.046668993289146754,1.7227225446040575,261.01554006943314,398.63931811785733,True,False,NOT_VERIFIED,,,False,False
S145,consumed_test,2,Official,ENG_PAIR_3_POS_X,14436,-0.18426299690386774,0.06165283392481106,1.6969433125277587,189.53694293722825,403.9210464761909,True,False,NOT_VERIFIED,,,False,False
S145,consumed_test,2,Rigid,ENG_MID_DOWN,14858,-0.08378955140502974,0.11042987943015742,1.512477816396414,219.18511809884703,424.8851241757413,True,False,NOT_VERIFIED,,,True,False
S145,consumed_test,2,Rigid,ENG_PAIR_3_NEG_X,14459,0.02259102623243055,0.06785498663371552,1.5411550648461585,258.2378451178312,408.3200599502572,True,False,NOT_VERIFIED,,,True,False
S145,consumed_test,2,Rigid,ENG_PAIR_3_POS_X,14436,-0.19633119542659566,0.08566709232457453,1.52658152472966,178.37525161805345,415.22883526981377,True,False,NOT_VERIFIED,,,True,False
S145,consumed_test,2,RigidD,ENG_MID_DOWN,14858,-0.08357384502530898,0.10917639651724989,1.5062949183872565,219.13818574308692,424.5808047635454,True,False,NOT_VERIFIED,1.4411525127984304,115.66187123845464,True,False
S145,consumed_test,2,RigidD,ENG_PAIR_3_NEG_X,14459,0.01593385106090592,0.07082797347345982,1.5493482305149806,255.79945264043516,409.2836723544236,True,False,NOT_VERIFIED,6.599141321739879,81.15377630654108,True,False
S145,consumed_test,2,RigidD,ENG_PAIR_3_POS_X,14436,-0.19046495819583056,0.08748626280053359,1.5351906607618593,180.90736169446032,415.72622553994813,True,False,NOT_VERIFIED,5.197726956014963,83.32808468362173,True,False
S151,consumed_test,0,Official,ENG_MID_DOWN,14858,-0.03517498443465799,-0.0005806885891930891,1.7034392330972348,229.4981186624838,392.05491894912643,True,False,NOT_VERIFIED,,,False,False
S151,consumed_test,0,Rigid,ENG_MID_DOWN,14858,-0.05911540982199866,0.03878874870220227,1.532132107823017,219.56579500255046,406.7632517349862,True,False,NOT_VERIFIED,,,True,False
S151,consumed_test,0,Rigid,ENG_PAIR_3_NEG_X,14459,0.04364411774242258,-0.0047648650588155254,1.546933024598358,256.5590340108781,390.48460599434173,True,False,NOT_VERIFIED,,,True,False
S151,consumed_test,0,Rigid,ENG_PAIR_3_POS_X,14436,-0.16356415898233834,0.012940420379172013,1.558134960243623,182.7976874792174,397.01122890062936,True,False,NOT_VERIFIED,,,True,False
S151,consumed_test,0,RigidD,ENG_MID_DOWN,14858,-0.0594628412472849,0.037048338093950736,1.5244121752356627,219.3313607439931,406.18227100990157,True,False,NOT_VERIFIED,1.1962440821740765,37.74575979341836,True,False
S151,consumed_test,0,RigidD,ENG_PAIR_3_NEG_X,14459,0.04308444600876102,-0.005428320130480367,1.5446417333245774,256.38154729523296,390.2357635968106,True,False,NOT_VERIFIED,3.180877227241639,46.96143318431941,True,False
S151,consumed_test,0,RigidD,ENG_PAIR_3_POS_X,14436,-0.1605984038354236,0.011860370153540157,1.5565558285129777,183.79390964377998,396.6182958497912,True,False,NOT_VERIFIED,2.7993914245699143,87.84897966317023,True,False
S151,consumed_test,1,Official,ENG_MID_DOWN,14858,-0.03517498443465799,-0.0005806885891930891,1.7034392330972348,229.4981186624838,392.05491894912643,True,False,NOT_VERIFIED,,,False,False
S151,consumed_test,1,Rigid,ENG_MID_DOWN,14858,-0.05932842379730499,0.04230135569810134,1.5343637600683264,219.51998850124016,408.0544834241839,True,False,NOT_VERIFIED,,,True,False
S151,consumed_test,1,Rigid,ENG_PAIR_3_NEG_X,14459,0.04428448020577055,0.00029079279836005103,1.5475918983800416,256.7815394495847,392.3580497360936,True,False,NOT_VERIFIED,,,True,False
S151,consumed_test,1,Rigid,ENG_PAIR_3_POS_X,14436,-0.16301286394852224,0.014670897229828443,1.5615652351684792,183.1209140392332,397.6360296385908,True,False,NOT_VERIFIED,,,True,False
S151,consumed_test,1,RigidD,ENG_MID_DOWN,14858,-0.059967713695726024,0.04020557618879897,1.524472650187477,219.14880605081078,407.36894276599395,True,False,NOT_VERIFIED,0.9589544188806116,41.424564664538515,True,False
S151,consumed_test,1,RigidD,ENG_PAIR_3_NEG_X,14459,0.04381909349126592,-0.0006280602674827286,1.5442526699744992,256.6489057613858,392.0171896305348,True,False,NOT_VERIFIED,3.426734452954933,28.29889054518976,True,False
S151,consumed_test,1,RigidD,ENG_PAIR_3_POS_X,14436,-0.16134342907781535,0.013081274665955796,1.5575644307821461,183.56600597625325,397.06481329548296,True,False,NOT_VERIFIED,3.285995419331825,52.58862581236447,True,False
S151,consumed_test,2,Official,ENG_MID_DOWN,14858,-0.03517498443465799,-0.0005806885891930891,1.7034392330972348,229.4981186624838,392.05491894912643,True,False,NOT_VERIFIED,,,False,False
S151,consumed_test,2,Rigid,ENG_MID_DOWN,14858,-0.06381435069004612,0.04049183575372926,1.533687767889409,217.89068003963507,407.3850992186339,True,False,NOT_VERIFIED,,,True,False
S151,consumed_test,2,Rigid,ENG_PAIR_3_NEG_X,14459,0.03922565742891098,-0.0031434995643453453,1.5461062683150637,254.98469678834533,391.0848171419751,True,False,NOT_VERIFIED,,,True,False
S151,consumed_test,2,Rigid,ENG_PAIR_3_POS_X,14436,-0.1676764727952666,0.014621259477785592,1.5619224714864615,181.4805479055863,397.61657996866813,True,False,NOT_VERIFIED,,,True,False
S151,consumed_test,2,RigidD,ENG_MID_DOWN,14858,-0.06446716911229458,0.03834772060687436,1.5239584009035894,217.50632679136837,406.675194441286,True,False,NOT_VERIFIED,6.017361117768516,35.896823222398524,True,False
S151,consumed_test,2,RigidD,ENG_PAIR_3_NEG_X,14459,0.039000308487514186,-0.0038750183719064384,1.543363057655005,254.92880725472023,390.81103746054134,True,False,NOT_VERIFIED,7.713357076346399,5.8533485136527315,True,False
S151,consumed_test,2,RigidD,ENG_PAIR_3_POS_X,14436,-0.16445073898685217,0.013884085960346095,1.5607505212112358,182.58052126672507,397.3498513809729,True,False,NOT_VERIFIED,15.373338904684138,4.618101914561999,True,False
S163,consumed_test,0,Official,ENG_MID_DOWN,14858,-0.10321016900299883,0.034499190694437826,1.6999359819277182,205.0960519874948,408.34234958805206,True,False,NOT_VERIFIED,,,False,False
S163,consumed_test,0,Official,ENG_PAIR_3_NEG_X,14459,-0.014235967690097535,0.0045488292393199015,1.709737145156509,234.09373904548625,398.1065950479822,True,False,NOT_VERIFIED,,,False,False
S163,consumed_test,0,Official,ENG_PAIR_3_POS_X,14436,-0.18707779304937325,-0.000620326291324387,1.7277616591662124,178.76873987849746,396.35385055850173,True,False,NOT_VERIFIED,,,False,False
S163,consumed_test,0,Rigid,ENG_MID_DOWN,14858,-0.11430728032376816,0.05133596801698706,1.5634347465677476,198.23307926641564,415.6218830393024,True,False,NOT_VERIFIED,,,True,False
S163,consumed_test,0,Rigid,ENG_PAIR_1_POS_X,13013,-0.2121112783885083,-0.26464492855588806,1.5643195613879792,163.64890220274324,298.36247805087356,True,False,NOT_VERIFIED,,,True,False
S163,consumed_test,0,Rigid,ENG_PAIR_3_NEG_X,14459,-0.02524171958444383,0.02008601092122991,1.5639461396664194,229.7688870178256,404.01719851812453,True,False,NOT_VERIFIED,,,True,False
S163,consumed_test,0,Rigid,ENG_PAIR_3_POS_X,14436,-0.19612015769671362,0.01508708332021432,1.5955921501395158,170.66732162394197,402.0507828344382,True,False,NOT_VERIFIED,,,True,False
S163,consumed_test,0,RigidD,ENG_MID_DOWN,14858,-0.11361485681375921,0.05280821234927369,1.5662570762115657,198.55070836931563,416.13315709421835,True,False,NOT_VERIFIED,7.758054486775355,117.37839191395564,True,False
S163,consumed_test,0,RigidD,ENG_PAIR_1_POS_X,13013,-0.2077936936204383,-0.2673725917664663,1.5696107708111158,165.42449918895903,297.6847914484345,True,False,NOT_VERIFIED,29.13698550930442,7.978797977572361,True,False
S163,consumed_test,0,RigidD,ENG_PAIR_3_NEG_X,14459,-0.030575757196096287,0.02476354917073119,1.5779928725659649,227.97736451314134,405.6714562674123,True,False,NOT_VERIFIED,1.721769702904669,92.45475900181523,True,False
S163,consumed_test,0,RigidD,ENG_PAIR_3_POS_X,14436,-0.1878504806245415,0.019569069800697888,1.6062338799010376,173.96786720574664,403.63411831815955,True,False,NOT_VERIFIED,5.560270082915341,108.67325629365934,True,False
S163,consumed_test,1,Official,ENG_MID_DOWN,14858,-0.10321016900299883,0.034499190694437826,1.6999359819277182,205.0960519874948,408.34234958805206,True,False,NOT_VERIFIED,,,False,False
S163,consumed_test,1,Official,ENG_PAIR_3_NEG_X,14459,-0.014235967690097535,0.0045488292393199015,1.709737145156509,234.09373904548625,398.1065950479822,True,False,NOT_VERIFIED,,,False,False
S163,consumed_test,1,Official,ENG_PAIR_3_POS_X,14436,-0.18707779304937325,-0.000620326291324387,1.7277616591662124,178.76873987849746,396.35385055850173,True,False,NOT_VERIFIED,,,False,False
S163,consumed_test,1,Rigid,ENG_MID_DOWN,14858,-0.10891395379116381,0.049106720511213495,1.5623110365097999,200.1148047763031,414.80733855756534,True,False,NOT_VERIFIED,,,True,False
S163,consumed_test,1,Rigid,ENG_PAIR_3_NEG_X,14459,-0.019638143499501902,0.01845839970615318,1.5623857345392427,231.74519395421723,403.4199511873448,True,False,NOT_VERIFIED,,,True,False
S163,consumed_test,1,Rigid,ENG_PAIR_3_POS_X,14436,-0.19035386241255536,0.012213764438469473,1.5946819837655117,172.62999441595218,401.00803472778625,True,False,NOT_VERIFIED,,,True,False
S163,consumed_test,1,RigidD,ENG_MID_DOWN,14858,-0.1082193307030621,0.050921741430950275,1.5666381162857865,200.46680721989785,415.42943460260955,True,False,NOT_VERIFIED,1.7655830121378382,178.22177107593538,True,False
S163,consumed_test,1,RigidD,ENG_PAIR_3_NEG_X,14459,-0.026348224672191965,0.0238198917369415,1.5795410455785994,229.46933598199473,405.3157465188395,True,False,NOT_VERIFIED,3.1397391615711223,144.87537048952424,True,False
S163,consumed_test,1,RigidD,ENG_PAIR_3_POS_X,14436,-0.18327522160475496,0.016356810119617572,1.6041051213924296,175.4607212733162,402.4811175545955,True,False,NOT_VERIFIED,3.577120552827653,187.34673728550425,True,False
S163,consumed_test,2,Official,ENG_MID_DOWN,14858,-0.10321016900299883,0.034499190694437826,1.6999359819277182,205.0960519874948,408.34234958805206,True,False,NOT_VERIFIED,,,False,False
S163,consumed_test,2,Official,ENG_PAIR_3_NEG_X,14459,-0.014235967690097535,0.0045488292393199015,1.709737145156509,234.09373904548625,398.1065950479822,True,False,NOT_VERIFIED,,,False,False
S163,consumed_test,2,Official,ENG_PAIR_3_POS_X,14436,-0.18707779304937325,-0.000620326291324387,1.7277616591662124,178.76873987849746,396.35385055850173,True,False,NOT_VERIFIED,,,False,False
S163,consumed_test,2,Rigid,ENG_MID_DOWN,14858,-0.11229091311040137,0.04808145215888991,1.5627886596528175,198.93052076753528,414.42095125849863,True,False,NOT_VERIFIED,,,True,False
S163,consumed_test,2,Rigid,ENG_PAIR_1_POS_X,13013,-0.21032996314440566,-0.2678254400369279,1.5640183203059048,164.26487015365927,297.1631685956146,True,False,NOT_VERIFIED,,,True,False
S163,consumed_test,2,Rigid,ENG_PAIR_3_NEG_X,14459,-0.023247755671208854,0.016764239164498387,1.5629977881334058,230.46960939061796,402.7880949194652,True,False,NOT_VERIFIED,,,True,False
S163,consumed_test,2,Rigid,ENG_PAIR_3_POS_X,14436,-0.19402112135710559,0.011895485932593281,1.5952259230777397,171.3800377131569,400.8907057535269,True,False,NOT_VERIFIED,,,True,False
S163,consumed_test,2,RigidD,ENG_MID_DOWN,14858,-0.11159713781272823,0.049895211216665444,1.567338832685846,199.2909970938381,415.04082659717096,True,False,NOT_VERIFIED,1.3979926375573386,96.57359463886638,True,False
S163,consumed_test,2,RigidD,ENG_PAIR_3_NEG_X,14459,-0.03007369811378339,0.021881044542660474,1.5792091708159681,228.1615991468458,404.6049360196484,True,False,NOT_VERIFIED,1.9010378669400896,113.13220702721058,True,False
S163,consumed_test,2,RigidD,ENG_PAIR_3_POS_X,14436,-0.18590871453987987,0.016212165633087413,1.6054539652072308,174.6058921523203,402.42384778450736,True,False,NOT_VERIFIED,3.941625125363863,61.73419201827614,True,False
S165,dev,0,Official,ENG_MID_DOWN,14858,-0.0684989318250949,-0.03253495149842755,1.4385745327592732,223.27525235502827,381.8479654717453,True,False,NOT_VERIFIED,,,False,False
S165,dev,0,Rigid,ENG_MID_DOWN,14858,-0.08900099577307181,-0.006361748530533775,1.5107380721769754,217.18708563351646,392.42672335293923,True,False,NOT_VERIFIED,,,True,False
S165,dev,0,Rigid,ENG_PAIR_3_NEG_X,14459,0.010464720021538011,-0.04649478247866706,1.532179079157209,252.6186191254461,377.4052963346373,True,False,NOT_VERIFIED,,,True,False
S165,dev,0,Rigid,ENG_PAIR_3_POS_X,14436,-0.19109728025205408,-0.03229612738316249,1.529167964749822,181.58650537811565,382.7078492021568,True,False,NOT_VERIFIED,,,True,False
S165,dev,0,RigidD,ENG_MID_DOWN,14858,-0.0889650352392008,-0.0034958951584041532,1.5210160163330206,217.414375283468,393.52605014704534,True,False,NOT_VERIFIED,3.9052947124498956,158.6826081921292,True,False
S165,dev,0,RigidD,ENG_PAIR_3_NEG_X,14459,0.0048330136671987135,-0.042381956823642083,1.545596859692533,250.6228991453107,379.08618376278406,True,False,NOT_VERIFIED,4.737815317710627,82.31427562677824,True,False
S165,dev,0,RigidD,ENG_PAIR_3_POS_X,14436,-0.18589770127764285,-0.02972678490398411,1.5404138577345978,183.897389581157,383.7551698435642,True,False,NOT_VERIFIED,1.627240557340254,83.24115020234152,True,False
S165,dev,1,Official,ENG_MID_DOWN,14858,-0.0684989318250949,-0.03253495149842755,1.4385745327592732,223.27525235502827,381.8479654717453,True,False,NOT_VERIFIED,,,False,False
S165,dev,1,Rigid,ENG_MID_DOWN,14858,-0.08434313379422753,-0.010268710833643242,1.5117548390344524,218.86898592585797,390.9429125634763,True,False,NOT_VERIFIED,,,True,False
S165,dev,1,Rigid,ENG_PAIR_3_NEG_X,14459,0.015141712766495594,-0.04950285754798113,1.534716826081085,254.254951647434,376.3075697362077,True,False,NOT_VERIFIED,,,True,False
S165,dev,1,Rigid,ENG_PAIR_3_POS_X,14436,-0.18646740501372197,-0.03688288638101529,1.5290239773728995,183.21208938964958,380.9825026445409,True,False,NOT_VERIFIED,,,True,False
S165,dev,1,RigidD,ENG_MID_DOWN,14858,-0.0845122881303875,-0.007323591322703303,1.5221207093019142,219.0138644600077,392.0816182823605,True,False,NOT_VERIFIED,1.9485389973850848,122.4761485439941,True,False
S165,dev,1,RigidD,ENG_PAIR_3_NEG_X,14459,0.00897477729569955,-0.04540802002312123,1.5477826706313174,252.06270398478432,377.98470412993976,True,False,NOT_VERIFIED,2.1240616046351954,79.13763153502907,True,False
S165,dev,1,RigidD,ENG_PAIR_3_POS_X,14436,-0.18219757436382134,-0.03451213652804295,1.5392196845080879,185.1425015152903,381.95962376718234,True,False,NOT_VERIFIED,3.1703520540576084,147.62034716229402,True,False
S165,dev,2,Official,ENG_MID_DOWN,14858,-0.0684989318250949,-0.03253495149842755,1.4385745327592732,223.27525235502827,381.8479654717453,True,False,NOT_VERIFIED,,,False,False
S165,dev,2,Rigid,ENG_MID_DOWN,14858,-0.07983163187195584,0.0031240169794055877,1.5107107976430574,220.45768500507498,396.0356883242624,True,False,NOT_VERIFIED,,,True,False
S165,dev,2,Rigid,ENG_PAIR_3_NEG_X,14459,0.019005971405215618,-0.03640239684904469,1.5358622707814067,255.60698540399264,381.22404967415383,True,False,NOT_VERIFIED,,,True,False
S165,dev,2,Rigid,ENG_PAIR_3_POS_X,14436,-0.18238505690348067,-0.023450110901846094,1.5252886916194148,184.49359312785396,386.0104148031192,True,False,NOT_VERIFIED,,,True,False
S165,dev,2,RigidD,ENG_MID_DOWN,14858,-0.08022252085795582,0.004876826246303366,1.5174025043556727,220.4444461129836,396.69438962112275,True,False,NOT_VERIFIED,1.6555928709291456,87.01491529051088,True,False
S165,dev,2,RigidD,ENG_PAIR_3_NEG_X,14459,0.013362761052048332,-0.032835355726416465,1.5473138985953296,253.59203364672314,382.6499061484234,True,False,NOT_VERIFIED,3.0827192604075893,29.264217771458917,True,False
S165,dev,2,RigidD,ENG_PAIR_3_POS_X,14436,-0.17985877083566112,-0.02226377043387854,1.5315711271166657,185.64691753398054,386.49187675661005,True,False,NOT_VERIFIED,24.107077069610614,40.40433701550839,True,False
S170,consumed_test,0,Official,ENG_MID_DOWN,14858,0.02069820166919594,0.01871927232201657,1.6597563117834122,251.0575894709803,389.6860177164885,True,False,NOT_VERIFIED,,,False,False
S170,consumed_test,0,Official,ENG_PAIR_3_NEG_X,14459,0.09901050554476457,-0.024964731754822188,1.714767464940071,276.4217427833691,374.89296475504847,True,False,NOT_VERIFIED,,,False,False
S170,consumed_test,0,Official,ENG_PAIR_3_POS_X,14436,-0.07960970617441579,-0.003505353563632154,1.641478140602291,216.8967227736171,382.00589740795436,True,False,NOT_VERIFIED,,,False,False
S170,consumed_test,0,Rigid,ENG_MID_DOWN,14858,0.015306995260176797,0.040977043042307426,1.5471706075333955,249.61366065974778,398.39273207619067,True,False,NOT_VERIFIED,,,True,False
S170,consumed_test,0,Rigid,ENG_PAIR_3_NEG_X,14459,0.10045449741879522,0.000268893020236548,1.5936473277279046,279.38818688106204,383.3251824437544,True,False,NOT_VERIFIED,,,True,False
S170,consumed_test,0,Rigid,ENG_PAIR_3_POS_X,14436,-0.08553295370702582,0.015217791106569215,1.5395898723811121,212.94278583887814,388.88787240330123,True,False,NOT_VERIFIED,,,True,False
S170,consumed_test,0,RigidD,ENG_MID_DOWN,14858,0.015407422084555176,0.040590383316833255,1.5448368789819675,249.65845841288976,398.272334752454,True,False,NOT_VERIFIED,0.8034675717779284,89.24707152855012,True,False
S170,consumed_test,0,RigidD,ENG_PAIR_3_NEG_X,14459,0.09319673757847668,0.004278358381525459,1.6010200462888586,276.6856125240636,384.75859349134373,True,False,NOT_VERIFIED,16.141375225014333,109.3848527232313,True,False
S170,consumed_test,0,RigidD,ENG_PAIR_3_POS_X,14436,-0.08331087349250968,0.018866631568116597,1.5494770037618943,213.94491950175387,390.2000577000423,True,False,NOT_VERIFIED,2.2530242851094773,62.10923424020203,True,False
S170,consumed_test,1,Official,ENG_MID_DOWN,14858,0.02069820166919594,0.01871927232201657,1.6597563117834122,251.0575894709803,389.6860177164885,True,False,NOT_VERIFIED,,,False,False
S170,consumed_test,1,Official,ENG_PAIR_3_NEG_X,14459,0.09901050554476457,-0.024964731754822188,1.714767464940071,276.4217427833691,374.89296475504847,True,False,NOT_VERIFIED,,,False,False
S170,consumed_test,1,Official,ENG_PAIR_3_POS_X,14436,-0.07960970617441579,-0.003505353563632154,1.641478140602291,216.8967227736171,382.00589740795436,True,False,NOT_VERIFIED,,,False,False
S170,consumed_test,1,Rigid,ENG_MID_DOWN,14858,0.020266154156474397,0.0382581086633678,1.5501743640353403,251.39535811773555,397.35911679877205,True,False,NOT_VERIFIED,,,True,False
S170,consumed_test,1,Rigid,ENG_PAIR_3_NEG_X,14459,0.10349392634899085,-0.0023027807899115506,1.600127224861718,280.30943941165623,382.40460191533674,True,False,NOT_VERIFIED,,,True,False
S170,consumed_test,1,Rigid,ENG_PAIR_3_POS_X,14436,-0.08016672393178736,0.012407386870187624,1.538569231760098,214.87633692581886,387.8457810298649,True,False,NOT_VERIFIED,,,True,False
S170,consumed_test,1,RigidD,ENG_MID_DOWN,14858,0.020742826040368333,0.03772834486443191,1.5467624283039947,251.58418436963692,397.194188146173,True,False,NOT_VERIFIED,1.9258471634134258,117.41190139821411,True,False
S170,consumed_test,1,RigidD,ENG_PAIR_3_NEG_X,14459,0.09753181177729672,0.0010266598227848863,1.605816854123622,278.10076253969726,383.59463168438606,True,False,NOT_VERIFIED,19.040545705195765,66.13053485978566,True,False
S170,consumed_test,1,RigidD,ENG_PAIR_3_POS_X,14436,-0.07893414849232526,0.013696039099158088,1.5419821139680152,215.38882130169858,388.31405100961535,True,False,NOT_VERIFIED,30.61218329112078,59.30672020055862,True,False
S170,consumed_test,2,Official,ENG_MID_DOWN,14858,0.02069820166919594,0.01871927232201657,1.6597563117834122,251.0575894709803,389.6860177164885,True,False,NOT_VERIFIED,,,False,False
S170,consumed_test,2,Official,ENG_PAIR_3_NEG_X,14459,0.09901050554476457,-0.024964731754822188,1.714767464940071,276.4217427833691,374.89296475504847,True,False,NOT_VERIFIED,,,False,False
S170,consumed_test,2,Official,ENG_PAIR_3_POS_X,14436,-0.07960970617441579,-0.003505353563632154,1.641478140602291,216.8967227736171,382.00589740795436,True,False,NOT_VERIFIED,,,False,False
S170,consumed_test,2,Rigid,ENG_MID_DOWN,14858,0.01886098054418856,0.039187137538383515,1.547362655131676,250.89985945309127,397.72855145150396,True,False,NOT_VERIFIED,,,True,False
S170,consumed_test,2,Rigid,ENG_PAIR_3_NEG_X,14459,0.10282743715061801,-0.0016676633224400233,1.5958173301764338,280.17330602841866,382.6302463314105,True,False,NOT_VERIFIED,,,True,False
S170,consumed_test,2,Rigid,ENG_PAIR_3_POS_X,14436,-0.08186326600823257,0.013713040131838609,1.5375954430824332,214.2396330173384,388.33489023453916,True,False,NOT_VERIFIED,,,True,False
S170,consumed_test,2,RigidD,ENG_MID_DOWN,14858,0.018796362845923294,0.03916043602690993,1.5457340471236671,250.88363259972493,397.73393836800636,True,False,NOT_VERIFIED,2.845533863570274,105.79030700260633,True,False
S170,consumed_test,2,RigidD,ENG_PAIR_3_NEG_X,14459,0.09508206622479246,0.002444266754448631,1.603461184188403,277.29474612093156,384.1013590336275,True,False,NOT_VERIFIED,17.532175480015695,74.23748821243292,True,False
S170,consumed_test,2,RigidD,ENG_PAIR_3_POS_X,14436,-0.07995228696656372,0.018079716811162425,1.5500064718204625,215.16926925914132,389.90699975685936,True,False,NOT_VERIFIED,1.1499841901575059,120.45210435825142,True,False
S179,consumed_test,0,Official,ENG_MID_DOWN,14858,0.04152405396684838,0.03385252474829883,1.6903644042577213,264.9073167140862,401.7368343844455,True,False,NOT_VERIFIED,,,False,False
S179,consumed_test,0,Official,ENG_PAIR_3_NEG_X,14459,0.1303610187418256,-0.013987185119908478,1.719290967898069,293.4008449773673,385.4163980134122,True,False,NOT_VERIFIED,,,False,False
S179,consumed_test,0,Official,ENG_PAIR_3_POS_X,14436,-0.05870907520872386,0.017705571866501492,1.7018623332592713,232.07521915735254,396.16008753870994,True,False,NOT_VERIFIED,,,False,False
S179,consumed_test,0,Rigid,ENG_MID_DOWN,14858,0.056783840503002204,0.046992533011298215,1.5417221851854945,271.7260351959063,407.794966122891,True,False,NOT_VERIFIED,,,True,False
S179,consumed_test,0,Rigid,ENG_PAIR_1_NEG_X,13030,0.10089701956022948,-0.2779613255734912,1.5567757492558134,287.2799201231299,286.65885268884887,True,False,NOT_VERIFIED,,,True,False
S179,consumed_test,0,Rigid,ENG_PAIR_3_NEG_X,14459,0.14471798789797224,-0.0020695470525336863,1.5713513643248787,302.4481073874661,389.36776129396947,True,False,NOT_VERIFIED,,,True,False
S179,consumed_test,0,Rigid,ENG_PAIR_3_POS_X,14436,-0.04367079691942475,0.02907088311829241,1.546945874347369,235.5587805914388,401.0215240702083,True,False,NOT_VERIFIED,,,True,False
S179,consumed_test,0,RigidD,ENG_MID_DOWN,14858,0.05678741157460908,0.04736646980339393,1.543809906589795,271.6996333476484,407.9114473170155,True,False,NOT_VERIFIED,6.061586863490021,111.2498795861282,True,False
S179,consumed_test,0,RigidD,ENG_PAIR_3_NEG_X,14459,0.13930159058495367,0.0015771493946362628,1.579402556494323,300.28075724727404,390.7097009169222,True,False,NOT_VERIFIED,4.234456580622397,66.38693609292916,True,False
S179,consumed_test,0,RigidD,ENG_PAIR_3_POS_X,14436,-0.03677403575619253,0.0314703337312389,1.5616485348938296,238.16152789713516,401.80940926837275,True,False,NOT_VERIFIED,0.27464861860734824,100.02163375174945,True,False
S179,consumed_test,1,Official,ENG_MID_DOWN,14858,0.04152405396684838,0.03385252474829883,1.6903644042577213,264.9073167140862,401.7368343844455,True,False,NOT_VERIFIED,,,False,False
S179,consumed_test,1,Official,ENG_PAIR_3_NEG_X,14459,0.1303610187418256,-0.013987185119908478,1.719290967898069,293.4008449773673,385.4163980134122,True,False,NOT_VERIFIED,,,False,False
S179,consumed_test,1,Official,ENG_PAIR_3_POS_X,14436,-0.05870907520872386,0.017705571866501492,1.7018623332592713,232.07521915735254,396.16008753870994,True,False,NOT_VERIFIED,,,False,False
S179,consumed_test,1,Rigid,ENG_MID_DOWN,14858,0.04269012151835705,0.050097950695214506,1.5371857052358036,266.68975938576256,409.01783101618065,True,False,NOT_VERIFIED,,,True,False
S179,consumed_test,1,Rigid,ENG_PAIR_3_NEG_X,14459,0.1290308896627589,-0.0012298604458025803,1.5676507309940497,297.00629659153014,389.67636769431374,True,False,NOT_VERIFIED,,,True,False
S179,consumed_test,1,Rigid,ENG_PAIR_3_POS_X,14436,-0.05823703775520287,0.034727544629130386,1.5413167803200605,230.24800972133173,403.1881311138856,True,False,NOT_VERIFIED,,,True,False
S179,consumed_test,1,RigidD,ENG_MID_DOWN,14858,0.04275407907669,0.050954223673467636,1.542167583004448,266.66294210463747,409.2785885388361,True,False,NOT_VERIFIED,1.6304372557489264,131.54535240530353,True,False
S179,consumed_test,1,RigidD,ENG_PAIR_3_NEG_X,14459,0.12624382976065598,0.0009893593903002684,1.5725050180223712,295.87980907881865,390.49562083805097,True,False,NOT_VERIFIED,0.4885121503391304,62.90638971956447,True,False
S179,consumed_test,1,RigidD,ENG_PAIR_3_POS_X,14436,-0.052079095683956717,0.036515780868196755,1.5556864476577337,232.64242663714995,403.73366809761717,True,False,NOT_VERIFIED,22.203714560896387,63.5056236502242,True,False
S179,consumed_test,2,Official,ENG_MID_DOWN,14858,0.04152405396684838,0.03385252474829883,1.6903644042577213,264.9073167140862,401.7368343844455,True,False,NOT_VERIFIED,,,False,False
S179,consumed_test,2,Official,ENG_PAIR_3_NEG_X,14459,0.1303610187418256,-0.013987185119908478,1.719290967898069,293.4008449773673,385.4163980134122,True,False,NOT_VERIFIED,,,False,False
S179,consumed_test,2,Official,ENG_PAIR_3_POS_X,14436,-0.05870907520872386,0.017705571866501492,1.7018623332592713,232.07521915735254,396.16008753870994,True,False,NOT_VERIFIED,,,False,False
S179,consumed_test,2,Rigid,ENG_MID_DOWN,14858,0.06068715629721212,0.049718424443916304,1.54230073082371,273.1252260178715,408.81258701136704,True,False,NOT_VERIFIED,,,True,False
S179,consumed_test,2,Rigid,ENG_PAIR_1_NEG_X,13030,0.10778744942775847,-0.27481053616994733,1.5574700642566368,289.7231859757137,287.87735068675704,True,False,NOT_VERIFIED,,,True,False
S179,consumed_test,2,Rigid,ENG_PAIR_3_NEG_X,14459,0.149226088939657,0.001478599200048143,1.5714754956337569,304.0387513206816,390.6762774997493,True,False,NOT_VERIFIED,,,True,False
S179,consumed_test,2,Rigid,ENG_PAIR_3_POS_X,14436,-0.03957147123932674,0.03090718060815248,1.5481275097674865,237.04271640646087,401.7005990030667,True,False,NOT_VERIFIED,,,True,False
S179,consumed_test,2,RigidD,ENG_MID_DOWN,14858,0.0607960235390181,0.04924084879267449,1.5418998374291117,273.1701623022834,408.63794968760004,True,False,NOT_VERIFIED,1.2039549007161678,182.64660159328648,True,False
S179,consumed_test,2,RigidD,ENG_PAIR_1_NEG_X,13030,0.10418687920998707,-0.27578743874098105,1.5612848416218945,288.3472137017433,287.76458752759623,True,False,NOT_VERIFIED,12.406412452428361,39.782575705415596,True,False
S179,consumed_test,2,RigidD,ENG_PAIR_3_NEG_X,14459,0.1436834793161021,0.00505733804043446,1.5795815081205196,301.8172901251982,391.98644437264414,True,False,NOT_VERIFIED,4.231267393100109,191.46414151108002,True,False
S179,consumed_test,2,RigidD,ENG_PAIR_3_POS_X,14436,-0.03353073116568843,0.03276404354161801,1.5599847724161027,239.30329862425816,402.3024622911518,True,False,NOT_VERIFIED,1.3163610916163084,154.10566489977384,True,False
S184,consumed_test,0,Official,ENG_MID_DOWN,14858,-0.0182353604139523,0.050334715917397646,1.5956500055733618,232.94801111202696,401.0928808960084,True,False,NOT_VERIFIED,,,False,False
S184,consumed_test,0,Official,ENG_PAIR_3_NEG_X,14459,0.06662510107458107,0.011540264181406041,1.6451064090471177,261.5667986335916,387.108178403351,True,False,NOT_VERIFIED,,,False,False
S184,consumed_test,0,Official,ENG_PAIR_3_POS_X,14436,-0.11722325112143715,0.02329609534445913,1.5836434084020756,198.4508662371253,391.49544161056906,True,False,NOT_VERIFIED,,,False,False
S184,consumed_test,0,Rigid,ENG_MID_DOWN,14858,-0.03276133741595776,0.08097371678889692,1.5503965410274265,227.60048839932242,412.88423632046477,True,False,NOT_VERIFIED,,,True,False
S184,consumed_test,0,Rigid,ENG_PAIR_3_NEG_X,14459,0.056767833624512376,0.04192206681983471,1.5905430156124014,258.91688731860324,398.13524454360333,True,False,NOT_VERIFIED,,,True,False
S184,consumed_test,0,Rigid,ENG_PAIR_3_POS_X,14436,-0.13209693785196636,0.05282782018692944,1.5466422267988587,192.17477109018992,402.581708293458,True,False,NOT_VERIFIED,,,True,False
S184,consumed_test,0,RigidD,ENG_MID_DOWN,14858,-0.032138747227761756,0.07991651483780055,1.5446508186156387,227.77930930325516,412.6047975268775,True,False,NOT_VERIFIED,2.227082018049027,98.61623802175748,True,False
S184,consumed_test,0,RigidD,ENG_PAIR_3_NEG_X,14459,0.04755705525763902,0.04601249184320111,1.5997846617980407,255.63009707081076,399.50611855123407,True,False,NOT_VERIFIED,5.252869030119219,90.2718089985538,True,False
S184,consumed_test,0,RigidD,ENG_PAIR_3_POS_X,14436,-0.13077089798668629,0.05409659871704777,1.5490571644671567,192.7199416278114,403.018303687994,True,False,NOT_VERIFIED,2.276927859095614,56.60185539277732,True,False
S184,consumed_test,1,Official,ENG_MID_DOWN,14858,-0.0182353604139523,0.050334715917397646,1.5956500055733618,232.94801111202696,401.0928808960084,True,False,NOT_VERIFIED,,,False,False
S184,consumed_test,1,Official,ENG_PAIR_3_NEG_X,14459,0.06662510107458107,0.011540264181406041,1.6451064090471177,261.5667986335916,387.108178403351,True,False,NOT_VERIFIED,,,False,False
S184,consumed_test,1,Official,ENG_PAIR_3_POS_X,14436,-0.11722325112143715,0.02329609534445913,1.5836434084020756,198.4508662371253,391.49544161056906,True,False,NOT_VERIFIED,,,False,False
S184,consumed_test,1,Rigid,ENG_MID_DOWN,14858,-0.03655105920209438,0.09129125469561336,1.5463346474843969,226.2191911919355,416.76633384685255,True,False,NOT_VERIFIED,,,True,False
S184,consumed_test,1,Rigid,ENG_PAIR_3_NEG_X,14459,0.052789325822138924,0.05118850438089434,1.585860693011606,257.592315700098,401.5108238114936,True,False,NOT_VERIFIED,,,True,False
S184,consumed_test,1,Rigid,ENG_PAIR_3_POS_X,14436,-0.1361472200339905,0.06405145813455257,1.5428067421998195,190.61087504550667,406.7775269490913,True,False,NOT_VERIFIED,,,True,False
S184,consumed_test,1,RigidD,ENG_MID_DOWN,14858,-0.03585245875947126,0.09017936081644448,1.5410645641876708,226.42448264881313,416.4700978441424,True,False,NOT_VERIFIED,2.629962780071883,174.05689702756487,True,False
S184,consumed_test,1,RigidD,ENG_PAIR_3_NEG_X,14459,0.04511182796687972,0.054656507241697495,1.593821857304158,254.84584724801687,402.65939929453043,True,False,NOT_VERIFIED,4.888932537786455,208.54948689798286,True,False
S184,consumed_test,1,RigidD,ENG_PAIR_3_POS_X,14436,-0.13388993266690855,0.06502702690809939,1.5458077815392284,191.51009695817126,407.0913732801021,True,False,NOT_VERIFIED,2.5779190611789096,125.76592764570066,True,False
S184,consumed_test,2,Official,ENG_MID_DOWN,14858,-0.0182353604139523,0.050334715917397646,1.5956500055733618,232.94801111202696,401.0928808960084,True,False,NOT_VERIFIED,,,False,False
S184,consumed_test,2,Official,ENG_PAIR_3_NEG_X,14459,0.06662510107458107,0.011540264181406041,1.6451064090471177,261.5667986335916,387.108178403351,True,False,NOT_VERIFIED,,,False,False
S184,consumed_test,2,Official,ENG_PAIR_3_POS_X,14436,-0.11722325112143715,0.02329609534445913,1.5836434084020756,198.4508662371253,391.49544161056906,True,False,NOT_VERIFIED,,,False,False
S184,consumed_test,2,Rigid,ENG_MID_DOWN,14858,-0.04078108443873234,0.0913671173272741,1.5466501133240222,224.71452030119622,416.7874322804322,True,False,NOT_VERIFIED,,,True,False
S184,consumed_test,2,Rigid,ENG_PAIR_3_NEG_X,14459,0.04824800499770758,0.0508552975034505,1.5864603751013877,256.00773392148005,401.3841278548912,True,False,NOT_VERIFIED,,,True,False
S184,consumed_test,2,Rigid,ENG_PAIR_3_POS_X,14436,-0.1404858426796038,0.06457387895302631,1.5427859903461734,189.06032296824344,406.97089516970806,True,False,NOT_VERIFIED,,,True,False
S184,consumed_test,2,RigidD,ENG_MID_DOWN,14858,-0.03979404482766609,0.08994052111499976,1.540248103234775,225.00730240221245,416.3993783392956,True,False,NOT_VERIFIED,2.8354075101120664,154.10433781370682,True,False
S184,consumed_test,2,RigidD,ENG_PAIR_3_NEG_X,14459,0.041144719813751944,0.05386818642618792,1.5927055304725557,253.48401823093155,402.3909248169968,True,False,NOT_VERIFIED,3.724251381829478,117.69401880715337,True,False
S184,consumed_test,2,RigidD,ENG_PAIR_3_POS_X,14436,-0.13803977748990856,0.06561152729103444,1.546352740616993,190.04787910986704,407.29841338386717,True,False,NOT_VERIFIED,3.0169127168650562,76.56719162557548,True,False
S187,dev,0,Rigid,ENG_PAIR_1_NEG_X,13030,0.06426104782594755,-0.27413418623135344,1.547014265326625,277.7539408137464,294.3447909429375,True,False,NOT_VERIFIED,,,True,False
S187,dev,0,RigidD,ENG_PAIR_1_NEG_X,13030,0.06197743381737272,-0.2741506009095429,1.5458446338938314,276.92650160666346,294.2611732150426,True,False,NOT_VERIFIED,1.9509612696858887,72.01854539314886,True,False
S187,dev,1,Rigid,ENG_PAIR_1_NEG_X,13030,0.058632146066604746,-0.2699891165161269,1.5463700786072954,275.68065327793903,295.8511750361608,True,False,NOT_VERIFIED,,,True,False
S187,dev,2,Rigid,ENG_PAIR_1_NEG_X,13030,0.0701301914061935,-0.27328904468918314,1.54817608450122,279.90566846356035,294.73710610002877,True,False,NOT_VERIFIED,,,True,False
S187,dev,2,RigidD,ENG_PAIR_1_NEG_X,13030,0.06556897072195914,-0.274548502801171,1.5482468537932743,278.2184753803232,294.2716706678371,True,False,NOT_VERIFIED,1.7384379542390316,72.07383081115113,True,False
S188,consumed_test,0,Official,ENG_MID_DOWN,14858,-0.011713815664674953,0.03734896081684662,1.4645814722956343,229.01325329377474,413.66608241747485,True,False,NOT_VERIFIED,,,False,False
S188,consumed_test,0,Official,ENG_PAIR_3_NEG_X,14459,0.08429882804490679,-0.0053798081760285926,1.4858477564220938,264.3837196843038,396.7918282016273,True,False,NOT_VERIFIED,,,False,False
S188,consumed_test,0,Official,ENG_PAIR_3_POS_X,14436,-0.11154702918883647,0.006991981286291871,1.4819699830760003,192.25556360171566,401.62354012884737,True,False,NOT_VERIFIED,,,False,False
S188,consumed_test,0,Rigid,ENG_MID_DOWN,14858,-0.02411967294989189,0.011441106691831576,1.5256831078780642,224.74523265164558,403.2349203813602,True,False,NOT_VERIFIED,,,True,False
S188,consumed_test,0,Rigid,ENG_PAIR_3_NEG_X,14459,0.07144510829963482,-0.032324224486426155,1.5468585338214642,258.62059417311144,386.78159856207066,True,False,NOT_VERIFIED,,,True,False
S188,consumed_test,0,RigidD,ENG_MID_DOWN,14858,-0.02405606637669351,0.015385250448635436,1.540839767227171,224.85275974114433,404.675367182081,True,False,NOT_VERIFIED,1.7920188635082286,166.94483411678848,True,False
S188,consumed_test,0,RigidD,ENG_PAIR_3_NEG_X,14459,0.06672258361616162,-0.028049760683215873,1.5598973464300734,256.75541182904715,388.4705745982406,True,False,NOT_VERIFIED,11.531253155830088,95.26697724888272,True,False
S188,consumed_test,1,Official,ENG_MID_DOWN,14858,-0.011713815664674953,0.03734896081684662,1.4645814722956343,229.01325329377474,413.66608241747485,True,False,NOT_VERIFIED,,,False,False
S188,consumed_test,1,Official,ENG_PAIR_3_NEG_X,14459,0.08429882804490679,-0.0053798081760285926,1.4858477564220938,264.3837196843038,396.7918282016273,True,False,NOT_VERIFIED,,,False,False
S188,consumed_test,1,Official,ENG_PAIR_3_POS_X,14436,-0.11154702918883647,0.006991981286291871,1.4819699830760003,192.25556360171566,401.62354012884737,True,False,NOT_VERIFIED,,,False,False
S188,consumed_test,1,Rigid,ENG_MID_DOWN,14858,-0.022083167375636245,0.006039072638669311,1.5265193740430432,225.4789208208064,401.1820575311448,True,False,NOT_VERIFIED,,,True,False
S188,consumed_test,1,RigidD,ENG_MID_DOWN,14858,-0.022183602332357426,0.010387385639081852,1.5427843257802154,225.526684143937,402.79100540642435,True,False,NOT_VERIFIED,1.0691798221791278,135.7923338495928,True,False
S188,consumed_test,1,RigidD,ENG_PAIR_3_NEG_X,14459,0.0688767695440319,-0.03374703891569358,1.560751330890066,257.49679046288014,386.3611567278646,True,False,NOT_VERIFIED,16.635084967540312,90.3407064931832,True,False
S188,consumed_test,2,Official,ENG_MID_DOWN,14858,-0.011713815664674953,0.03734896081684662,1.4645814722956343,229.01325329377474,413.66608241747485,True,False,NOT_VERIFIED,,,False,False
S188,consumed_test,2,Official,ENG_PAIR_3_NEG_X,14459,0.08429882804490679,-0.0053798081760285926,1.4858477564220938,264.3837196843038,396.7918282016273,True,False,NOT_VERIFIED,,,False,False
S188,consumed_test,2,Official,ENG_PAIR_3_POS_X,14436,-0.11154702918883647,0.006991981286291871,1.4819699830760003,192.25556360171566,401.62354012884737,True,False,NOT_VERIFIED,,,False,False
S188,consumed_test,2,Rigid,ENG_MID_DOWN,14858,-0.02702511491173383,0.010151813474649498,1.5257207135167192,223.70491426404212,402.74517234799515,True,False,NOT_VERIFIED,,,True,False
S188,consumed_test,2,Rigid,ENG_PAIR_3_NEG_X,14459,0.06811666613830589,-0.03459919622064645,1.5467402026202801,257.44670277974564,385.9284365990608,True,False,NOT_VERIFIED,,,True,False
S188,consumed_test,2,RigidD,ENG_MID_DOWN,14858,-0.026847119169813013,0.014080633024969955,1.5407303030895447,223.8623263922418,404.18514426206116,True,False,NOT_VERIFIED,0.7731613764484258,85.94298472978532,True,False
S188,consumed_test,2,RigidD,ENG_PAIR_3_NEG_X,14459,0.06407326342037248,-0.03045677304197841,1.559233260811633,255.83695277641613,387.57166183090857,True,False,NOT_VERIFIED,14.386730831450755,40.17934382252029,True,False
S196,consumed_test,0,Official,ENG_MID_DOWN,14858,-0.10878219455602606,0.11421063546342375,1.6789777577455314,214.4308095416219,390.99801613104324,True,False,NOT_VERIFIED,,,False,False
S196,consumed_test,0,Official,ENG_PAIR_3_NEG_X,14459,-0.014769103859647102,0.08762745008379746,1.6981158131945515,245.21745898005236,381.77443901161166,True,False,NOT_VERIFIED,,,False,False
S196,consumed_test,0,Official,ENG_PAIR_3_POS_X,14436,-0.19821370349218115,0.07514370464975643,1.7038716130695786,186.14292114263827,377.5612068361325,True,False,NOT_VERIFIED,,,False,False
S196,consumed_test,0,Rigid,ENG_MID_DOWN,14858,-0.10624244662697582,0.09791116870804903,1.5441277146096524,212.22804013040354,388.40571808854514,True,False,NOT_VERIFIED,,,True,False
S196,consumed_test,0,Rigid,ENG_PAIR_3_NEG_X,14459,-0.014145434957609318,0.07115454400526797,1.5708412993498182,245.04860202992583,378.23262217884707,True,False,NOT_VERIFIED,,,True,False
S196,consumed_test,0,Rigid,ENG_PAIR_3_POS_X,14436,-0.19737041297152283,0.05831463250771689,1.5606120094849254,180.57843188305384,373.77810773033264,True,False,NOT_VERIFIED,,,True,False
S196,consumed_test,0,RigidD,ENG_MID_DOWN,14858,-0.1060872734660423,0.09763631791266247,1.5422079181141624,212.23625503604458,388.3499505378527,True,False,NOT_VERIFIED,17.16948695128542,54.55054307978308,True,False
S196,consumed_test,0,RigidD,ENG_PAIR_3_NEG_X,14459,-0.021103175700912163,0.0748130361389595,1.5789317071485625,242.6553731029296,379.4037241290153,True,False,NOT_VERIFIED,2.8712866964522514,49.25533457634964,True,False
S196,consumed_test,0,RigidD,ENG_PAIR_3_POS_X,14436,-0.19193464609821673,0.06258872304916488,1.5682876140962103,182.82048498770504,375.206168132544,True,False,NOT_VERIFIED,2.2606274076728456,70.48127160928205,True,False
S196,consumed_test,1,Official,ENG_MID_DOWN,14858,-0.10878219455602606,0.11421063546342375,1.6789777577455314,214.4308095416219,390.99801613104324,True,False,NOT_VERIFIED,,,False,False
S196,consumed_test,1,Official,ENG_PAIR_3_NEG_X,14459,-0.014769103859647102,0.08762745008379746,1.6981158131945515,245.21745898005236,381.77443901161166,True,False,NOT_VERIFIED,,,False,False
S196,consumed_test,1,Official,ENG_PAIR_3_POS_X,14436,-0.19821370349218115,0.07514370464975643,1.7038716130695786,186.14292114263827,377.5612068361325,True,False,NOT_VERIFIED,,,False,False
S196,consumed_test,1,Rigid,ENG_MID_DOWN,14858,-0.10342564596432727,0.0962101757434389,1.5437053874032127,213.21918943426434,387.7965431305478,True,False,NOT_VERIFIED,,,True,False
S196,consumed_test,1,Rigid,ENG_PAIR_3_NEG_X,14459,-0.010587623656787856,0.0712098021980277,1.5695409263021332,246.28862379877728,378.2734768637508,True,False,NOT_VERIFIED,,,True,False
S196,consumed_test,1,Rigid,ENG_PAIR_3_POS_X,14436,-0.19364167715103045,0.054998754646175534,1.5612156813686462,181.91611094765537,372.5770176554434,True,False,NOT_VERIFIED,,,True,False
S196,consumed_test,1,RigidD,ENG_MID_DOWN,14858,-0.10341863698626673,0.09620433947196139,1.541862561016755,213.17773492916172,387.8362569483021,True,False,NOT_VERIFIED,3.1327337108050326,80.31798159971169,True,False
S196,consumed_test,1,RigidD,ENG_PAIR_3_NEG_X,14459,-0.017438486174473824,0.07540832604790063,1.5789611687964658,243.92935483137742,379.6149917864355,True,False,NOT_VERIFIED,3.5010775003663728,30.50255831686562,True,False
S196,consumed_test,1,RigidD,ENG_PAIR_3_POS_X,14436,-0.1889612642451856,0.05917344253080577,1.5683878085444052,183.86529032890166,373.9816177320743,True,False,NOT_VERIFIED,2.4824205411427394,66.98485439029774,True,False
S196,consumed_test,2,Official,ENG_MID_DOWN,14858,-0.10878219455602606,0.11421063546342375,1.6789777577455314,214.4308095416219,390.99801613104324,True,False,NOT_VERIFIED,,,False,False
S196,consumed_test,2,Official,ENG_PAIR_3_NEG_X,14459,-0.014769103859647102,0.08762745008379746,1.6981158131945515,245.21745898005236,381.77443901161166,True,False,NOT_VERIFIED,,,False,False
S196,consumed_test,2,Official,ENG_PAIR_3_POS_X,14436,-0.19821370349218115,0.07514370464975643,1.7038716130695786,186.14292114263827,377.5612068361325,True,False,NOT_VERIFIED,,,False,False
S196,consumed_test,2,Rigid,ENG_MID_DOWN,14858,-0.10575984495304808,0.09496838113477091,1.5433639145722755,212.3809728587385,387.35235240700365,True,False,NOT_VERIFIED,,,True,False
S196,consumed_test,2,Rigid,ENG_PAIR_3_NEG_X,14459,-0.01296272755338303,0.06955835435569283,1.5689455031660717,245.45636313658179,377.69192337470514,True,False,NOT_VERIFIED,,,True,False
S196,consumed_test,2,RigidD,ENG_MID_DOWN,14858,-0.10585518934620985,0.09529094807276844,1.5423228894907812,212.32165818984217,387.49315474752075,True,False,NOT_VERIFIED,2.475203690606902,102.8672857477471,True,False
S196,consumed_test,2,RigidD,ENG_PAIR_3_NEG_X,14459,-0.020222456709251668,0.07320316484181041,1.577792341149853,242.9564402884599,378.8498342469172,True,False,NOT_VERIFIED,16.18229985276957,86.27557835955282,True,False
S196,consumed_test,2,RigidD,ENG_PAIR_3_POS_X,14436,-0.19078506655593225,0.0588671646050352,1.5694476949655063,183.272150727951,373.857692762527,True,False,NOT_VERIFIED,2.741110256261554,94.93802954683228,True,False
