dataset,name,condition,mode,visible_query_median_percent,visible_query_p95_percent,visible_surface_query_median_percent,query_visible_fraction
faust,tr_reg_080,FULL,BODY_CHART_NN,2.3792367997222756,3.5617817079474037,1.7901630309405263,1.0
faust,tr_reg_080,PARTIAL_BAND,BODY_CHART_NN,2.305597090001859,3.4338963329889203,2.0213261315315223,0.8205128205128206
faust,tr_reg_080,NOISY_PARTIAL,BODY_CHART_NN,2.503040003048161,3.9092103945617134,2.4092013209960332,0.8205128205128206
faust,tr_reg_081,FULL,BODY_CHART_NN,3.76547576398247,10.821909638667853,7.954901111572276,1.0
faust,tr_reg_081,PARTIAL_BAND,BODY_CHART_NN,4.068276168996013,9.78750300543568,5.836230683254292,0.7948717948717948
faust,tr_reg_081,NOISY_PARTIAL,BODY_CHART_NN,3.954038665237776,10.196250156789787,6.064064853236587,0.7948717948717948
faust,tr_reg_082,FULL,BODY_CHART_NN,2.069614368529121,5.784879687562277,2.345928500597708,1.0
faust,tr_reg_082,PARTIAL_BAND,BODY_CHART_NN,2.326963577597887,6.298892836865844,2.4046527195606884,0.7948717948717948
faust,tr_reg_082,NOISY_PARTIAL,BODY_CHART_NN,2.421932089005857,5.545088565681856,2.515656344920096,0.7948717948717948
faust,tr_reg_083,FULL,BODY_CHART_NN,2.694538472086622,8.906209179347979,3.6996247814072754,1.0
faust,tr_reg_083,PARTIAL_BAND,BODY_CHART_NN,2.9523774828620097,8.899695337887595,3.877478059263131,0.782051282051282
faust,tr_reg_083,NOISY_PARTIAL,BODY_CHART_NN,3.0103620257431323,8.481852260135504,3.95504122250242,0.782051282051282
faust,tr_reg_084,FULL,BODY_CHART_NN,2.4491231330050978,8.417636523630545,2.1740880328433754,1.0
faust,tr_reg_084,PARTIAL_BAND,BODY_CHART_NN,2.401126191648055,6.4244439909227635,2.367611300549448,0.7692307692307693
faust,tr_reg_084,NOISY_PARTIAL,BODY_CHART_NN,2.6144390842216234,4.92869250910582,2.125471675899259,0.7692307692307693
faust,tr_reg_085,FULL,BODY_CHART_NN,2.088971694247549,6.715946792376289,2.2759968545857063,1.0
faust,tr_reg_085,PARTIAL_BAND,BODY_CHART_NN,2.0498381993379997,4.916373165481212,2.3994822432945937,0.7564102564102564
faust,tr_reg_085,NOISY_PARTIAL,BODY_CHART_NN,2.6893464115128825,4.627074021790972,2.2898440814005436,0.7564102564102564
faust,tr_reg_086,FULL,BODY_CHART_NN,3.284873694841815,9.090206177209506,4.606014686437168,1.0
faust,tr_reg_086,PARTIAL_BAND,BODY_CHART_NN,3.641922504121889,8.050851364859998,4.589398573977674,0.7948717948717948
faust,tr_reg_086,NOISY_PARTIAL,BODY_CHART_NN,3.098432690788204,7.68531183682681,4.269093976689243,0.7948717948717948
faust,tr_reg_087,FULL,BODY_CHART_NN,6.466541116035948,11.257643675985767,7.537647762808189,1.0
faust,tr_reg_087,PARTIAL_BAND,BODY_CHART_NN,6.312683021994784,11.972248581875611,8.026152148406199,0.717948717948718
faust,tr_reg_087,NOISY_PARTIAL,BODY_CHART_NN,6.194887369990745,11.16068800643601,6.89821893006252,0.717948717948718
faust,tr_reg_088,FULL,BODY_CHART_NN,15.015315634474526,24.879479375773432,20.430476929530165,1.0
faust,tr_reg_088,PARTIAL_BAND,BODY_CHART_NN,16.248657578689322,25.921104895077843,19.51643449582291,0.7564102564102564
faust,tr_reg_088,NOISY_PARTIAL,BODY_CHART_NN,15.205627605302356,25.363819093181874,19.158107380368154,0.7564102564102564
faust,tr_reg_089,FULL,BODY_CHART_NN,7.72695598239342,11.557335983231107,7.818665095965731,1.0
faust,tr_reg_089,PARTIAL_BAND,BODY_CHART_NN,7.883896263072143,12.197184006513355,8.60717367116548,0.717948717948718
faust,tr_reg_089,NOISY_PARTIAL,BODY_CHART_NN,5.253196808091458,10.513593476701821,5.862231751865106,0.717948717948718
faust,tr_reg_090,FULL,BODY_CHART_NN,1.920072480753463,2.8265616149913053,2.2176815061290194,1.0
faust,tr_reg_090,PARTIAL_BAND,BODY_CHART_NN,2.0851896850419913,3.310804810324063,2.152818616166553,0.8076923076923076
faust,tr_reg_090,NOISY_PARTIAL,BODY_CHART_NN,2.1544458284888637,3.2403677574559837,2.1126934829860313,0.8076923076923076
faust,tr_reg_091,FULL,BODY_CHART_NN,4.261003614146229,9.707000140248788,7.740309926431602,1.0
faust,tr_reg_091,PARTIAL_BAND,BODY_CHART_NN,4.527927573875694,9.657521715954912,5.765200382987533,0.8076923076923078
faust,tr_reg_091,NOISY_PARTIAL,BODY_CHART_NN,4.627857215827287,10.02832040815801,5.624882504476337,0.8076923076923078
faust,tr_reg_092,FULL,BODY_CHART_NN,2.7822193384508047,5.578044400999533,2.83300614096706,1.0
faust,tr_reg_092,PARTIAL_BAND,BODY_CHART_NN,2.5968816273565967,5.461621739808028,2.460749180828209,0.794871794871795
faust,tr_reg_092,NOISY_PARTIAL,BODY_CHART_NN,2.1058208045447495,4.480087849324216,2.4040235117608546,0.794871794871795
faust,tr_reg_093,FULL,BODY_CHART_NN,2.4744267395767134,9.275102688890204,3.6383057054097745,1.0
faust,tr_reg_093,PARTIAL_BAND,BODY_CHART_NN,2.8706679113346865,10.14319315183811,3.831437034628525,0.7692307692307692
faust,tr_reg_093,NOISY_PARTIAL,BODY_CHART_NN,2.954480840088777,11.169394328507828,4.011721928259303,0.7692307692307692
faust,tr_reg_094,FULL,BODY_CHART_NN,1.6360514097523555,2.7416012175349884,1.8438715640341143,1.0
faust,tr_reg_094,PARTIAL_BAND,BODY_CHART_NN,1.8908369010494306,3.4560908848056155,1.8358172091985852,0.794871794871795
faust,tr_reg_094,NOISY_PARTIAL,BODY_CHART_NN,2.145344090472857,3.2681389524526394,1.9638996781174722,0.794871794871795
faust,tr_reg_095,FULL,BODY_CHART_NN,2.0273747437669654,3.438910808841938,2.076707700332995,1.0
faust,tr_reg_095,PARTIAL_BAND,BODY_CHART_NN,2.1160578326176633,3.431290783397753,2.248106631820983,0.7948717948717948
faust,tr_reg_095,NOISY_PARTIAL,BODY_CHART_NN,2.1786770983990924,3.5069006760588444,2.285693951228023,0.7948717948717948
faust,tr_reg_096,FULL,BODY_CHART_NN,2.5930203430660597,7.490851720041626,4.133366232373696,1.0
faust,tr_reg_096,PARTIAL_BAND,BODY_CHART_NN,2.7048498724864563,7.226453339802167,4.246597282126186,0.8076923076923076
faust,tr_reg_096,NOISY_PARTIAL,BODY_CHART_NN,2.8155042779415678,7.539119899529395,4.09568862524835,0.8076923076923076
faust,tr_reg_097,FULL,BODY_CHART_NN,8.215608272527945,12.1145828955512,10.329688936721322,1.0
faust,tr_reg_097,PARTIAL_BAND,BODY_CHART_NN,7.748451583741531,13.378607516154226,10.353480142610659,0.8846153846153846
faust,tr_reg_097,NOISY_PARTIAL,BODY_CHART_NN,7.138185059838677,13.089911734160227,8.511433946353993,0.8846153846153846
faust,tr_reg_098,FULL,BODY_CHART_NN,14.116091510230424,24.94247389281792,16.577593156153334,1.0
faust,tr_reg_098,PARTIAL_BAND,BODY_CHART_NN,14.203859115171221,25.1199626464506,17.70839966207368,0.8333333333333334
faust,tr_reg_098,NOISY_PARTIAL,BODY_CHART_NN,13.780091717862405,24.955424986413124,16.623743680675023,0.8333333333333334
faust,tr_reg_099,FULL,BODY_CHART_NN,6.208376603293395,11.39951715010554,9.073929187678807,1.0
faust,tr_reg_099,PARTIAL_BAND,BODY_CHART_NN,6.19310849672497,11.414725654985169,8.428225967190178,0.6923076923076922
faust,tr_reg_099,NOISY_PARTIAL,BODY_CHART_NN,5.77840213889101,12.02858171883885,7.893074158656027,0.6923076923076922
scape,mesh052,FULL,BODY_CHART_NN,4.989605478340067,8.36461620072213,5.762982206493247,1.0
scape,mesh052,PARTIAL_BAND,BODY_CHART_NN,4.906978831867478,9.583905475479906,5.448222907964897,0.7901234567901234
scape,mesh052,NOISY_PARTIAL,BODY_CHART_NN,4.649594098272197,9.925404398814763,5.477501147644784,0.7901234567901234
scape,mesh053,FULL,BODY_CHART_NN,16.07566213616534,22.77253596244107,16.3027722187881,1.0
scape,mesh053,PARTIAL_BAND,BODY_CHART_NN,15.323901420676643,21.342332249893918,15.451422171205158,0.8024691358024691
scape,mesh053,NOISY_PARTIAL,BODY_CHART_NN,15.305973704632493,21.38702130147952,15.03251185730352,0.8024691358024691
scape,mesh054,FULL,BODY_CHART_NN,3.9910038563652477,5.413365599657092,3.6529051272372413,1.0
scape,mesh054,PARTIAL_BAND,BODY_CHART_NN,4.213685382069214,5.870651632147406,4.104202106464956,0.8024691358024691
scape,mesh054,NOISY_PARTIAL,BODY_CHART_NN,4.211570677267108,5.5281893431717215,3.999781760964803,0.8024691358024691
scape,mesh055,FULL,BODY_CHART_NN,20.07445202771474,26.16273613882279,21.516610985231427,1.0
scape,mesh055,PARTIAL_BAND,BODY_CHART_NN,20.26352940696184,26.58662356674667,21.725610413929164,0.7777777777777777
scape,mesh055,NOISY_PARTIAL,BODY_CHART_NN,19.738706150672225,26.15313670292151,21.671157948080378,0.7777777777777777
scape,mesh056,FULL,BODY_CHART_NN,15.922507905431042,27.77251938793493,16.343586287218486,1.0
scape,mesh056,PARTIAL_BAND,BODY_CHART_NN,16.891492893837565,26.70458964778111,17.24144674998567,0.8148148148148148
scape,mesh056,NOISY_PARTIAL,BODY_CHART_NN,17.083885096916003,25.79524722734983,17.325204925935225,0.8148148148148148
scape,mesh057,FULL,BODY_CHART_NN,17.334829730469625,24.18702347927864,18.63891776814365,1.0
scape,mesh057,PARTIAL_BAND,BODY_CHART_NN,17.690273734852827,24.126488647143955,18.76999009252461,0.8148148148148148
scape,mesh057,NOISY_PARTIAL,BODY_CHART_NN,17.229438842070063,24.11332526566061,18.30355354199867,0.8148148148148148
scape,mesh058,FULL,BODY_CHART_NN,17.23855201314152,22.769560172285633,17.647993638478837,1.0
scape,mesh058,PARTIAL_BAND,BODY_CHART_NN,17.83314834431874,21.653958703043894,17.990261732677492,0.8024691358024691
scape,mesh058,NOISY_PARTIAL,BODY_CHART_NN,17.734148055024473,21.653958703043894,17.644697830577147,0.8024691358024691
scape,mesh059,FULL,BODY_CHART_NN,2.7425539632123903,9.396330131480628,4.17869978367325,1.0
scape,mesh059,PARTIAL_BAND,BODY_CHART_NN,3.305393044246904,9.059646713006927,3.97235608033728,0.7654320987654321
scape,mesh059,NOISY_PARTIAL,BODY_CHART_NN,3.4497971293157583,8.418505017341309,3.8356333234812237,0.7654320987654321
scape,mesh060,FULL,BODY_CHART_NN,4.686951912467604,7.274534970452706,4.515494401681373,1.0
scape,mesh060,PARTIAL_BAND,BODY_CHART_NN,4.946349274381938,7.152908340450348,4.831142158860305,0.8024691358024691
scape,mesh060,NOISY_PARTIAL,BODY_CHART_NN,4.800783416725886,7.403667903170931,4.541592493682997,0.8024691358024691
scape,mesh061,FULL,BODY_CHART_NN,5.697901269423444,12.99709003275722,5.693482881016447,1.0
scape,mesh061,PARTIAL_BAND,BODY_CHART_NN,5.255468038034643,13.090987556620862,5.642431988845164,0.8024691358024691
scape,mesh061,NOISY_PARTIAL,BODY_CHART_NN,5.55564514247056,12.86493768838676,5.344268137565298,0.8024691358024691
scape,mesh062,FULL,BODY_CHART_NN,17.295472843603644,25.587619240663795,18.206261256283188,1.0
scape,mesh062,PARTIAL_BAND,BODY_CHART_NN,16.971361090634183,24.703398760079633,18.175824112511524,0.7530864197530865
scape,mesh062,NOISY_PARTIAL,BODY_CHART_NN,17.068110214295455,24.511247176657935,18.175824112511524,0.7530864197530865
scape,mesh063,FULL,BODY_CHART_NN,17.295472843603644,20.396452183702728,17.347567121053782,1.0
scape,mesh063,PARTIAL_BAND,BODY_CHART_NN,17.202622532257163,20.393425401893364,17.65354908677459,0.8148148148148148
scape,mesh063,NOISY_PARTIAL,BODY_CHART_NN,15.66809326225827,20.207411583408078,15.133419750602433,0.8148148148148148
scape,mesh064,FULL,BODY_CHART_NN,13.660197190943741,23.475568495640108,14.087689754130645,1.0
scape,mesh064,PARTIAL_BAND,BODY_CHART_NN,14.84770609352294,23.00592134486091,15.256874257504201,0.7407407407407408
scape,mesh064,NOISY_PARTIAL,BODY_CHART_NN,13.639381692273817,22.12316577545869,13.60597656060263,0.7407407407407408
scape,mesh065,FULL,BODY_CHART_NN,14.172145903453071,21.037999699497732,13.417800163722484,1.0
scape,mesh065,PARTIAL_BAND,BODY_CHART_NN,13.106360744675252,20.97355721080044,13.727053717993158,0.7777777777777777
scape,mesh065,NOISY_PARTIAL,BODY_CHART_NN,12.80765847019507,19.68881058327115,13.371364732888983,0.7777777777777777
scape,mesh066,FULL,BODY_CHART_NN,17.19638419975937,22.615258074272884,18.139402672245346,1.0
scape,mesh066,PARTIAL_BAND,BODY_CHART_NN,18.028300542543636,23.581173017254226,19.234668227767724,0.8148148148148148
scape,mesh066,NOISY_PARTIAL,BODY_CHART_NN,16.852765832388183,22.603293214973473,18.558764796570767,0.8148148148148148
scape,mesh067,FULL,BODY_CHART_NN,14.754281166921215,20.369716999075255,14.639130555492223,1.0
scape,mesh067,PARTIAL_BAND,BODY_CHART_NN,14.249304745965679,20.462041417995803,14.415734805113077,0.7407407407407408
scape,mesh067,NOISY_PARTIAL,BODY_CHART_NN,14.173492603367842,19.817887013446118,13.81422270423941,0.7407407407407408
scape,mesh068,FULL,BODY_CHART_NN,7.862930613449248,12.372418141152721,7.382831973260404,1.0
scape,mesh068,PARTIAL_BAND,BODY_CHART_NN,7.841068935375645,11.905314630875695,7.355057127098991,0.8024691358024691
scape,mesh068,NOISY_PARTIAL,BODY_CHART_NN,6.444943600517411,12.587574420023516,7.204407413724545,0.8024691358024691
scape,mesh069,FULL,BODY_CHART_NN,5.8346829844973085,11.18610502970313,5.863841957200123,1.0
scape,mesh069,PARTIAL_BAND,BODY_CHART_NN,5.399396939507745,9.938914069697246,5.69229091039378,0.7654320987654321
scape,mesh069,NOISY_PARTIAL,BODY_CHART_NN,5.846002212297621,9.807567179981794,5.409161487027352,0.7654320987654321
scape,mesh070,FULL,BODY_CHART_NN,5.61471338632471,9.699712999673293,6.269277574024078,1.0
scape,mesh070,PARTIAL_BAND,BODY_CHART_NN,6.076043480223383,9.802745613408304,6.657211435418546,0.7901234567901234
scape,mesh070,NOISY_PARTIAL,BODY_CHART_NN,6.335847932782208,9.989941411216286,6.5066681413731144,0.7901234567901234
scape,mesh071,FULL,BODY_CHART_NN,10.374628047410102,16.694511744949594,12.483921790864565,1.0
scape,mesh071,PARTIAL_BAND,BODY_CHART_NN,11.457873779109368,16.756324672749273,12.412536046298834,0.8271604938271605
scape,mesh071,NOISY_PARTIAL,BODY_CHART_NN,10.556605935135218,16.790458237014807,11.350395214632501,0.8271604938271605
faust,tr_reg_080,FULL,BODY_QUERY,2.2993018166696113,3.298097646347979,1.6149162733800906,1.0
faust,tr_reg_080,FULL,INTRINSIC_QUERY,6.28477697702161,25.074861963602206,5.89459079480934,1.0
faust,tr_reg_080,FULL,DUAL_QUERY,2.4612236252910145,9.36329754316803,2.1827936975373765,1.0
faust,tr_reg_080,PARTIAL_BAND,BODY_QUERY,2.284469528098248,3.3635219060700265,1.8111437701545015,0.8205128205128205
faust,tr_reg_080,PARTIAL_BAND,INTRINSIC_QUERY,10.655839751593906,24.681276213192877,9.713839795078673,0.8205128205128205
faust,tr_reg_080,PARTIAL_BAND,DUAL_QUERY,2.564150546971707,9.535998827545285,2.3456393317116575,0.8205128205128205
faust,tr_reg_080,NOISY_PARTIAL,BODY_QUERY,2.263592983350799,3.635166678822009,2.001629284805979,0.8205128205128205
faust,tr_reg_080,NOISY_PARTIAL,INTRINSIC_QUERY,11.515474697518092,26.352159466671335,10.49519342975448,0.8205128205128205
faust,tr_reg_080,NOISY_PARTIAL,DUAL_QUERY,2.564066765426022,9.261123477405823,2.411930120608658,0.8205128205128205
faust,tr_reg_081,FULL,BODY_QUERY,1.7135523605455836,3.5246269217443547,2.2620638512696876,1.0
faust,tr_reg_081,FULL,INTRINSIC_QUERY,13.097096970600925,26.53077888974189,12.78770931886204,1.0
faust,tr_reg_081,FULL,DUAL_QUERY,2.73282824942544,15.422263760614982,2.8260261687992365,1.0
faust,tr_reg_081,PARTIAL_BAND,BODY_QUERY,2.038149066732578,4.061460404074131,2.392536803752824,0.7948717948717949
faust,tr_reg_081,PARTIAL_BAND,INTRINSIC_QUERY,13.358056539316594,26.63829147667647,13.718194790359552,0.7948717948717949
faust,tr_reg_081,PARTIAL_BAND,DUAL_QUERY,2.79923787318461,14.613485049392942,2.9203533395520553,0.7948717948717949
faust,tr_reg_081,NOISY_PARTIAL,BODY_QUERY,2.4098287071395013,4.050264275033516,2.308372611501303,0.7948717948717949
faust,tr_reg_081,NOISY_PARTIAL,INTRINSIC_QUERY,14.206026791900525,27.15167819023013,13.849755811058373,0.7948717948717949
faust,tr_reg_081,NOISY_PARTIAL,DUAL_QUERY,2.860648337320436,11.717327208563114,2.744209858653952,0.7948717948717949
faust,tr_reg_082,FULL,BODY_QUERY,2.23404979198555,4.223017411647164,2.1102602998589055,1.0
faust,tr_reg_082,FULL,INTRINSIC_QUERY,8.553239811925065,25.750407298675366,8.791227982453721,1.0
faust,tr_reg_082,FULL,DUAL_QUERY,2.588281867182911,10.564569938345304,2.376680715497778,1.0
faust,tr_reg_082,PARTIAL_BAND,BODY_QUERY,2.23493239356122,4.220798213349737,2.169721165949727,0.7948717948717949
faust,tr_reg_082,PARTIAL_BAND,INTRINSIC_QUERY,9.053821841956374,24.193438540184985,9.323931685088656,0.7948717948717949
faust,tr_reg_082,PARTIAL_BAND,DUAL_QUERY,2.672068252055778,10.096344473257856,2.6592981335492434,0.7948717948717949
faust,tr_reg_082,NOISY_PARTIAL,BODY_QUERY,1.882975375414999,4.110442353055278,2.1292627980292176,0.7948717948717949
faust,tr_reg_082,NOISY_PARTIAL,INTRINSIC_QUERY,14.13776065383265,26.591839138071364,13.283593064402847,0.7948717948717949
faust,tr_reg_082,NOISY_PARTIAL,DUAL_QUERY,2.9386665817314834,12.082737532245112,3.111629231803779,0.7948717948717949
faust,tr_reg_083,FULL,BODY_QUERY,2.0636463154843927,4.151505509737159,2.2684281995187723,1.0
faust,tr_reg_083,FULL,INTRINSIC_QUERY,13.613452086458619,26.685488108878324,13.06127240762751,1.0
faust,tr_reg_083,FULL,DUAL_QUERY,2.4077549159669767,14.557596236286571,2.4049017159781383,1.0
faust,tr_reg_083,PARTIAL_BAND,BODY_QUERY,1.9292169696436108,3.930651793803955,2.0834690762931944,0.7820512820512822
faust,tr_reg_083,PARTIAL_BAND,INTRINSIC_QUERY,12.187130563253367,27.12528627286649,12.438678965356681,0.7820512820512822
faust,tr_reg_083,PARTIAL_BAND,DUAL_QUERY,2.621232012619329,13.409017745203444,2.4541544765172763,0.7820512820512822
faust,tr_reg_083,NOISY_PARTIAL,BODY_QUERY,1.9439455658467861,3.891443467988692,2.128572752134973,0.7820512820512822
faust,tr_reg_083,NOISY_PARTIAL,INTRINSIC_QUERY,13.412576249714288,26.955221661700232,12.782197635280689,0.7820512820512822
faust,tr_reg_083,NOISY_PARTIAL,DUAL_QUERY,2.865411993183502,12.433725635657598,2.700379969839164,0.7820512820512822
faust,tr_reg_084,FULL,BODY_QUERY,2.163526808486961,3.7713710751308134,2.2228224146297344,1.0
faust,tr_reg_084,FULL,INTRINSIC_QUERY,11.759844968414146,27.887464085646773,11.413658146082732,1.0
faust,tr_reg_084,FULL,DUAL_QUERY,2.765881920466706,11.909146512122728,2.5745350526530215,1.0
faust,tr_reg_084,PARTIAL_BAND,BODY_QUERY,2.2385881413212,3.6978163499990333,2.1672034000281823,0.7692307692307693
faust,tr_reg_084,PARTIAL_BAND,INTRINSIC_QUERY,14.337630394155951,29.168072692533144,14.220313305928759,0.7692307692307693
faust,tr_reg_084,PARTIAL_BAND,DUAL_QUERY,2.638055335881161,10.202209773215339,2.4996254830657088,0.7692307692307693
faust,tr_reg_084,NOISY_PARTIAL,BODY_QUERY,2.3512639720956474,3.716555330334645,2.2358037447459633,0.7692307692307693
faust,tr_reg_084,NOISY_PARTIAL,INTRINSIC_QUERY,15.084535479876681,27.90805099127869,14.696315854801217,0.7692307692307693
faust,tr_reg_084,NOISY_PARTIAL,DUAL_QUERY,2.840756990909415,11.069115591136047,2.827951503874037,0.7692307692307693
faust,tr_reg_085,FULL,BODY_QUERY,2.665218118028734,4.834837785799428,2.413923773470304,1.0
faust,tr_reg_085,FULL,INTRINSIC_QUERY,5.931714341958236,25.258626643696058,5.89236193177044,1.0
faust,tr_reg_085,FULL,DUAL_QUERY,2.7950251998353384,10.631226213017893,1.664102206678793,1.0
faust,tr_reg_085,PARTIAL_BAND,BODY_QUERY,2.5126222123015376,4.831853540753381,2.299257621788386,0.7564102564102564
faust,tr_reg_085,PARTIAL_BAND,INTRINSIC_QUERY,12.14423180987162,26.809152392962748,11.089437872512375,0.7564102564102564
faust,tr_reg_085,PARTIAL_BAND,DUAL_QUERY,3.0462788219895325,10.857087270590023,2.7308012574524505,0.7564102564102564
faust,tr_reg_085,NOISY_PARTIAL,BODY_QUERY,2.5612361773156005,4.423691523114566,2.3703580528030614,0.7564102564102564
faust,tr_reg_085,NOISY_PARTIAL,INTRINSIC_QUERY,15.027991201092277,28.11499352347535,13.611060536984276,0.7564102564102564
faust,tr_reg_085,NOISY_PARTIAL,DUAL_QUERY,3.1333833053461873,10.664344474117373,3.0342231036924523,0.7564102564102564
faust,tr_reg_086,FULL,BODY_QUERY,2.0945516497047882,3.585702607843542,2.396744036332857,1.0
faust,tr_reg_086,FULL,INTRINSIC_QUERY,11.3335747224011,28.554893409854248,11.02791234287264,1.0
faust,tr_reg_086,FULL,DUAL_QUERY,2.4334065702161762,13.619093737030926,2.7500700510557556,1.0
faust,tr_reg_086,PARTIAL_BAND,BODY_QUERY,2.213288902804596,3.707110161180364,2.566502238275396,0.7948717948717948
faust,tr_reg_086,PARTIAL_BAND,INTRINSIC_QUERY,10.946742136090254,25.973990678422396,11.473931952862632,0.7948717948717948
faust,tr_reg_086,PARTIAL_BAND,DUAL_QUERY,2.337416054204262,13.403695492898798,2.7669831991841987,0.7948717948717948
faust,tr_reg_086,NOISY_PARTIAL,BODY_QUERY,2.102178791499887,3.392348038141696,2.3508935691750477,0.7948717948717948
faust,tr_reg_086,NOISY_PARTIAL,INTRINSIC_QUERY,12.056418175809645,26.630336044346727,12.175429499570214,0.7948717948717948
faust,tr_reg_086,NOISY_PARTIAL,DUAL_QUERY,2.608390781215901,13.15030382510519,2.854455757054698,0.7948717948717948
faust,tr_reg_087,FULL,BODY_QUERY,1.8722858510957852,4.4783081295746445,1.892627802184928,1.0
faust,tr_reg_087,FULL,INTRINSIC_QUERY,14.588963699228707,26.976467690037257,15.352662435259045,1.0
faust,tr_reg_087,FULL,DUAL_QUERY,2.9927654410077924,14.231334798729002,3.0589975098134397,1.0
faust,tr_reg_087,PARTIAL_BAND,BODY_QUERY,2.2125167916882376,4.696968832149512,2.145426588863779,0.7179487179487178
faust,tr_reg_087,PARTIAL_BAND,INTRINSIC_QUERY,12.683750336527321,27.262779792806274,12.524176562688695,0.7179487179487178
faust,tr_reg_087,PARTIAL_BAND,DUAL_QUERY,3.0597634997308663,12.964994726527497,2.895039280879373,0.7179487179487178
faust,tr_reg_087,NOISY_PARTIAL,BODY_QUERY,1.9326112816622087,4.984824944593416,1.925069907369083,0.7179487179487178
faust,tr_reg_087,NOISY_PARTIAL,INTRINSIC_QUERY,11.647880388383319,25.1034317747278,10.75109054182326,0.7179487179487178
faust,tr_reg_087,NOISY_PARTIAL,DUAL_QUERY,3.8471111463053327,16.501874333486562,3.326744752104025,0.7179487179487178
faust,tr_reg_088,FULL,BODY_QUERY,3.665737767726818,9.964888003258888,3.378020322411961,1.0
faust,tr_reg_088,FULL,INTRINSIC_QUERY,11.59850896121025,25.404177520241582,10.901769112072056,1.0
faust,tr_reg_088,FULL,DUAL_QUERY,5.303657973644012,23.48619733943424,5.589909760164152,1.0
faust,tr_reg_088,PARTIAL_BAND,BODY_QUERY,3.6022329637272534,10.555685601998459,3.43643953905826,0.7564102564102564
faust,tr_reg_088,PARTIAL_BAND,INTRINSIC_QUERY,13.10375383566653,26.423157210811567,12.720915030916203,0.7564102564102564
faust,tr_reg_088,PARTIAL_BAND,DUAL_QUERY,5.30163902615176,21.59544204043107,5.63556506273839,0.7564102564102564
faust,tr_reg_088,NOISY_PARTIAL,BODY_QUERY,3.462857881139472,9.637757572346791,3.49521936676322,0.7564102564102564
faust,tr_reg_088,NOISY_PARTIAL,INTRINSIC_QUERY,13.56136920792503,26.2421390683305,12.456906649248285,0.7564102564102564
faust,tr_reg_088,NOISY_PARTIAL,DUAL_QUERY,6.065867304734703,20.570546682939796,5.82900643377455,0.7564102564102564
faust,tr_reg_089,FULL,BODY_QUERY,2.42036147666823,5.091930235777654,2.374645424012564,1.0
faust,tr_reg_089,FULL,INTRINSIC_QUERY,12.770747650354286,26.67689913792391,12.639698608801256,1.0
faust,tr_reg_089,FULL,DUAL_QUERY,3.175564835459047,12.043004393731369,3.48322055564369,1.0
faust,tr_reg_089,PARTIAL_BAND,BODY_QUERY,2.4972028200812058,4.776206085654497,2.3624262205090094,0.7179487179487178
faust,tr_reg_089,PARTIAL_BAND,INTRINSIC_QUERY,12.681988590086469,25.181514491250173,12.350989061517975,0.7179487179487178
faust,tr_reg_089,PARTIAL_BAND,DUAL_QUERY,2.9974760690202746,12.461463812610038,3.111609256574174,0.7179487179487178
faust,tr_reg_089,NOISY_PARTIAL,BODY_QUERY,2.2186187956413557,4.9815287190875415,2.3136985259427743,0.7179487179487178
faust,tr_reg_089,NOISY_PARTIAL,INTRINSIC_QUERY,13.732849833550581,27.59112093438473,13.506544532815397,0.7179487179487178
faust,tr_reg_089,NOISY_PARTIAL,DUAL_QUERY,4.192875138384075,15.666717616065634,4.378257872894668,0.7179487179487178
faust,tr_reg_090,FULL,BODY_QUERY,1.6484368581982827,3.0998740356460868,1.8125242511441269,1.0
faust,tr_reg_090,FULL,INTRINSIC_QUERY,10.734884916027157,25.85885301558322,11.00993511281634,1.0
faust,tr_reg_090,FULL,DUAL_QUERY,2.2528338967684953,10.439513673540878,2.333226027090992,1.0
faust,tr_reg_090,PARTIAL_BAND,BODY_QUERY,1.929277298820901,3.179924104560884,1.6700220737065785,0.8076923076923077
faust,tr_reg_090,PARTIAL_BAND,INTRINSIC_QUERY,10.508265993312015,26.252154602682808,10.581136318277391,0.8076923076923077
faust,tr_reg_090,PARTIAL_BAND,DUAL_QUERY,2.2100781996793555,9.479984207262644,1.9285850450654134,0.8076923076923077
faust,tr_reg_090,NOISY_PARTIAL,BODY_QUERY,1.6675413696921322,2.977027130504993,1.4163116811240448,0.8076923076923077
faust,tr_reg_090,NOISY_PARTIAL,INTRINSIC_QUERY,11.803315415071786,26.967597861078314,11.862802300930419,0.8076923076923077
faust,tr_reg_090,NOISY_PARTIAL,DUAL_QUERY,2.213075354779976,9.647119723599864,2.4474874352378313,0.8076923076923077
faust,tr_reg_091,FULL,BODY_QUERY,0.91638265754325,2.905141120052626,2.2670445712777405,1.0
faust,tr_reg_091,FULL,INTRINSIC_QUERY,10.58475654992931,27.35677472918647,10.705298155664002,1.0
faust,tr_reg_091,FULL,DUAL_QUERY,2.4731568914081534,13.534192945912157,2.8125968333232176,1.0
faust,tr_reg_091,PARTIAL_BAND,BODY_QUERY,1.1725585283545308,3.277213275080273,2.3094185349330747,0.8076923076923077
faust,tr_reg_091,PARTIAL_BAND,INTRINSIC_QUERY,10.989871608945654,26.102812422404664,10.503587672199988,0.8076923076923077
faust,tr_reg_091,PARTIAL_BAND,DUAL_QUERY,2.392454225983054,13.55923875183503,2.5140977266563675,0.8076923076923077
faust,tr_reg_091,NOISY_PARTIAL,BODY_QUERY,1.665057582756848,3.0462676158811934,2.182713634581437,0.8076923076923077
faust,tr_reg_091,NOISY_PARTIAL,INTRINSIC_QUERY,13.891552132209506,26.8042857604362,13.355810952850996,0.8076923076923077
faust,tr_reg_091,NOISY_PARTIAL,DUAL_QUERY,2.302432916770054,13.962727585099184,2.830150693425294,0.8076923076923077
faust,tr_reg_092,FULL,BODY_QUERY,1.6469004560807228,3.2705802238031856,2.070094430605672,1.0
faust,tr_reg_092,FULL,INTRINSIC_QUERY,11.759660362705919,26.44136694458174,11.765119008761145,1.0
faust,tr_reg_092,FULL,DUAL_QUERY,2.0032419308821847,9.671782563686794,1.9018701760919983,1.0
faust,tr_reg_092,PARTIAL_BAND,BODY_QUERY,1.3162437250181265,2.984343929505681,2.03518826543049,0.7948717948717949
faust,tr_reg_092,PARTIAL_BAND,INTRINSIC_QUERY,12.378128756223667,27.436003186331426,12.508721191851219,0.7948717948717949
faust,tr_reg_092,PARTIAL_BAND,DUAL_QUERY,2.0557672128248745,9.300773758320224,2.0581764451308695,0.7948717948717949
faust,tr_reg_092,NOISY_PARTIAL,BODY_QUERY,1.7321793273751145,3.4928018429459957,2.0572037671665195,0.7948717948717949
faust,tr_reg_092,NOISY_PARTIAL,INTRINSIC_QUERY,10.87844937352674,25.883616486059672,11.366154015359475,0.7948717948717949
faust,tr_reg_092,NOISY_PARTIAL,DUAL_QUERY,2.3407172280733346,10.547332154473288,2.6088367628684184,0.7948717948717949
faust,tr_reg_093,FULL,BODY_QUERY,1.2708681637905448,3.017156841469937,2.3127792945694816,1.0
faust,tr_reg_093,FULL,INTRINSIC_QUERY,11.583665834911027,23.87498241368811,12.346482199326301,1.0
faust,tr_reg_093,FULL,DUAL_QUERY,2.324358320118839,11.095434565409061,2.25881197287605,1.0
faust,tr_reg_093,PARTIAL_BAND,BODY_QUERY,1.2658278764621511,3.3229885385158537,2.3176935340314966,0.7692307692307692
faust,tr_reg_093,PARTIAL_BAND,INTRINSIC_QUERY,11.68136007260066,25.958099920642457,11.56726695530355,0.7692307692307692
faust,tr_reg_093,PARTIAL_BAND,DUAL_QUERY,2.336957446540482,10.86260534195679,2.259773026141355,0.7692307692307692
faust,tr_reg_093,NOISY_PARTIAL,BODY_QUERY,1.528239626311986,3.0276124470473924,2.2384420469506496,0.7692307692307692
faust,tr_reg_093,NOISY_PARTIAL,INTRINSIC_QUERY,11.141967326693242,25.337641165002807,11.304404527569297,0.7692307692307692
faust,tr_reg_093,NOISY_PARTIAL,DUAL_QUERY,2.4251753759683847,11.03036430170383,2.6139343069367227,0.7692307692307692
faust,tr_reg_094,FULL,BODY_QUERY,2.303477494919672,3.2692254246804575,1.9367859818224435,1.0
faust,tr_reg_094,FULL,INTRINSIC_QUERY,5.314621155856588,22.32805523269002,5.122541575031608,1.0
faust,tr_reg_094,FULL,DUAL_QUERY,2.2160480670662217,9.637096327272522,1.9492353489282093,1.0
faust,tr_reg_094,PARTIAL_BAND,BODY_QUERY,1.9895559182596116,3.5315093061586875,1.8476473444570898,0.7948717948717949
faust,tr_reg_094,PARTIAL_BAND,INTRINSIC_QUERY,7.056064788289612,23.672064213715544,7.015631994418182,0.7948717948717949
faust,tr_reg_094,PARTIAL_BAND,DUAL_QUERY,2.2882118199356345,10.548641108089562,2.0292010217974954,0.7948717948717949
faust,tr_reg_094,NOISY_PARTIAL,BODY_QUERY,2.1369642220513225,3.5575737915835584,2.0809101553314684,0.7948717948717949
faust,tr_reg_094,NOISY_PARTIAL,INTRINSIC_QUERY,7.049596391264264,23.741816018981968,7.158802581285438,0.7948717948717949
faust,tr_reg_094,NOISY_PARTIAL,DUAL_QUERY,2.2909290445120636,9.81669649317181,2.010463110952754,0.7948717948717949
faust,tr_reg_095,FULL,BODY_QUERY,1.1830322980563581,3.343316574198525,1.7888545068861015,1.0
faust,tr_reg_095,FULL,INTRINSIC_QUERY,8.76098814439127,26.146567049646258,8.65054681107109,1.0
faust,tr_reg_095,FULL,DUAL_QUERY,2.3070924382366744,8.96452941487073,2.017035346667596,1.0
faust,tr_reg_095,PARTIAL_BAND,BODY_QUERY,0.9348020433823121,3.391150601140625,1.8870666323383811,0.7948717948717949
faust,tr_reg_095,PARTIAL_BAND,INTRINSIC_QUERY,13.001835406663437,27.301692325847252,13.328277382747814,0.7948717948717949
faust,tr_reg_095,PARTIAL_BAND,DUAL_QUERY,2.3443867400070046,7.037659002719604,2.184628478840146,0.7948717948717949
faust,tr_reg_095,NOISY_PARTIAL,BODY_QUERY,1.1557980015218838,3.4549661059628862,2.052970025798011,0.7948717948717949
faust,tr_reg_095,NOISY_PARTIAL,INTRINSIC_QUERY,15.51446680695409,27.133242836186387,15.094466259137256,0.7948717948717949
faust,tr_reg_095,NOISY_PARTIAL,DUAL_QUERY,2.2566618605940536,9.145609565081019,2.4558637185109626,0.7948717948717949
faust,tr_reg_096,FULL,BODY_QUERY,1.5113014324386091,3.7041927009040143,2.346825870359947,1.0
faust,tr_reg_096,FULL,INTRINSIC_QUERY,11.777562426967902,25.517301524228927,11.466739516064354,1.0
faust,tr_reg_096,FULL,DUAL_QUERY,2.5052496327528924,10.151067125761342,2.54601984978287,1.0
faust,tr_reg_096,PARTIAL_BAND,BODY_QUERY,1.6617473850887352,3.54405210602742,2.3132875914613193,0.8076923076923077
faust,tr_reg_096,PARTIAL_BAND,INTRINSIC_QUERY,11.62298951949917,25.089705726541254,11.888465082639648,0.8076923076923077
faust,tr_reg_096,PARTIAL_BAND,DUAL_QUERY,2.5097034362760784,11.653962593071503,2.528547647637933,0.8076923076923077
faust,tr_reg_096,NOISY_PARTIAL,BODY_QUERY,1.7555670164891037,3.834960989474626,2.437692049025366,0.8076923076923077
faust,tr_reg_096,NOISY_PARTIAL,INTRINSIC_QUERY,12.582408761177119,26.89279428451131,13.359972878152334,0.8076923076923077
faust,tr_reg_096,NOISY_PARTIAL,DUAL_QUERY,2.727822329537812,12.144124220989049,2.867051492117046,0.8076923076923077
faust,tr_reg_097,FULL,BODY_QUERY,2.4928866644760515,5.009148829094865,2.615734291470344,1.0
faust,tr_reg_097,FULL,INTRINSIC_QUERY,12.410340887587616,28.007863526769743,12.623118236684617,1.0
faust,tr_reg_097,FULL,DUAL_QUERY,2.855120568003053,11.990214464434215,2.85500559724786,1.0
faust,tr_reg_097,PARTIAL_BAND,BODY_QUERY,2.705506113198756,5.136366253848795,2.7003270658946485,0.8846153846153846
faust,tr_reg_097,PARTIAL_BAND,INTRINSIC_QUERY,12.767206243435057,26.9967171714157,12.500820704125772,0.8846153846153846
faust,tr_reg_097,PARTIAL_BAND,DUAL_QUERY,3.012777400268285,13.47166014119482,3.004519039922237,0.8846153846153846
faust,tr_reg_097,NOISY_PARTIAL,BODY_QUERY,2.201462952885624,4.428938520647212,2.565597612466541,0.8846153846153846
faust,tr_reg_097,NOISY_PARTIAL,INTRINSIC_QUERY,14.480769151164326,26.389790416673705,14.31877125824414,0.8846153846153846
faust,tr_reg_097,NOISY_PARTIAL,DUAL_QUERY,8.048749107511329,17.897274847024313,10.90097194543726,0.8846153846153846
faust,tr_reg_098,FULL,BODY_QUERY,3.663920950547651,8.89339666289901,3.074686754585888,1.0
faust,tr_reg_098,FULL,INTRINSIC_QUERY,13.656388890105097,26.186475813580632,13.120791565779431,1.0
faust,tr_reg_098,FULL,DUAL_QUERY,4.067900382876086,23.396699846502184,4.057347857827597,1.0
faust,tr_reg_098,PARTIAL_BAND,BODY_QUERY,3.945382009513475,9.519695381011417,3.252064803343582,0.8333333333333334
faust,tr_reg_098,PARTIAL_BAND,INTRINSIC_QUERY,12.628610878816117,26.11177351082185,12.346945504325538,0.8333333333333334
faust,tr_reg_098,PARTIAL_BAND,DUAL_QUERY,4.553054620731696,22.530042189809087,4.871482315841855,0.8333333333333334
faust,tr_reg_098,NOISY_PARTIAL,BODY_QUERY,3.3330325952111917,9.4716482955134,2.873483785690185,0.8333333333333334
faust,tr_reg_098,NOISY_PARTIAL,INTRINSIC_QUERY,15.023418604691702,25.983508390632306,14.923873467488761,0.8333333333333334
faust,tr_reg_098,NOISY_PARTIAL,DUAL_QUERY,5.128069665684819,21.96357701070354,5.252523665849688,0.8333333333333334
faust,tr_reg_099,FULL,BODY_QUERY,2.752125566614661,6.0527011016537395,2.909299192854236,1.0
faust,tr_reg_099,FULL,INTRINSIC_QUERY,13.789517989560144,27.57249889942184,13.72873290715453,1.0
faust,tr_reg_099,FULL,DUAL_QUERY,2.730943458458518,12.817736174392003,2.678701997044635,1.0
faust,tr_reg_099,PARTIAL_BAND,BODY_QUERY,2.393055320709006,5.3276599838109755,2.831891212053125,0.6923076923076923
faust,tr_reg_099,PARTIAL_BAND,INTRINSIC_QUERY,10.502921768938805,25.214502299434734,10.841848981141334,0.6923076923076923
faust,tr_reg_099,PARTIAL_BAND,DUAL_QUERY,3.323059263680243,13.84391456326399,3.11238454540976,0.6923076923076923
faust,tr_reg_099,NOISY_PARTIAL,BODY_QUERY,2.112888140524584,4.903752240498282,2.5484039270727106,0.6923076923076923
faust,tr_reg_099,NOISY_PARTIAL,INTRINSIC_QUERY,9.256027004799657,23.41207014284802,9.801575373428735,0.6923076923076923
faust,tr_reg_099,NOISY_PARTIAL,DUAL_QUERY,3.3183644381747097,15.888363709084542,3.6050722285147248,0.6923076923076923
scape,mesh052,FULL,BODY_QUERY,2.489385542476354,3.7155519355739255,2.486701545177465,1.0
scape,mesh052,FULL,INTRINSIC_QUERY,8.250873559044464,21.209946394137855,8.090372326898496,1.0
scape,mesh052,FULL,DUAL_QUERY,2.599080231929728,7.043096117902859,2.7574007970396286,1.0
scape,mesh052,PARTIAL_BAND,BODY_QUERY,2.472232056240477,3.6275606659669384,2.4595376355185987,0.7901234567901235
scape,mesh052,PARTIAL_BAND,INTRINSIC_QUERY,9.724083942789772,21.767888367416273,9.27017582116529,0.7901234567901235
scape,mesh052,PARTIAL_BAND,DUAL_QUERY,2.6108141732334196,5.440041665626314,2.552950784519514,0.7901234567901235
scape,mesh052,NOISY_PARTIAL,BODY_QUERY,2.545050292057753,4.3078301594774295,2.571800320978239,0.7901234567901235
scape,mesh052,NOISY_PARTIAL,INTRINSIC_QUERY,9.749196589186791,23.123402966331998,9.916658506569199,0.7901234567901235
scape,mesh052,NOISY_PARTIAL,DUAL_QUERY,3.486497216551186,8.718502151977695,3.617446664474712,0.7901234567901235
scape,mesh053,FULL,BODY_QUERY,7.594093134142813,20.562113821207,6.832719929862761,1.0
scape,mesh053,FULL,INTRINSIC_QUERY,12.999939040773963,21.067387292838564,10.130306600247637,1.0
scape,mesh053,FULL,DUAL_QUERY,11.709921229272824,19.215835985907542,10.358315329124196,1.0
scape,mesh053,PARTIAL_BAND,BODY_QUERY,8.753015416730726,18.551715593769423,8.702340636984168,0.8024691358024691
scape,mesh053,PARTIAL_BAND,INTRINSIC_QUERY,13.297244912118604,20.955938294249464,12.115117580229375,0.8024691358024691
scape,mesh053,PARTIAL_BAND,DUAL_QUERY,11.77526113180463,19.64119459993554,10.520601847713378,0.8024691358024691
scape,mesh053,NOISY_PARTIAL,BODY_QUERY,8.655764551947497,17.798093923880508,7.943080349832643,0.8024691358024691
scape,mesh053,NOISY_PARTIAL,INTRINSIC_QUERY,11.976056963290002,22.55466249037673,10.657605101290521,0.8024691358024691
scape,mesh053,NOISY_PARTIAL,DUAL_QUERY,10.639236877996694,18.44763582966736,10.18724115113367,0.8024691358024691
scape,mesh054,FULL,BODY_QUERY,3.2606172915810285,6.149739481718152,3.555075937697202,1.0
scape,mesh054,FULL,INTRINSIC_QUERY,8.507987967118304,22.357268740686607,8.245152939559215,1.0
scape,mesh054,FULL,DUAL_QUERY,3.9205801579534807,11.01677485649635,3.885314400528325,1.0
scape,mesh054,PARTIAL_BAND,BODY_QUERY,3.337895061502655,6.242027466298735,3.7156712102489298,0.8024691358024691
scape,mesh054,PARTIAL_BAND,INTRINSIC_QUERY,8.507786519055317,21.688748753504715,8.80851833866886,0.8024691358024691
scape,mesh054,PARTIAL_BAND,DUAL_QUERY,3.8429543988279624,10.118764571835799,4.067527425845892,0.8024691358024691
scape,mesh054,NOISY_PARTIAL,BODY_QUERY,3.557311698636124,5.484340613747478,3.368766985752677,0.8024691358024691
scape,mesh054,NOISY_PARTIAL,INTRINSIC_QUERY,12.149233665667348,26.314313862931886,11.796100086450751,0.8024691358024691
scape,mesh054,NOISY_PARTIAL,DUAL_QUERY,4.79886233800948,11.130779647413611,4.981342331173372,0.8024691358024691
scape,mesh055,FULL,BODY_QUERY,20.701658536406267,32.62106553408676,23.801994095408254,1.0
scape,mesh055,FULL,INTRINSIC_QUERY,9.662679197508952,18.334949902910783,11.346195732937547,1.0
scape,mesh055,FULL,DUAL_QUERY,20.28030691968797,32.467828961559036,22.370105755967728,1.0
scape,mesh055,PARTIAL_BAND,BODY_QUERY,19.46150776807535,32.71960072977615,22.81267025813651,0.7777777777777778
scape,mesh055,PARTIAL_BAND,INTRINSIC_QUERY,7.738498481552966,20.150175782994673,9.928812422435705,0.7777777777777778
scape,mesh055,PARTIAL_BAND,DUAL_QUERY,20.29038273157856,33.0866293903324,22.75159533665407,0.7777777777777778
scape,mesh055,NOISY_PARTIAL,BODY_QUERY,19.51127849266662,32.14400884273639,21.972811982413578,0.7777777777777778
scape,mesh055,NOISY_PARTIAL,INTRINSIC_QUERY,9.13749207995324,20.884967299053617,11.139687636264396,0.7777777777777778
scape,mesh055,NOISY_PARTIAL,DUAL_QUERY,19.829390362894785,32.84715562232177,22.35754619045727,0.7777777777777778
scape,mesh056,FULL,BODY_QUERY,3.6292881398972017,10.978991628620092,4.074233253389668,1.0
scape,mesh056,FULL,INTRINSIC_QUERY,12.77392840543585,21.725235275274148,13.011228122327807,1.0
scape,mesh056,FULL,DUAL_QUERY,5.033705237832341,18.00122348240386,4.861501317727524,1.0
scape,mesh056,PARTIAL_BAND,BODY_QUERY,3.9066517757882884,11.297345522650394,4.08683413503559,0.8148148148148148
scape,mesh056,PARTIAL_BAND,INTRINSIC_QUERY,11.848598231669623,21.722259076509943,12.166933111556956,0.8148148148148148
scape,mesh056,PARTIAL_BAND,DUAL_QUERY,5.04922627309587,17.317687531342695,5.29964391995865,0.8148148148148148
scape,mesh056,NOISY_PARTIAL,BODY_QUERY,3.8572106488987368,12.1369139234416,4.151862708633601,0.8148148148148148
scape,mesh056,NOISY_PARTIAL,INTRINSIC_QUERY,10.24685153704023,22.088911741744337,10.787767251145706,0.8148148148148148
scape,mesh056,NOISY_PARTIAL,DUAL_QUERY,5.839428944719618,16.592340438603415,6.244879157508232,0.8148148148148148
scape,mesh057,FULL,BODY_QUERY,4.952136893518487,15.068895395124198,4.9579465767856865,1.0
scape,mesh057,FULL,INTRINSIC_QUERY,10.63153796491987,21.13325787066244,11.589051189298717,1.0
scape,mesh057,FULL,DUAL_QUERY,7.094167312739639,18.496100306290128,8.077739653460343,1.0
scape,mesh057,PARTIAL_BAND,BODY_QUERY,4.868704643262638,16.094654563196197,4.981115590491938,0.8148148148148148
scape,mesh057,PARTIAL_BAND,INTRINSIC_QUERY,10.945131915094242,21.465170166697625,11.05059730328838,0.8148148148148148
scape,mesh057,PARTIAL_BAND,DUAL_QUERY,6.685727048760132,19.065076223274854,7.119077124799639,0.8148148148148148
scape,mesh057,NOISY_PARTIAL,BODY_QUERY,4.813071480650779,14.207910174391486,4.961433649063508,0.8148148148148148
scape,mesh057,NOISY_PARTIAL,INTRINSIC_QUERY,9.548245039255352,23.88365212538157,10.383592185274194,0.8148148148148148
scape,mesh057,NOISY_PARTIAL,DUAL_QUERY,7.537817939697591,19.024800389901753,7.888983619997869,0.8148148148148148
scape,mesh058,FULL,BODY_QUERY,6.619491060818267,14.578350736786051,7.367649847872995,1.0
scape,mesh058,FULL,INTRINSIC_QUERY,10.955510002990318,20.93579196502425,10.572147808055757,1.0
scape,mesh058,FULL,DUAL_QUERY,10.865632827340868,19.479933815844056,10.397333199401684,1.0
scape,mesh058,PARTIAL_BAND,BODY_QUERY,7.689354352401086,14.96376535108057,8.013829946261238,0.802469135802469
scape,mesh058,PARTIAL_BAND,INTRINSIC_QUERY,8.864936680118893,20.246995018846462,8.716565682180523,0.802469135802469
scape,mesh058,PARTIAL_BAND,DUAL_QUERY,11.607516907382871,19.665366683220604,11.457088781731967,0.802469135802469
scape,mesh058,NOISY_PARTIAL,BODY_QUERY,7.106988211938709,14.484772053289776,7.3668143181708405,0.802469135802469
scape,mesh058,NOISY_PARTIAL,INTRINSIC_QUERY,9.8211352649928,20.828703865257598,10.16492256164804,0.802469135802469
scape,mesh058,NOISY_PARTIAL,DUAL_QUERY,11.867066824264798,19.959261139257244,12.408393861709174,0.802469135802469
scape,mesh059,FULL,BODY_QUERY,4.1457652123422735,6.99343395106494,4.068738844195654,1.0
scape,mesh059,FULL,INTRINSIC_QUERY,7.32793971142215,24.81683850636965,8.031024468107926,1.0
scape,mesh059,FULL,DUAL_QUERY,3.293631865929519,11.128150801823645,3.868745202161126,1.0
scape,mesh059,PARTIAL_BAND,BODY_QUERY,4.382785541257537,7.548514419741393,4.311217656356778,0.7654320987654321
scape,mesh059,PARTIAL_BAND,INTRINSIC_QUERY,8.523775575780128,23.717251141289957,9.046019235470975,0.7654320987654321
scape,mesh059,PARTIAL_BAND,DUAL_QUERY,3.607367570081483,11.017886763564357,3.7673737440453405,0.7654320987654321
scape,mesh059,NOISY_PARTIAL,BODY_QUERY,4.3040646108151,7.863258947946264,4.349962473571504,0.7654320987654321
scape,mesh059,NOISY_PARTIAL,INTRINSIC_QUERY,10.059759048234563,22.86659158706577,10.095095150781415,0.7654320987654321
scape,mesh059,NOISY_PARTIAL,DUAL_QUERY,3.945302879611406,11.865838716693428,4.162137767068919,0.7654320987654321
scape,mesh060,FULL,BODY_QUERY,5.37616784523637,14.688106105125566,5.481147186024996,1.0
scape,mesh060,FULL,INTRINSIC_QUERY,7.121147605322902,21.693250715741975,7.25102900907287,1.0
scape,mesh060,FULL,DUAL_QUERY,4.211434889331254,8.27653330852952,4.487026922797562,1.0
scape,mesh060,PARTIAL_BAND,BODY_QUERY,5.56556911227569,15.275552144229449,5.640316195996893,0.8024691358024691
scape,mesh060,PARTIAL_BAND,INTRINSIC_QUERY,9.821820097024837,21.89651227411683,9.521562683433753,0.8024691358024691
scape,mesh060,PARTIAL_BAND,DUAL_QUERY,4.502917776243685,11.247201551966722,4.75470210030094,0.8024691358024691
scape,mesh060,NOISY_PARTIAL,BODY_QUERY,5.62272747473725,11.820611296526797,5.4539013959571605,0.8024691358024691
scape,mesh060,NOISY_PARTIAL,INTRINSIC_QUERY,10.08707544943531,20.572593963979283,10.147065582810875,0.8024691358024691
scape,mesh060,NOISY_PARTIAL,DUAL_QUERY,5.025020727851807,10.976984795454127,4.971783916659422,0.8024691358024691
scape,mesh061,FULL,BODY_QUERY,3.192150432890145,6.799362345135513,3.439583519066959,1.0
scape,mesh061,FULL,INTRINSIC_QUERY,7.287500265275988,20.754217742063815,7.124322100609654,1.0
scape,mesh061,FULL,DUAL_QUERY,3.1282168543975786,9.982076843087269,2.971974050503131,1.0
scape,mesh061,PARTIAL_BAND,BODY_QUERY,3.3330440890762265,6.429228721665672,3.4507896623840333,0.8024691358024691
scape,mesh061,PARTIAL_BAND,INTRINSIC_QUERY,8.361368354771518,21.585425414246952,8.055731087284624,0.8024691358024691
scape,mesh061,PARTIAL_BAND,DUAL_QUERY,3.259706839159703,9.828531312794889,3.201639799976664,0.8024691358024691
scape,mesh061,NOISY_PARTIAL,BODY_QUERY,3.1321471141689674,6.140456536568881,3.2988803388448007,0.8024691358024691
scape,mesh061,NOISY_PARTIAL,INTRINSIC_QUERY,10.415888118809606,22.555491732093202,10.689148900595445,0.8024691358024691
scape,mesh061,NOISY_PARTIAL,DUAL_QUERY,4.035499425853369,11.344747548928872,4.080766723522104,0.8024691358024691
scape,mesh062,FULL,BODY_QUERY,8.432837964832308,15.991436244056935,7.360544231659538,1.0
scape,mesh062,FULL,INTRINSIC_QUERY,11.169508829330553,21.925495671807123,10.937574282392115,1.0
scape,mesh062,FULL,DUAL_QUERY,11.106123342747958,19.681442511380894,11.847427573217958,1.0
scape,mesh062,PARTIAL_BAND,BODY_QUERY,9.214160803783308,15.829803886745841,9.208309786753471,0.7530864197530864
scape,mesh062,PARTIAL_BAND,INTRINSIC_QUERY,12.871264109201533,22.10308455027613,13.368374239581003,0.7530864197530864
scape,mesh062,PARTIAL_BAND,DUAL_QUERY,11.034854768933059,19.21546141168373,12.115339424715641,0.7530864197530864
scape,mesh062,NOISY_PARTIAL,BODY_QUERY,9.608052425772504,16.6920372802384,9.395000187987616,0.7530864197530864
scape,mesh062,NOISY_PARTIAL,INTRINSIC_QUERY,12.674411457068281,21.381623772946067,12.328226698311754,0.7530864197530864
scape,mesh062,NOISY_PARTIAL,DUAL_QUERY,11.01091312444258,18.27699869119762,11.573457875581223,0.7530864197530864
scape,mesh063,FULL,BODY_QUERY,7.123159885210981,20.042118776031327,6.452398601283532,1.0
scape,mesh063,FULL,INTRINSIC_QUERY,12.874532714803841,24.351420981899327,12.559987266008584,1.0
scape,mesh063,FULL,DUAL_QUERY,10.369637154461081,18.3063807748495,10.452978589711817,1.0
scape,mesh063,PARTIAL_BAND,BODY_QUERY,8.26825168426948,18.99000724124775,7.41713177054439,0.8148148148148148
scape,mesh063,PARTIAL_BAND,INTRINSIC_QUERY,9.225894923628843,23.39500625164102,8.976756271837395,0.8148148148148148
scape,mesh063,PARTIAL_BAND,DUAL_QUERY,10.803154238916857,18.95621427660739,10.28418458128135,0.8148148148148148
scape,mesh063,NOISY_PARTIAL,BODY_QUERY,7.848297756811444,19.042432556413225,7.659732639755047,0.8148148148148148
scape,mesh063,NOISY_PARTIAL,INTRINSIC_QUERY,9.93061516597107,22.79619563856898,9.68193366030393,0.8148148148148148
scape,mesh063,NOISY_PARTIAL,DUAL_QUERY,11.414327825935892,17.892428091397804,10.831745193269875,0.8148148148148148
scape,mesh064,FULL,BODY_QUERY,6.335226543044018,15.615106846077074,6.001198746303272,1.0
scape,mesh064,FULL,INTRINSIC_QUERY,10.58672622278893,22.704072750775982,10.659912954874857,1.0
scape,mesh064,FULL,DUAL_QUERY,9.989939704578847,20.4508362589532,8.953216497467826,1.0
scape,mesh064,PARTIAL_BAND,BODY_QUERY,7.391221327405473,16.037823054325294,6.975606879962281,0.7407407407407407
scape,mesh064,PARTIAL_BAND,INTRINSIC_QUERY,10.796971402624013,21.51718549677004,10.70006142628521,0.7407407407407407
scape,mesh064,PARTIAL_BAND,DUAL_QUERY,10.19451519986449,20.792343368615477,9.193638577646087,0.7407407407407407
scape,mesh064,NOISY_PARTIAL,BODY_QUERY,6.431408143581322,13.663654519957255,6.101301716007061,0.7407407407407407
scape,mesh064,NOISY_PARTIAL,INTRINSIC_QUERY,8.923117103041161,21.40109614630218,8.939610062728798,0.7407407407407407
scape,mesh064,NOISY_PARTIAL,DUAL_QUERY,9.923769209248148,20.19896239714199,9.461984453430242,0.7407407407407407
scape,mesh065,FULL,BODY_QUERY,16.260309352190085,25.402731831963237,16.85592796129632,1.0
scape,mesh065,FULL,INTRINSIC_QUERY,9.86231011722964,18.736409899321462,9.342293224053764,1.0
scape,mesh065,FULL,DUAL_QUERY,13.208585156934275,20.94799026599312,13.266113296020455,1.0
scape,mesh065,PARTIAL_BAND,BODY_QUERY,16.437217356964556,25.6751678656359,17.35286771849368,0.7777777777777778
scape,mesh065,PARTIAL_BAND,INTRINSIC_QUERY,11.35914507395433,23.055619677903657,10.943362189657638,0.7777777777777778
scape,mesh065,PARTIAL_BAND,DUAL_QUERY,11.599242948297137,20.77296984988283,11.799205482290247,0.7777777777777778
scape,mesh065,NOISY_PARTIAL,BODY_QUERY,16.45239202280971,24.67117969393685,16.955748997084733,0.7777777777777778
scape,mesh065,NOISY_PARTIAL,INTRINSIC_QUERY,10.2111928429492,22.18122331758165,9.883846346889596,0.7777777777777778
scape,mesh065,NOISY_PARTIAL,DUAL_QUERY,10.493401047782458,20.28652114757089,10.846956529212145,0.7777777777777778
scape,mesh066,FULL,BODY_QUERY,5.548029820818618,18.38057740005919,6.360565136489855,1.0
scape,mesh066,FULL,INTRINSIC_QUERY,9.62754399037715,22.44039731449018,10.750312690061394,1.0
scape,mesh066,FULL,DUAL_QUERY,8.177849931853471,17.56483503953722,8.242304400652667,1.0
scape,mesh066,PARTIAL_BAND,BODY_QUERY,6.945546335694769,18.96382671874403,7.688544485315035,0.8148148148148148
scape,mesh066,PARTIAL_BAND,INTRINSIC_QUERY,9.769035728497919,20.97394495681881,10.461663671444283,0.8148148148148148
scape,mesh066,PARTIAL_BAND,DUAL_QUERY,9.455714278434067,18.15663121187479,10.107742505474393,0.8148148148148148
scape,mesh066,NOISY_PARTIAL,BODY_QUERY,6.968649471905662,17.436139069149753,7.25178102678142,0.8148148148148148
scape,mesh066,NOISY_PARTIAL,INTRINSIC_QUERY,10.395406437846217,23.970131054846203,10.955359109059579,0.8148148148148148
scape,mesh066,NOISY_PARTIAL,DUAL_QUERY,10.434267114410504,17.9376419817631,10.822205736969586,0.8148148148148148
scape,mesh067,FULL,BODY_QUERY,10.71546515345483,20.066322001712958,10.608961284718434,1.0
scape,mesh067,FULL,INTRINSIC_QUERY,12.67769956028732,23.106871195558018,12.558333679786854,1.0
scape,mesh067,FULL,DUAL_QUERY,11.709963078222682,20.115422991646128,10.967342890331562,1.0
scape,mesh067,PARTIAL_BAND,BODY_QUERY,10.126883828371424,19.748049756861096,9.928970567600516,0.7407407407407407
scape,mesh067,PARTIAL_BAND,INTRINSIC_QUERY,11.919170454752312,24.058180235915174,12.302420254318482,0.7407407407407407
scape,mesh067,PARTIAL_BAND,DUAL_QUERY,12.075895273058993,19.50464217606467,11.52382986627668,0.7407407407407407
scape,mesh067,NOISY_PARTIAL,BODY_QUERY,9.275471389756982,19.108350845081087,9.254377896978477,0.7407407407407407
scape,mesh067,NOISY_PARTIAL,INTRINSIC_QUERY,10.45997207257086,22.55340292634392,10.106291792177903,0.7407407407407407
scape,mesh067,NOISY_PARTIAL,DUAL_QUERY,11.42997314480495,18.266870243346286,10.609566118238197,0.7407407407407407
scape,mesh068,FULL,BODY_QUERY,8.239666032563767,15.948908652406597,8.323450941701022,1.0
scape,mesh068,FULL,INTRINSIC_QUERY,9.947697510131958,25.012294103886948,10.602422795117052,1.0
scape,mesh068,FULL,DUAL_QUERY,5.365579809378864,19.040715351966146,6.2178247294053195,1.0
scape,mesh068,PARTIAL_BAND,BODY_QUERY,7.8147647427771005,16.01433394143464,7.996744560008706,0.8024691358024691
scape,mesh068,PARTIAL_BAND,INTRINSIC_QUERY,10.709890574129455,24.128034962662188,10.72710410100232,0.8024691358024691
scape,mesh068,PARTIAL_BAND,DUAL_QUERY,5.474086977257337,18.750956863135016,6.315094500423033,0.8024691358024691
scape,mesh068,NOISY_PARTIAL,BODY_QUERY,7.172200114046528,15.325290338411826,7.519860534502328,0.8024691358024691
scape,mesh068,NOISY_PARTIAL,INTRINSIC_QUERY,11.745822229929356,23.977585132559845,11.893971869985865,0.8024691358024691
scape,mesh068,NOISY_PARTIAL,DUAL_QUERY,6.626730917744994,17.313514111970015,7.620683188591382,0.8024691358024691
scape,mesh069,FULL,BODY_QUERY,6.594135798487035,17.525303593994924,6.503129516883798,1.0
scape,mesh069,FULL,INTRINSIC_QUERY,6.506046734180923,20.71162006175071,6.297098459518695,1.0
scape,mesh069,FULL,DUAL_QUERY,4.83458137179537,11.389165798654165,4.885691794775466,1.0
scape,mesh069,PARTIAL_BAND,BODY_QUERY,6.876866699806279,16.506564370785846,6.724914424774855,0.7654320987654321
scape,mesh069,PARTIAL_BAND,INTRINSIC_QUERY,7.79143093110784,19.58006686139972,7.776676604398708,0.7654320987654321
scape,mesh069,PARTIAL_BAND,DUAL_QUERY,4.955094092053736,11.578651295623326,4.599392051806955,0.7654320987654321
scape,mesh069,NOISY_PARTIAL,BODY_QUERY,6.365349876440138,16.429656502146013,6.290146325126546,0.7654320987654321
scape,mesh069,NOISY_PARTIAL,INTRINSIC_QUERY,10.19094340505945,23.229273666430224,10.630863153269535,0.7654320987654321
scape,mesh069,NOISY_PARTIAL,DUAL_QUERY,5.00705884937354,13.19883786396562,5.408819921836798,0.7654320987654321
scape,mesh070,FULL,BODY_QUERY,6.271710549084239,16.872768701033014,6.538986262007452,1.0
scape,mesh070,FULL,INTRINSIC_QUERY,12.580991994154303,27.389921287051763,12.799192068729026,1.0
scape,mesh070,FULL,DUAL_QUERY,5.357808856191915,13.877700496847856,5.063708891864278,1.0
scape,mesh070,PARTIAL_BAND,BODY_QUERY,6.731978023421025,16.965294347513435,7.036359369302522,0.7901234567901234
scape,mesh070,PARTIAL_BAND,INTRINSIC_QUERY,12.56057120008241,26.398795158606188,12.65721415168811,0.7901234567901234
scape,mesh070,PARTIAL_BAND,DUAL_QUERY,5.542751508289167,15.645752534295632,5.6606833663524405,0.7901234567901234
scape,mesh070,NOISY_PARTIAL,BODY_QUERY,7.1622217391670455,17.422490169108652,6.914521834830623,0.7901234567901234
scape,mesh070,NOISY_PARTIAL,INTRINSIC_QUERY,9.722692998367613,23.003563929473813,9.89383461888417,0.7901234567901234
scape,mesh070,NOISY_PARTIAL,DUAL_QUERY,5.561578483276237,12.74200715409289,5.879820246977438,0.7901234567901234
scape,mesh071,FULL,BODY_QUERY,15.169842006320689,21.83098386436124,16.10182722417912,1.0
scape,mesh071,FULL,INTRINSIC_QUERY,10.612348918589502,23.4500110864339,12.386356173981893,1.0
scape,mesh071,FULL,DUAL_QUERY,11.192928756866628,19.255484398279755,11.63425364339544,1.0
scape,mesh071,PARTIAL_BAND,BODY_QUERY,15.58324983094379,22.31268564810277,16.470874624316856,0.8271604938271605
scape,mesh071,PARTIAL_BAND,INTRINSIC_QUERY,9.51344711032948,23.58268783793671,10.493945843107172,0.8271604938271605
scape,mesh071,PARTIAL_BAND,DUAL_QUERY,10.921089494965665,19.002724066147838,11.070519241603801,0.8271604938271605
scape,mesh071,NOISY_PARTIAL,BODY_QUERY,15.117811152595245,22.019029691036145,15.804537812988448,0.8271604938271605
scape,mesh071,NOISY_PARTIAL,INTRINSIC_QUERY,14.64118321572498,26.680541324146397,16.687843898117084,0.8271604938271605
scape,mesh071,NOISY_PARTIAL,DUAL_QUERY,10.33964761236436,20.474033207803295,11.23371713492922,0.8271604938271605
