cell,role,identity,raw_median_mm,raw_p95_mm,median_mm,p95_mm,coverage_50mm,delta_median_mm,delta_p95_mm,delta_coverage,fallback_count,frames
g0_seed11,TRAIN,p001195,164.62092222997396,210.00085802922894,142.880429615853,188.09108663975297,0.19366455078125,11.385821362360247,10.386931763124352,-0.09912109375,13,16
g0_seed11,TRAIN,p001197,45.93312078329235,105.28016887113003,13.566997681991943,76.8761317754452,0.9071044921875,-1.7587131478415952,-11.146563057705663,0.013580322265625,0,16
g0_seed11,TRAIN,p001202,36.64428707635586,85.39700564726904,21.059724787551417,65.03728961565777,0.887603759765625,6.936310382864784,12.209163891456505,-0.050506591796875,0,16
g0_seed11,TRAIN,p001203,39.250378491199115,81.67696347736126,11.707298660420822,43.94922843411701,0.97723388671875,-5.12883387677266,-0.5944329891276467,0.0067138671875,0,8
g0_seed11,TRAIN,p001204,29.177446317636672,71.23254263845769,14.813722332817598,45.29713087007755,0.96527099609375,2.2991509388098237,-0.9967433192483028,0.0028076171875,0,8
g0_seed11,TRAIN,p001210,70.79526317696431,261.16695189320956,47.85269889243467,236.54532659778368,0.51495361328125,-1.8198220081694174,9.279961797865496,0.01263427734375,0,8
g0_seed11,TRAIN,p001216,104.73452529355654,200.37367941632806,25.052593504707446,76.38405669322583,0.77447509765625,7.6997867621394995,9.473488326346342,-0.10906982421875,0,8
g0_seed11,TRAIN,p001225,82.21477015973497,149.57186110131678,15.221324828863885,50.26109847506859,0.94989013671875,-1.5397736357586673,-4.520748687298294,0.0137939453125,0,8
g0_seed11,TRAIN,p001226,30.789372004213973,69.52551341679394,16.594842585723278,45.474826253760405,0.9664306640625,4.554870942070931,7.213913108516067,-0.0174560546875,0,8
g0_seed11,TRAIN,p001231,33.42612810682106,99.91832119243139,25.195927938625875,88.66252084431751,0.78973388671875,4.904423029930019,8.746526792470135,-0.04892985026041663,0,24
g0_seed11,TRAIN,p100067,39.02499321546881,115.42753091719402,11.949331839875054,92.03752739950089,0.89312744140625,-0.12417852793271322,3.673786901025565,-0.0052490234375,0,8
g0_seed11,TRAIN,p100069,25.74882044405969,67.97439784162833,10.04117306468665,64.60392765574885,0.923583984375,-1.1494440127518537,0.1292086783248152,-0.0009765625,0,16
g0_seed11,TRAIN,p100072,30.704150962810182,97.42633494512737,16.27668066690139,75.41145843980945,0.90228271484375,0.5536516075103215,10.212481434221061,-0.0133056640625,0,8
g0_seed11,TRAIN,p100085,43.49901243358413,78.31296987548903,13.007678097171826,54.06810254061338,0.9366455078125,0.3610230179168319,1.6712792792422846,-0.00457763671875,0,8
g0_seed11,TRAIN,p100086,49.23102204107276,117.6288379845853,16.152378017577853,54.19440035690271,0.9342041015625,4.630306705243292,13.278323903775892,-0.04315185546875,0,8
g0_seed11,TRAIN,p100089,45.37025557846304,133.88958355334307,44.26166451194635,126.9663267182208,0.5546875,13.14989104082811,32.651567498162294,-0.13653564453125,0,8
g0_seed11,TRAIN,p100090,52.50589867938827,107.4115782551668,14.513053451109162,57.08874572542463,0.9285888671875,-4.886208274806577,-20.114972408777263,0.0452880859375,0,8
g0_seed11,TRAIN,p100092,27.586507782987788,104.58067937427323,27.111484848887514,108.01779713307613,0.77349853515625,3.5800661834126686,21.712050286680693,-0.02545166015625,0,8
g0_seed11,VAL,p001194,13.054914816594547,48.77991424908036,9.86101703883229,47.869892939416026,0.95465087890625,0.11479038617197546,5.05925085585627,-0.010498046875,0,16
g0_seed11,VAL,p001196,27.059050883134923,67.54844123170446,16.302019460285248,53.009001111996966,0.93426513671875,3.184136769019453,6.450012873540231,-0.02423095703125,0,8
g0_seed11,VAL,p001199,21.01380759047425,50.361830697337915,11.925533313679404,44.063659769529,0.9703369140625,0.3345035600734967,2.0061291760194564,-0.0013427734375,0,8
g0_seed11,VAL,p001201,25.666183355602698,56.70648828869216,10.376078937849798,27.31688413081593,0.99365234375,-0.07376974682603077,-7.673122505623823,0.006103515625,0,8
g0_seed23,TRAIN,p001195,144.3534201203154,191.96342744390216,96.77247422024017,143.3520019543037,0.404266357421875,-34.72213403325257,-34.35215292232493,0.111480712890625,9,16
g0_seed23,TRAIN,p001197,46.551695952296065,108.08384566398902,14.804088100337925,76.7591133077278,0.895843505859375,-0.5216227294956131,-11.263581525423064,0.0023193359375,0,16
g0_seed23,TRAIN,p001202,40.522639680506636,97.65800687453148,24.12861023254619,72.1135125813024,0.871124267578125,10.005195827859557,19.285386857101138,-0.066986083984375,0,16
g0_seed23,TRAIN,p001203,30.839681114058582,86.35514957110621,17.913523169592825,49.34254000682371,0.953125,1.077390632399343,4.798878583579054,-0.01739501953125,0,8
g0_seed23,TRAIN,p001204,21.464238503182187,56.67963130345656,13.053829442027261,57.99120309181535,0.934326171875,0.5392580480194873,11.697328902489495,-0.02813720703125,0,8
g0_seed23,TRAIN,p001210,101.99689385389003,289.8071048745243,50.47627275821695,238.9815203950521,0.49578857421875,0.8037518576128662,11.716155595133898,-0.00653076171875,0,8
g0_seed23,TRAIN,p001216,30.94870682685699,125.97749902884911,25.3116159236558,92.76027118269869,0.7451171875,7.9588091810878545,25.8497028158192,-0.138427734375,0,8
g0_seed23,TRAIN,p001225,69.55276329117534,143.59521258113307,20.833130942228955,67.02520647101184,0.85833740234375,4.0720324776064025,12.243359308644955,-0.0777587890625,0,8
g0_seed23,TRAIN,p001226,37.90812838580056,92.90429693089209,29.007326987058818,70.17947437547909,0.7608642578125,16.96735534340647,31.91856123023475,-0.2230224609375,0,8
g0_seed23,TRAIN,p001231,45.55992084268064,144.0704249931773,37.58628183248341,129.27578111862832,0.6268107096354166,17.294776923787552,49.35978706678094,-0.21185302734375,0,24
g0_seed23,TRAIN,p100067,13.898700805503822,80.88436296702474,8.820501041985143,73.25945591388997,0.89044189453125,-3.2530093258226245,-15.104284584585358,-0.0079345703125,0,8
g0_seed23,TRAIN,p100069,22.71606805215336,63.10336040234108,17.18093656671136,52.87157796638492,0.90380859375,5.990319489272856,-11.603141011039114,-0.020751953125,0,16
g0_seed23,TRAIN,p100072,42.89427106261411,168.48753945470511,20.357660739226315,152.99419465327094,0.81097412109375,4.634631679835245,87.79521764768255,-0.1046142578125,0,8
g0_seed23,TRAIN,p100085,30.573665008694633,68.26149728872711,15.848616761918773,54.886730221354235,0.93212890625,3.2019616826637787,2.489906959983138,-0.00909423828125,0,8
g0_seed23,TRAIN,p100086,42.78853749940355,101.6183836841243,17.902886605917857,52.13235581509285,0.938720703125,6.3808152935832965,11.21627936196603,-0.03863525390625,0,8
g0_seed23,TRAIN,p100089,44.10718271825204,143.06014314890348,38.234132807583734,122.88031221749745,0.60491943359375,7.122359336465493,28.565552997438942,-0.0863037109375,0,8
g0_seed23,TRAIN,p100090,22.121918675997197,71.00256695193808,16.383636586098476,72.36036709411333,0.89154052734375,-3.0156251398172635,-4.843351040088564,0.00823974609375,0,8
g0_seed23,TRAIN,p100092,29.75792952458234,121.28192236876171,27.895360736731092,125.91624468397235,0.7496337890625,4.363942071256247,39.610497837576915,-0.04931640625,0,8
g0_seed23,VAL,p001194,15.59252448600993,53.45384107484743,10.949346077450596,50.30809901047544,0.957794189453125,1.2031194247902803,7.497456926915682,-0.007354736328125,0,16
g0_seed23,VAL,p001196,32.11464603197675,83.48676373201494,23.168291399229982,69.24888724741317,0.8455810546875,10.050408707964188,22.68989900895643,-0.1129150390625,0,8
g0_seed23,VAL,p001199,19.979234333293952,49.77193453917373,11.950972135464905,55.099715745400545,0.92852783203125,0.35994238185899796,13.042185151890997,-0.04315185546875,0,8
g0_seed23,VAL,p001201,18.54371220967362,46.77084513664147,12.375527892171451,32.406418073873205,0.9891357421875,1.925679207495623,-2.583588562566547,0.0015869140625,0,8
g0_seed37,TRAIN,p001195,166.89913125733887,213.3247222425409,138.88089227507643,186.14331730058223,0.235931396484375,7.386284021583691,8.439162423953604,-0.056854248046875,12,16
g0_seed37,TRAIN,p001197,87.27881728548411,179.0391117414349,71.9272278670165,154.6459302350935,0.482635498046875,56.60151703718296,66.62323540194262,-0.410888671875,8,16
g0_seed37,TRAIN,p001202,23.35197235192448,66.61618471340711,12.129258545029481,54.735641834561505,0.929962158203125,-1.9941558596571518,1.9075161103602412,-0.008148193359375,0,16
g0_seed37,TRAIN,p001203,75.76886709792177,173.11030419133755,25.093005517076296,77.07332574586711,0.74493408203125,8.256872979882814,32.52966432262245,-0.2255859375,0,8
g0_seed37,TRAIN,p001204,25.536964028068823,69.88026145583238,23.54185303002853,67.50646010597737,0.85546875,11.027281636020756,21.212585916651513,-0.10699462890625,0,8
g0_seed37,TRAIN,p001210,66.61616991242875,278.6358884251386,54.325183427239814,253.99909589068864,0.4613037109375,4.65266252663573,26.733731090770448,-0.041015625,0,8
g0_seed37,TRAIN,p001216,41.46374045352222,148.10872628700452,28.347702681192654,117.46450950250932,0.71527099609375,10.994895938624708,50.55394113562983,-0.16827392578125,0,8
g0_seed37,TRAIN,p001225,96.11659052432964,162.85882848054263,18.23700805277369,61.14951170481488,0.8939208984375,1.4759095881511364,6.36766454244799,-0.04217529296875,0,8
g0_seed37,TRAIN,p001226,21.914087463270494,64.16127065851242,16.99952686239523,57.957096924697936,0.91552734375,4.9595552187428815,19.696183779453598,-0.068359375,0,8
g0_seed37,TRAIN,p001231,31.70560615621244,99.88213173910628,22.061374790692444,87.53121536895928,0.8218790690104166,1.7698698819965877,7.615221317111903,-0.01678466796875,0,24
g0_seed37,TRAIN,p100067,112.96572244959619,162.6338776537876,16.42393137415263,106.04662314829784,0.92340087890625,4.350421006344863,17.682882649822517,0.0250244140625,0,8
g0_seed37,TRAIN,p100069,43.26098930744516,80.86097122741802,10.648221309431985,55.72536906846524,0.94964599609375,-0.5423957680065179,-8.749349908958791,0.02508544921875,0,16
g0_seed37,TRAIN,p100072,128.46818809110843,282.89773334784275,114.2862121150234,308.6641061301133,0.29364013671875,98.56318305563234,243.46512912452488,-0.6219482421875,6,8
g0_seed37,TRAIN,p100085,50.38983765291505,74.95200345683449,12.477241872633119,58.88708690356256,0.93560791015625,-0.16941320662187564,6.490263642191465,-0.005615234375,0,8
g0_seed37,TRAIN,p100086,69.54721003710699,164.86074180742406,33.28110218206951,96.05782842325695,0.7388916015625,21.75903086973495,55.14175197013013,-0.23846435546875,0,8
g0_seed37,TRAIN,p100089,37.12466690224653,140.55689371969444,26.210910343808074,119.93139782111669,0.72308349609375,-4.900863127310167,25.616638601058185,0.0318603515625,0,8
g0_seed37,TRAIN,p100090,151.2088881812562,333.80258675172433,151.2088881812562,333.80258675172433,0.1761474609375,131.80962645534046,256.59886861752244,-0.7071533203125,8,8
g0_seed37,TRAIN,p100092,27.321560688046763,145.09271531732867,23.722765239452954,154.9424667662505,0.76654052734375,0.19134657397810884,68.63671991985507,-0.03240966796875,0,8
g0_seed37,VAL,p001194,66.09908169432498,113.55483616175795,34.62698618047516,84.65513326829094,0.856597900390625,24.880759527814842,41.84449118473118,-0.108551025390625,2,16
g0_seed37,VAL,p001196,22.656456593448155,70.52207977152274,17.69610335047446,66.04691643305279,0.9031982421875,4.5782206592086645,19.48792819459605,-0.0552978515625,0,8
g0_seed37,VAL,p001199,36.07334508303259,80.88032643133276,13.511895350049723,42.29923467808808,0.97979736328125,1.9208655964438162,0.24170408457852943,0.00811767578125,0,8
g0_seed37,VAL,p001201,45.2339931389179,96.4381567226016,16.290866671378915,42.96666859341077,0.97393798828125,5.841017986703086,7.9766619569710215,-0.01361083984375,0,8
g1_seed11,TRAIN,p001195,61.246349434701585,113.32673131204675,17.62327769583149,65.88743929867961,0.926849365234375,-113.87133055766125,-111.81671557794901,0.634063720703125,0,16
g1_seed11,TRAIN,p001197,23.900793156146506,95.61048581950682,17.00609645628334,109.45248303824994,0.81866455078125,1.6803856264498034,21.429788205099072,-0.074859619140625,0,16
g1_seed11,TRAIN,p001202,28.515613313136985,102.12078030264374,14.425222762506799,83.84026943831896,0.86480712890625,0.3018083578201658,31.01214371411769,-0.07330322265625,0,16
g1_seed11,TRAIN,p001203,26.871815235819504,67.19731888182848,17.75981198067545,80.83052329507137,0.8353271484375,0.9236794434819693,36.286861871826716,-0.13519287109375,0,8
g1_seed11,TRAIN,p001204,21.543470422625546,81.95512039420177,20.650940544330904,87.04964223287104,0.79681396484375,8.13636915032313,40.75576804354518,-0.1656494140625,0,8
g1_seed11,TRAIN,p001210,53.34357006427611,260.81172213344803,48.5483253377492,250.95421478244378,0.51177978515625,-1.1241955628548865,23.688849982525596,0.00946044921875,0,8
g1_seed11,TRAIN,p001216,44.59738284122524,123.79127738025736,26.77321887782273,87.78711461106045,0.77392578125,9.420412135254782,20.876546244180958,-0.109619140625,0,8
g1_seed11,TRAIN,p001225,46.553735806248326,115.37879750908807,28.214412234141225,84.58545486044815,0.75634765625,11.453313769518672,29.803607698081265,-0.17974853515625,0,8
g1_seed11,TRAIN,p001226,22.288991731159264,66.06929114494937,21.429840543752064,71.41232374540522,0.86859130859375,9.389868900099717,33.15141060016088,-0.11529541015625,0,8
g1_seed11,TRAIN,p001231,26.989493899715935,110.244823684418,23.55640196792551,102.45855648506249,0.782470703125,3.2648970592296536,22.54256243321511,-0.05619303385416663,0,24
g1_seed11,TRAIN,p100067,32.174038551705735,99.9633123819544,13.248059287332257,121.94017542978014,0.91278076171875,1.17454891952449,33.57643493130482,0.014404296875,0,8
g1_seed11,TRAIN,p100069,18.742671844370797,72.88252854923554,14.442309050268545,68.88488044401424,0.9151611328125,3.2516919728300415,4.4101614665902105,-0.0093994140625,0,16
g1_seed11,TRAIN,p100072,36.17409892256519,267.58954207349746,26.51488539078314,297.46550799415184,0.72894287109375,10.791856331392069,232.26653098856343,-0.1866455078125,0,8
g1_seed11,TRAIN,p100085,23.871678506268537,71.31488617809512,18.79414863628983,64.39299053400123,0.910888671875,6.147493557034835,11.996167272630132,-0.03033447265625,0,8
g1_seed11,TRAIN,p100086,25.843872413830297,71.52917143949216,13.782080661747678,56.04983837991162,0.9210205078125,2.2600093494131173,15.1337619267848,-0.05633544921875,0,8
g1_seed11,TRAIN,p100089,44.98377149168224,384.3759365636044,42.43601538617586,379.2104900542166,0.56195068359375,11.32424191505762,284.89573083415814,-0.1292724609375,0,8
g1_seed11,TRAIN,p100090,55.483252023962066,200.27019600375803,33.60020537616465,185.8947513835296,0.645263671875,14.200943650248913,108.69103324932772,-0.238037109375,0,8
g1_seed11,TRAIN,p100092,30.205225668963877,120.5064542301767,28.079069260993766,122.42813898417019,0.75042724609375,4.54765059551892,36.12239213777475,-0.04852294921875,0,8
g1_seed11,VAL,p001194,26.61958800964186,101.75996584436473,18.864460506524086,116.76516583904383,0.859954833984375,9.11823385386377,73.95452375548408,-0.105194091796875,0,16
g1_seed11,VAL,p001196,28.90157465297993,113.8972750381949,24.105838883165138,114.69921173983491,0.807373046875,10.987956191899343,68.14022350137817,-0.151123046875,0,8
g1_seed11,VAL,p001199,15.80566023738637,82.557484789482,15.030184002373378,83.46229897207752,0.79656982421875,3.439154248767471,41.40476837856797,-0.17510986328125,0,8
g1_seed11,VAL,p001201,27.97055928205731,62.48753913745548,19.027718186996868,74.14620899768086,0.8604736328125,8.57786950232104,39.15620236124111,-0.1270751953125,0,8
g1_seed23,TRAIN,p001195,78.62713462878037,124.20668868520943,13.186171749809095,54.56936709938278,0.94378662109375,-118.30843650368365,-123.13478777724583,0.6510009765625,0,16
g1_seed23,TRAIN,p001197,20.890915446491057,73.51644237817824,13.746364444907922,74.04622283304292,0.90240478515625,-1.579346384925616,-13.976472000107947,0.008880615234375,0,16
g1_seed23,TRAIN,p001202,23.88462249733325,55.37943491906739,16.526886839642096,47.76605258072229,0.928680419921875,2.4034724349554626,-5.062073143478976,-0.009429931640625,0,16
g1_seed23,TRAIN,p001203,20.610058607623447,54.361794589004354,13.90554910668057,53.08729396293924,0.93658447265625,-2.930583430512911,8.543632539694585,-0.033935546875,0,8
g1_seed23,TRAIN,p001204,14.399228035945942,56.96300549576678,13.842109558254425,56.936426573115696,0.92681884765625,1.3275381642466506,10.642552383789841,-0.03564453125,0,8
g1_seed23,TRAIN,p001210,55.795909694386594,250.83621291933173,48.07577095315027,239.5902503487699,0.513427734375,-1.5967499474538158,12.32488554885171,0.0111083984375,0,8
g1_seed23,TRAIN,p001216,26.112492652259412,110.8615854577159,25.85619660527811,104.44067530595251,0.779541015625,8.503389862710165,37.53010693907302,-0.10400390625,0,8
g1_seed23,TRAIN,p001225,59.3897483057805,127.84691383500657,20.017607930589495,57.28115622243533,0.9078369140625,3.2565094659669427,2.499309060068441,-0.02825927734375,0,8
g1_seed23,TRAIN,p001226,16.280855168948964,52.66856038169979,13.254732424647935,52.6159199874341,0.940673828125,1.2147607809955883,14.35500684218976,-0.043212890625,0,8
g1_seed23,TRAIN,p001231,28.85708495757314,92.40767054248606,19.467399139097456,80.21718098777299,0.8439534505208334,-0.8241057695984004,0.30118693592561385,0.005289713541666741,0,24
g1_seed23,TRAIN,p100067,61.50389566593877,126.0998119307548,11.460095946255583,92.45325191791773,0.90771484375,-0.613414421552184,4.0895114194424025,0.00933837890625,0,8
g1_seed23,TRAIN,p100069,27.35439850402861,72.97153651275936,9.639534929262627,53.430827459138456,0.940155029296875,-1.551082148175876,-11.043891518285577,0.015594482421875,0,16
g1_seed23,TRAIN,p100072,37.32448801140325,134.50660542351577,18.260058585196166,134.71445654771202,0.84100341796875,2.537029525805096,69.51547954212363,-0.0745849609375,0,8
g1_seed23,TRAIN,p100085,33.04034362046342,83.22603610711568,23.977225941945857,79.90957770189675,0.8359375,11.330570862690863,27.512754440525654,-0.10528564453125,0,8
g1_seed23,TRAIN,p100086,23.955284829461846,82.0115410743895,15.356615214499378,77.1949966450575,0.85430908203125,3.8345439021648176,36.27892019193068,-0.123046875,0,8
g1_seed23,TRAIN,p100089,49.62080466988674,130.85286003854145,31.972453254648777,104.5149989086938,0.68017578125,0.8606797835305358,10.200239688635293,-0.01104736328125,0,8
g1_seed23,TRAIN,p100090,22.61066042141337,84.26466192535429,20.69573592049039,85.37672070449365,0.83026123046875,1.2964741945746496,8.173002570291757,-0.05303955078125,0,8
g1_seed23,TRAIN,p100092,31.250831324458666,194.29785690157223,25.14366648282233,191.60319412909573,0.747314453125,1.612247817347484,105.29744728270029,-0.0516357421875,0,8
g1_seed23,VAL,p001194,19.975820243371025,53.819214676138806,10.417273497952873,42.515992442107574,0.9703369140625,0.6710468452925582,-0.29464964145218175,0.00518798828125,0,16
g1_seed23,VAL,p001196,19.791354913941902,61.710495466035724,15.368274649302894,58.47423729089475,0.92291259765625,2.250391958037099,11.915249052438014,-0.03558349609375,0,8
g1_seed23,VAL,p001199,12.810322996253715,48.66878912801933,11.034204858054393,47.13658596286258,0.95892333984375,-0.5568248955515145,5.079055369353036,-0.01275634765625,0,8
g1_seed23,VAL,p001201,22.99934360765234,56.85778314194599,13.063542381848261,42.66488706048341,0.9747314453125,2.613693697172433,7.674880424043657,-0.0128173828125,0,8
g1_seed37,TRAIN,p001195,59.60345056070417,102.26368218132234,13.711964329874995,52.70686043222961,0.939788818359375,-117.78264392361774,-124.99729444439902,0.647003173828125,0,16
g1_seed37,TRAIN,p001197,28.953342841421644,89.00930068927063,13.98875512542221,93.65353007241848,0.879852294921875,-1.3369557044113272,5.630835239267611,-0.013671875,0,16
g1_seed37,TRAIN,p001202,36.35600512982499,89.56393883296006,24.301678449253316,71.2421731305768,0.802947998046875,10.178264044566683,18.414047406375538,-0.135162353515625,0,16
g1_seed37,TRAIN,p001203,18.53495182840571,57.25794287161667,16.580380673966037,50.50632513798111,0.94818115234375,-0.25575186322744514,5.9626637147364505,-0.0223388671875,0,8
g1_seed37,TRAIN,p001204,15.688814489804344,66.0115067697318,15.31094235169211,66.93606566076194,0.90069580078125,2.7963709576843367,20.642191471436085,-0.061767578125,0,8
g1_seed37,TRAIN,p001210,64.19088993879785,261.6192969132064,49.912297296569264,241.1148953268493,0.4989013671875,0.23977639596517974,13.849530526931119,-0.00341796875,0,8
g1_seed37,TRAIN,p001216,32.157272697687915,120.0776359116021,23.203333800297855,77.19274593666523,0.8282470703125,5.850527057729909,10.282177569785745,-0.0552978515625,0,8
g1_seed37,TRAIN,p001225,63.94703699368439,164.6098105536546,24.3633042964291,78.5399721836605,0.80670166015625,7.602205831806547,23.75812502129361,-0.12939453125,0,8
g1_seed37,TRAIN,p001226,19.091080570096338,58.50225414338885,15.287580027400256,55.37352636780157,0.929443359375,3.2476083837479095,17.11261322255723,-0.054443359375,0,8
g1_seed37,TRAIN,p001231,23.922425775140255,85.68623523169907,17.52177610762965,77.4285397238307,0.8591715494791666,-2.769728801066208,-2.487454328016682,0.0205078125,0,24
g1_seed37,TRAIN,p100067,85.48354776691302,138.56634205503204,12.733429650349967,117.28595153395662,0.91015625,0.6599192825421998,28.922211035481297,0.01177978515625,0,8
g1_seed37,TRAIN,p100069,35.572312642643226,73.7110286109757,10.565279676563339,55.72484053845762,0.949462890625,-0.6253374008751642,-8.749878438966412,0.02490234375,0,16
g1_seed37,TRAIN,p100072,77.56998703314063,186.8328358757108,24.051455433294905,185.35156154265715,0.7525634765625,8.328426373903834,120.15258453706876,-0.16302490234375,0,8
g1_seed37,TRAIN,p100085,27.301318517216053,70.28510109689272,21.456520869074687,60.51927032970254,0.9105224609375,8.809865789819693,8.122447068331446,-0.03070068359375,0,8
g1_seed37,TRAIN,p100086,12.491769300749613,48.86768883340329,10.654108785234325,44.91638045183981,0.96319580078125,-0.8679625271002358,4.000303998712987,-0.01416015625,0,8
g1_seed37,TRAIN,p100089,35.257673756313146,149.59043558450287,31.771813118346877,138.15041325126418,0.65069580078125,0.6600396472286363,43.83565403120568,-0.04052734375,0,8
g1_seed37,TRAIN,p100090,27.704247832368,88.81608721113112,17.963936870680364,80.9629860639037,0.853759765625,-1.4353248552353755,3.7592679297018066,-0.029541015625,0,8
g1_seed37,TRAIN,p100092,58.920834548175776,194.89732158278605,30.870786096594664,134.12978937660029,0.70367431640625,7.339367431119818,47.82404253020485,-0.09527587890625,0,8
g1_seed37,VAL,p001194,18.62762899458911,54.91858595438847,10.339822551566911,52.49018355791678,0.9609375,0.5935958989065959,9.679541474357023,-0.00421142578125,0,16
g1_seed37,VAL,p001196,29.10916315994244,79.23095543825075,16.58566267964508,72.9000734740896,0.89080810546875,3.4677799883792844,26.34108523563286,-0.06768798828125,0,8
g1_seed37,VAL,p001199,29.990285760045822,75.93284338974189,20.557105249932338,68.99419316237662,0.87255859375,8.96607549632643,26.93666256886707,-0.09912109375,0,8
g1_seed37,VAL,p001201,21.40698186506066,51.97515330741794,12.42675642222284,49.4018841933306,0.95550537109375,1.9769077375470125,14.41187755689085,-0.03204345703125,0,8
official,TRAIN,p001195,165.2797482109709,207.4434368028837,131.49460825349274,177.70415487662862,0.29278564453125,0.0,0.0,0.0,11,16
official,TRAIN,p001197,66.06153359986546,132.576570556865,15.325710829833538,88.02269483315087,0.893524169921875,0.0,0.0,0.0,0,16
official,TRAIN,p001202,23.434658314143377,64.56622717776874,14.123414404686633,52.828125724201264,0.9381103515625,0.0,0.0,0.0,0,16
official,TRAIN,p001203,32.99847691634986,87.33237332650386,16.836132537193482,44.54366142324466,0.97052001953125,0.0,0.0,0.0,0,8
official,TRAIN,p001204,54.01034077691469,98.04013420466649,12.514571394007774,46.293874189325855,0.96246337890625,0.0,0.0,0.0,0,8
official,TRAIN,p001210,53.08562003873591,238.7400751594441,49.672520900604084,227.2653647999182,0.5023193359375,0.0,0.0,0.0,0,8
official,TRAIN,p001216,80.16443862222002,160.52417501085154,17.352806742567946,66.91056836687949,0.883544921875,0.0,0.0,0.0,0,8
official,TRAIN,p001225,113.16592723702178,184.4292779771288,16.761098464622552,54.78184716236689,0.93609619140625,0.0,0.0,0.0,0,8
official,TRAIN,p001226,17.71303189833216,44.97764110955523,12.039971643652347,38.26091314524434,0.98388671875,0.0,0.0,0.0,0,8
official,TRAIN,p001231,26.29936856616774,88.16504084255631,20.291504908695856,79.91599405184738,0.8386637369791666,0.0,0.0,0.0,0,24
official,TRAIN,p100067,52.153938338668794,118.4039584000584,12.073510367807767,88.36374049847532,0.89837646484375,0.0,0.0,0.0,0,8
official,TRAIN,p100069,36.564102203760115,99.84382011695644,11.190617077438503,64.47471897742403,0.924560546875,0.0,0.0,0.0,0,16
official,TRAIN,p100072,25.672843525959095,82.71076150301107,15.72302905939107,65.19897700558839,0.91558837890625,0.0,0.0,0.0,0,8
official,TRAIN,p100085,57.113077770897874,90.41343649334243,12.646655079254995,52.3968232613711,0.94122314453125,0.0,0.0,0.0,0,8
official,TRAIN,p100086,44.52653482016733,102.4792839886527,11.52207131233456,40.91607645312682,0.97735595703125,0.0,0.0,0.0,0,8
official,TRAIN,p100089,38.54106886051798,107.78269204311036,31.11177347111824,94.3147592200585,0.69122314453125,0.0,0.0,0.0,0,8
official,TRAIN,p100090,59.78663537971147,131.40710452865122,19.39926172591574,77.20371813420189,0.88330078125,0.0,0.0,0.0,0,8
official,TRAIN,p100092,24.91200436439493,115.54147564968409,23.531418665474845,86.30574684639544,0.7989501953125,0.0,0.0,0.0,0,8
official,VAL,p001194,28.370202239239863,68.58916589212339,9.746226652660315,42.810642083559756,0.96514892578125,0.0,0.0,0.0,0,16
official,VAL,p001196,17.144580571201267,50.27975631704241,13.117882691265795,46.558988238456735,0.95849609375,0.0,0.0,0.0,0,8
official,VAL,p001199,31.213290415331365,74.57817838491874,11.591029753605907,42.05753059350955,0.9716796875,0.0,0.0,0.0,0,8
official,VAL,p001201,45.61472450641822,85.89481893504319,10.449848684675828,34.99000663643975,0.987548828125,0.0,0.0,0.0,0,8
