role,method,level,cases,median_xz_mm,p95_xz_mm
train,TRAIN_MEDIAN_POSITION,C7,14,31.60226141552819,174.76536166088547
train,TRAIN_MEDIAN_POSITION,T3,51,28.98887987612001,227.10000721063184
train,TRAIN_MEDIAN_POSITION,T5,51,40.63867204164072,204.00334005383576
train,TRAIN_MEDIAN_POSITION,T9,51,49.05234647887133,184.8866040520149
train,TRAIN_MEDIAN_POSITION,L2,38,18.945224622778802,189.82282947897215
train,GLOBAL_REGRESSION,C7,14,24.549430974339323,42.41905280548271
train,GLOBAL_REGRESSION,T3,51,17.674336759283175,47.526686498197044
train,GLOBAL_REGRESSION,T5,51,16.770479157397062,40.56576561760228
train,GLOBAL_REGRESSION,T9,51,14.793030857005638,36.35611994562343
train,GLOBAL_REGRESSION,L2,38,15.997669827258669,55.25864153328682
train,INDEPENDENT_HEATMAP,C7,14,9.758681631316758,23.630921428585545
train,INDEPENDENT_HEATMAP,T3,51,13.451429285723107,34.97073030813541
train,INDEPENDENT_HEATMAP,T5,51,13.273484558835953,33.91859827359877
train,INDEPENDENT_HEATMAP,T9,51,13.657239478603394,36.74312896880171
train,INDEPENDENT_HEATMAP,L2,38,10.925823724275666,46.43130596926773
train,ORDERED_QUERY,C7,14,20.55549022336609,33.16304925260465
train,ORDERED_QUERY,T3,51,17.820696307996116,36.22260180779824
train,ORDERED_QUERY,T5,51,15.539262855970108,33.910276529767195
train,ORDERED_QUERY,T9,51,15.353472627815238,37.01114877434797
train,ORDERED_QUERY,L2,38,18.564484588316752,55.08304379493566
dev,TRAIN_MEDIAN_POSITION,C7,6,39.80572873393181,101.37596952778574
dev,TRAIN_MEDIAN_POSITION,T3,11,46.34261478011306,246.16869739487066
dev,TRAIN_MEDIAN_POSITION,T5,11,79.86745535821882,221.43881724231443
dev,TRAIN_MEDIAN_POSITION,T9,11,103.51494401678596,190.4242111182552
dev,TRAIN_MEDIAN_POSITION,L2,6,143.20224161183725,192.03859137047903
dev,GLOBAL_REGRESSION,C7,6,16.199407748720553,28.420341548836603
dev,GLOBAL_REGRESSION,T3,11,20.366570042288664,34.609969466383724
dev,GLOBAL_REGRESSION,T5,11,13.10447356658239,33.611449630452825
dev,GLOBAL_REGRESSION,T9,11,11.447216050302224,30.19965156404413
dev,GLOBAL_REGRESSION,L2,6,26.26016796534037,40.528235733366536
dev,INDEPENDENT_HEATMAP,C7,6,11.445120874667197,18.24982667062455
dev,INDEPENDENT_HEATMAP,T3,11,17.624103122470114,28.791394342192223
dev,INDEPENDENT_HEATMAP,T5,11,14.834798542671724,37.31937289393531
dev,INDEPENDENT_HEATMAP,T9,11,10.895480595820905,32.77053919733155
dev,INDEPENDENT_HEATMAP,L2,6,22.810653319768726,43.06612228114499
dev,ORDERED_QUERY,C7,6,12.087840505542239,21.155397667027305
dev,ORDERED_QUERY,T3,11,16.873068754321448,30.71330991986789
dev,ORDERED_QUERY,T5,11,8.976768946963949,32.29916539553075
dev,ORDERED_QUERY,T9,11,13.108092910919936,24.214940955818744
dev,ORDERED_QUERY,L2,6,24.63415992746168,38.90577518000411
test,TRAIN_MEDIAN_POSITION,C7,3,23.579351338836975,113.16641284648993
test,TRAIN_MEDIAN_POSITION,T3,12,33.44129104754202,215.63803119004922
test,TRAIN_MEDIAN_POSITION,T5,12,44.18054944520102,187.5485521968884
test,TRAIN_MEDIAN_POSITION,T9,12,43.96977023309334,160.03779749901585
test,TRAIN_MEDIAN_POSITION,L2,9,17.16009747828646,157.5948492780096
test,GLOBAL_REGRESSION,C7,3,32.37847232129836,42.14528444479754
test,GLOBAL_REGRESSION,T3,12,15.76351442770702,68.54843361422826
test,GLOBAL_REGRESSION,T5,12,20.53861212796666,51.048927909112905
test,GLOBAL_REGRESSION,T9,12,16.696209757759657,48.48320421016631
test,GLOBAL_REGRESSION,L2,9,16.0981464930366,58.91239022274482
test,INDEPENDENT_HEATMAP,C7,3,21.811509209421136,33.199978949241945
test,INDEPENDENT_HEATMAP,T3,12,17.032929311161197,43.7218761872632
test,INDEPENDENT_HEATMAP,T5,12,19.981914710758524,42.30568808261965
test,INDEPENDENT_HEATMAP,T9,12,18.451759369086894,52.729026434244446
test,INDEPENDENT_HEATMAP,L2,9,21.874025701374972,53.77732690845429
test,ORDERED_QUERY,C7,3,14.812953531488654,27.734613243656103
test,ORDERED_QUERY,T3,12,14.192773615793257,31.033923283126434
test,ORDERED_QUERY,T5,12,18.300685103631857,33.340347445346154
test,ORDERED_QUERY,T9,12,18.107958870442044,34.54346854330317
test,ORDERED_QUERY,L2,9,16.487329275510536,38.88912120746598
author_val_supporting,TRAIN_MEDIAN_POSITION,C7,0,,
author_val_supporting,TRAIN_MEDIAN_POSITION,T3,4,15.782765450526668,21.950893125282157
author_val_supporting,TRAIN_MEDIAN_POSITION,T5,4,18.225332436647903,44.16718006918881
author_val_supporting,TRAIN_MEDIAN_POSITION,T9,4,51.95654230150738,87.11860956015472
author_val_supporting,TRAIN_MEDIAN_POSITION,L2,2,11.967166096719913,20.14304858245256
author_val_supporting,GLOBAL_REGRESSION,C7,0,,
author_val_supporting,GLOBAL_REGRESSION,T3,4,18.51339615474388,28.741325190622142
author_val_supporting,GLOBAL_REGRESSION,T5,4,20.94348545683425,27.76215660315175
author_val_supporting,GLOBAL_REGRESSION,T9,4,16.882133273003824,22.05224101984288
author_val_supporting,GLOBAL_REGRESSION,L2,2,27.12272623559593,32.23814002719254
author_val_supporting,INDEPENDENT_HEATMAP,C7,0,,
author_val_supporting,INDEPENDENT_HEATMAP,T3,4,13.566180621932535,31.94415860449046
author_val_supporting,INDEPENDENT_HEATMAP,T5,4,17.8229862877888,27.065933819607842
author_val_supporting,INDEPENDENT_HEATMAP,T9,4,16.627042239282623,18.632503498170866
author_val_supporting,INDEPENDENT_HEATMAP,L2,2,30.94149261654296,37.15551544307227
author_val_supporting,ORDERED_QUERY,C7,0,,
author_val_supporting,ORDERED_QUERY,T3,4,25.140901739993943,31.9025885121314
author_val_supporting,ORDERED_QUERY,T5,4,22.578893195396216,26.00762162462027
author_val_supporting,ORDERED_QUERY,T9,4,16.800595750940758,19.77691961794421
author_val_supporting,ORDERED_QUERY,L2,2,25.457910614980413,38.565221779601025
