subject,role,case,convex_exact_minus_fixed_mm,convex_noisy_minus_fixed_mm,convex_exact_minus_rbf_exact_mm,convex_noisy_minus_rbf_noisy_mm
S103,consumed_validation,RIGID_ONLY,-0.04985023715551745,1.4326836741978983,-0.008490618508184555,-3.939021780432559
S103,consumed_validation,NORMAL_BUMP,-0.3938487350866706,-0.18696886610121766,-0.1918139967719752,-5.236394147286451
S103,consumed_validation,TANGENTIAL_SHIFT,-3.8493797236844127,-5.02304585703624,1.859592316950148,-0.7393844688479421
S104,dev,RIGID_ONLY,-0.057911700714040004,1.9260477482050542,-0.018273954940195014,-3.7435441046672384
S104,dev,NORMAL_BUMP,-0.14182401875833905,1.575599850867556,-0.24581031351441052,-2.633697159583647
S104,dev,TANGENTIAL_SHIFT,-4.307181017212489,-1.8786390419970296,0.9312972437895013,-0.5278875492710728
S107,dev,RIGID_ONLY,-0.03579092665224681,1.9101242736020527,-0.004166436071865398,-0.5669365716267802
S107,dev,NORMAL_BUMP,-0.21895394556685455,1.6391481007516628,-0.15384187255409887,-0.00018920347545847704
S107,dev,TANGENTIAL_SHIFT,-3.895777813563191,-3.6007250194028977,2.079985578234945,0.8443345456757818
S114,consumed_validation,RIGID_ONLY,-0.041650661529304994,1.9982048034859026,-0.028417263135927878,-7.403875218182408
S114,consumed_validation,NORMAL_BUMP,-0.057344474750414376,1.3747407393891384,-0.18428952621162598,-7.686418264548502
S114,consumed_validation,TANGENTIAL_SHIFT,-4.307717172401374,-2.0900807090978644,1.0516079988351184,-5.158334888110898
S118,consumed_validation,RIGID_ONLY,-0.05669773916307813,0.9909349012999752,-0.012818457073077272,-3.5411388645859203
S118,consumed_validation,NORMAL_BUMP,-0.16819600173714777,-0.568487757383028,-0.3448823235578642,-3.879644429804458
S118,consumed_validation,TANGENTIAL_SHIFT,-4.548549827060109,-4.3581562408428365,1.332605635902413,-1.48226854693357
S121,consumed_validation,RIGID_ONLY,-0.033044681858269365,1.7167048010836936,-0.005506568918845434,-5.892923500684046
S121,consumed_validation,NORMAL_BUMP,-0.08870520991984487,1.434168421125971,-0.1690560749553538,-6.526809853073797
S121,consumed_validation,TANGENTIAL_SHIFT,-3.6573239197003113,-1.7028928415805726,1.3231517913366218,-2.8391702040448017
S130,consumed_validation,RIGID_ONLY,-0.05868274086136499,3.1783838168188208,-0.018782561230965,-1.8921494235126848
S130,consumed_validation,NORMAL_BUMP,-0.12297317325581103,2.771985845687787,-0.14759336283023683,-2.4126284619931937
S130,consumed_validation,TANGENTIAL_SHIFT,-4.693409618307509,-4.812285194954729,0.8490792153488087,-1.491981489980681
S134,consumed_validation,RIGID_ONLY,-0.03291365174097316,2.249323089173157,0.0007507301286259205,-5.232651557666936
S134,consumed_validation,NORMAL_BUMP,-0.18745326622321756,-0.3683461199419993,-0.2785424313750364,-5.144658054522734
S134,consumed_validation,TANGENTIAL_SHIFT,-4.671057493470789,-4.126550884076471,1.3349558282182095,-3.178638822554335
S140,consumed_validation,RIGID_ONLY,-0.03389833992629049,2.1797767050221037,-0.0049741016959085615,-1.876404563056533
S140,consumed_validation,NORMAL_BUMP,-0.2578136788923129,1.3997880982444986,-0.08394907589110123,-1.3729700148381707
S140,consumed_validation,TANGENTIAL_SHIFT,-3.88504224251737,-4.012925718953012,1.6529545103687182,0.4818794310708556
S141,consumed_validation,RIGID_ONLY,-0.05398105839505263,2.5315951501652783,-0.01696437959530006,0.28713385882765374
S141,consumed_validation,NORMAL_BUMP,0.024026548368406786,1.3895700035770715,-0.3457294837741989,-1.1761881452789655
S141,consumed_validation,TANGENTIAL_SHIFT,-4.886230698803095,-5.817065480612056,1.0645842616375383,1.4033617638675455
S145,consumed_validation,RIGID_ONLY,-0.03741627326589242,2.539337118933133,-0.0006686701290947727,-0.6869647953679494
S145,consumed_validation,NORMAL_BUMP,-0.029146315490937824,2.6318045730521145,-0.0913780137600001,-0.3813995758889739
S145,consumed_validation,TANGENTIAL_SHIFT,-3.3927160148112536,-2.5390115790541197,2.2864544576652044,2.990734332110322
S151,consumed_validation,RIGID_ONLY,-0.047005877459276535,1.977781987695169,-0.017885047904798723,-2.293546975714716
S151,consumed_validation,NORMAL_BUMP,-0.08640786975972059,1.4713804468904863,-0.08209295103130487,-2.5628527542386053
S151,consumed_validation,TANGENTIAL_SHIFT,-3.8551799524983714,-3.5123336868755164,1.3019207862311908,-0.42653849987424053
S163,consumed_validation,RIGID_ONLY,-0.07415754941094133,1.59629646025973,-0.006898747949392714,-4.1894327242934715
S163,consumed_validation,NORMAL_BUMP,-0.259515352454984,1.016326190074479,-0.14547331739011904,-5.354689638919118
S163,consumed_validation,TANGENTIAL_SHIFT,-4.690172564210607,-5.2795766766353935,1.103527992636435,-2.1692903994777746
S165,dev,RIGID_ONLY,-0.027641708269177223,1.9541340005005736,0.0017074763690995143,-3.729084963776374
S165,dev,NORMAL_BUMP,-0.14923825482082598,0.8221603199000447,-0.21358392526381276,-5.308782022137562
S165,dev,TANGENTIAL_SHIFT,-4.2651788720985095,-4.1895341861576965,1.5251491901618537,-0.747125456398674
S170,consumed_validation,RIGID_ONLY,-0.053309697280828294,1.4166283394142751,-0.004341149415765189,-2.4521559020512242
S170,consumed_validation,NORMAL_BUMP,-0.004351021007287681,0.973841773634704,-0.32479283281931237,-2.1150009674926644
S170,consumed_validation,TANGENTIAL_SHIFT,-4.284380845268369,-3.3423965513178517,1.5408605312627595,-0.504586639588271
S179,consumed_validation,RIGID_ONLY,-0.03713252164663944,1.8277744740456816,-0.007354596620148646,-2.905899820235385
S179,consumed_validation,NORMAL_BUMP,-0.038518255307789184,0.7521341676631705,-0.2027830419766068,-2.0156105339786823
S179,consumed_validation,TANGENTIAL_SHIFT,-4.585888177399088,-5.319612670237754,1.151255648890955,-2.5390410806581825
S184,consumed_validation,RIGID_ONLY,-0.031761516031076686,1.269175363231374,0.003012793096805355,-3.387236943781317
S184,consumed_validation,NORMAL_BUMP,-0.024964012649539624,0.5739035362544158,-0.21029148279481547,-2.9991112639762925
S184,consumed_validation,TANGENTIAL_SHIFT,-4.079208161969228,-3.068689679418128,1.2360529668182338,-1.440395189354823
S187,dev,RIGID_ONLY,-0.047476860515485386,2.5908532071910186,-0.03053568422741293,-1.4440833132122277
S187,dev,NORMAL_BUMP,-0.16069577476314434,1.0962028892266495,-0.25454158827225437,-1.918488845778986
S187,dev,TANGENTIAL_SHIFT,-4.874033582171273,-4.450863086419833,0.7671207304994967,-2.3050879787429572
S188,consumed_validation,RIGID_ONLY,-0.0537704613133938,2.4279326717639647,-0.017941113223567562,-2.3392901140133757
S188,consumed_validation,NORMAL_BUMP,-0.12278610783734623,1.5373979981279926,-0.20054498157189293,-2.9505599057569465
S188,consumed_validation,TANGENTIAL_SHIFT,-4.2967796924935975,-2.8983812315708537,1.043194973869217,2.813683126424036
S196,consumed_validation,RIGID_ONLY,-0.03295889475388608,1.4002249963659703,-0.009978317282657467,-8.399196735686775
S196,consumed_validation,NORMAL_BUMP,-0.3086489862406476,1.1906365189246846,-0.34502613779642566,-8.346019720926606
S196,consumed_validation,TANGENTIAL_SHIFT,-5.0776971281975065,-3.4955705864493005,1.171417095451197,-4.2081414412692535
