frame_id,method,translation_norm_mm,pose_l2,shape_l2
Sub03/Date03_Sub03_backpack_back/t0014.000,O2,20.592506408691406,0.17095907032489777,0.0
Sub03/Date03_Sub03_backpack_back/t0014.000,O3,4.1739726066589355,0.0,0.2931397259235382
Sub03/Date03_Sub03_backpack_back/t0014.000,O4,18.04291343688965,0.16894768178462982,0.25823768973350525
Sub03/Date03_Sub03_backpack_back/t0026.000,O2,15.930068016052246,0.1210792139172554,0.0
Sub03/Date03_Sub03_backpack_back/t0026.000,O3,17.865917205810547,0.0,0.24715039134025574
Sub03/Date03_Sub03_backpack_back/t0026.000,O4,13.0866060256958,0.11375024914741516,0.2061351090669632
Sub03/Date03_Sub03_backpack_back/t0036.000,O2,6.354401588439941,0.1427282840013504,0.0
Sub03/Date03_Sub03_backpack_back/t0036.000,O3,42.23860549926758,0.0,0.2399085909128189
Sub03/Date03_Sub03_backpack_back/t0036.000,O4,5.899407386779785,0.14075127243995667,0.20224529504776
Sub03/Date03_Sub03_stool_sit/t0015.000,O2,44.337581634521484,0.12787678837776184,0.0
Sub03/Date03_Sub03_stool_sit/t0015.000,O3,63.593467712402344,0.0,0.20923537015914917
Sub03/Date03_Sub03_stool_sit/t0015.000,O4,43.16984558105469,0.1262066811323166,0.19993992149829865
Sub03/Date03_Sub03_stool_sit/t0027.000,O2,7.9854512214660645,0.13068561255931854,0.0
Sub03/Date03_Sub03_stool_sit/t0027.000,O3,8.898200988769531,0.0,0.22834286093711853
Sub03/Date03_Sub03_stool_sit/t0027.000,O4,8.430980682373047,0.13118404150009155,0.20818085968494415
Sub03/Date03_Sub03_stool_sit/t0038.000,O2,16.356658935546875,0.1072072982788086,0.0
Sub03/Date03_Sub03_stool_sit/t0038.000,O3,4.243162155151367,0.0,0.2775751054286957
Sub03/Date03_Sub03_stool_sit/t0038.000,O4,14.96250057220459,0.10408404469490051,0.17272543907165527
Sub03/Date03_Sub03_yogaball_play/t0014.000,O2,29.29326057434082,0.11871851235628128,0.0
Sub03/Date03_Sub03_yogaball_play/t0014.000,O3,9.244281768798828,0.0,0.32545727491378784
Sub03/Date03_Sub03_yogaball_play/t0014.000,O4,24.873620986938477,0.11759909242391586,0.21256506443023682
Sub03/Date03_Sub03_yogaball_play/t0025.000,O2,15.483341217041016,0.13206234574317932,0.0
Sub03/Date03_Sub03_yogaball_play/t0025.000,O3,10.484299659729004,0.0,0.30091720819473267
Sub03/Date03_Sub03_yogaball_play/t0025.000,O4,16.403921127319336,0.12838345766067505,0.22757768630981445
Sub03/Date03_Sub03_yogaball_play/t0036.000,O2,10.585195541381836,0.11205578595399857,0.0
Sub03/Date03_Sub03_yogaball_play/t0036.000,O3,16.52832794189453,0.0,0.2439780980348587
Sub03/Date03_Sub03_yogaball_play/t0036.000,O4,9.87208366394043,0.11065515875816345,0.23660096526145935
Sub04/Date03_Sub04_backpack_back/t0015.000,O2,14.594793319702148,0.11286415159702301,0.0
Sub04/Date03_Sub04_backpack_back/t0015.000,O3,6.747631549835205,0.0,0.2671458423137665
Sub04/Date03_Sub04_backpack_back/t0015.000,O4,14.647770881652832,0.11127995699644089,0.20986077189445496
Sub04/Date03_Sub04_backpack_back/t0026.000,O2,16.570499420166016,0.13924016058444977,0.0
Sub04/Date03_Sub04_backpack_back/t0026.000,O3,16.605188369750977,0.0,0.2900843322277069
Sub04/Date03_Sub04_backpack_back/t0026.000,O4,17.821584701538086,0.13738994300365448,0.21594159305095673
Sub04/Date03_Sub04_backpack_back/t0037.000,O2,11.344970703125,0.13255640864372253,0.0
Sub04/Date03_Sub04_backpack_back/t0037.000,O3,12.219921112060547,0.0,0.2633569836616516
Sub04/Date03_Sub04_backpack_back/t0037.000,O4,11.915811538696289,0.13142678141593933,0.22318850457668304
Sub04/Date03_Sub04_stool_sit/t0015.000,O2,12.527297973632812,0.1251075118780136,0.0
Sub04/Date03_Sub04_stool_sit/t0015.000,O3,14.132906913757324,0.0,0.267347127199173
Sub04/Date03_Sub04_stool_sit/t0015.000,O4,11.406837463378906,0.12281674891710281,0.23536734282970428
Sub04/Date03_Sub04_stool_sit/t0027.000,O2,61.03022003173828,0.1525440216064453,0.0
Sub04/Date03_Sub04_stool_sit/t0027.000,O3,26.097354888916016,0.0,0.39892199635505676
Sub04/Date03_Sub04_stool_sit/t0027.000,O4,62.38908767700195,0.15142321586608887,0.3501759469509125
Sub04/Date03_Sub04_stool_sit/t0038.000,O2,6.619783401489258,0.11755186319351196,0.0
Sub04/Date03_Sub04_stool_sit/t0038.000,O3,6.501509189605713,0.0,0.24000805616378784
Sub04/Date03_Sub04_stool_sit/t0038.000,O4,6.449626922607422,0.11917257308959961,0.18098662793636322
Sub04/Date03_Sub04_yogaball_play/t0010.000,O2,16.719362258911133,0.12741827964782715,0.0
Sub04/Date03_Sub04_yogaball_play/t0010.000,O3,8.600226402282715,0.0,0.24574711918830872
Sub04/Date03_Sub04_yogaball_play/t0010.000,O4,21.30811309814453,0.12568598985671997,0.2077772468328476
Sub04/Date03_Sub04_yogaball_play/t0022.000,O2,7.262922286987305,0.1258857101202011,0.0
Sub04/Date03_Sub04_yogaball_play/t0022.000,O3,9.678851127624512,0.0,0.2875167429447174
Sub04/Date03_Sub04_yogaball_play/t0022.000,O4,7.101828098297119,0.12326226383447647,0.22302336990833282
Sub04/Date03_Sub04_yogaball_play/t0034.000,O2,9.436363220214844,0.1352270096540451,0.0
Sub04/Date03_Sub04_yogaball_play/t0034.000,O3,8.581255912780762,0.0,0.2275504171848297
Sub04/Date03_Sub04_yogaball_play/t0034.000,O4,9.051363945007324,0.13504378497600555,0.20900101959705353
Sub05/Date03_Sub05_backpack/t0035.000,O2,23.287931442260742,0.1465516984462738,0.0
Sub05/Date03_Sub05_backpack/t0035.000,O3,14.262845993041992,0.0,0.2931511104106903
Sub05/Date03_Sub05_backpack/t0035.000,O4,21.398439407348633,0.14413540065288544,0.23475459218025208
Sub05/Date03_Sub05_backpack/t0070.000,O2,9.154618263244629,0.1348322629928589,0.0
Sub05/Date03_Sub05_backpack/t0070.000,O3,13.841437339782715,0.0,0.28034064173698425
Sub05/Date03_Sub05_backpack/t0070.000,O4,9.106818199157715,0.13418401777744293,0.2202407419681549
Sub05/Date03_Sub05_backpack/t0101.000,O2,27.290239334106445,0.13555218279361725,0.0
Sub05/Date03_Sub05_backpack/t0101.000,O3,25.668148040771484,0.0,0.2427387684583664
Sub05/Date03_Sub05_backpack/t0101.000,O4,27.69182586669922,0.1354793757200241,0.21044707298278809
Sub05/Date03_Sub05_stool/t0019.000,O2,34.299503326416016,0.1636216938495636,0.0
Sub05/Date03_Sub05_stool/t0019.000,O3,9.26240348815918,0.0,0.34794434905052185
Sub05/Date03_Sub05_stool/t0019.000,O4,34.910648345947266,0.1637704074382782,0.30878573656082153
Sub05/Date03_Sub05_stool/t0035.000,O2,7.557741165161133,0.1068502813577652,0.0
Sub05/Date03_Sub05_stool/t0035.000,O3,8.746991157531738,0.0,0.29058220982551575
Sub05/Date03_Sub05_stool/t0035.000,O4,7.939010143280029,0.10815533250570297,0.2129872590303421
Sub05/Date03_Sub05_stool/t0050.000,O2,18.4858455657959,0.10459863394498825,0.0
Sub05/Date03_Sub05_stool/t0050.000,O3,17.79252052307129,0.0,0.22354058921337128
Sub05/Date03_Sub05_stool/t0050.000,O4,18.261526107788086,0.10378313809633255,0.18999268114566803
Sub05/Date03_Sub05_yogaball/t0019.000,O2,33.019126892089844,0.1095580980181694,0.0
Sub05/Date03_Sub05_yogaball/t0019.000,O3,55.69252395629883,0.0,0.22778940200805664
Sub05/Date03_Sub05_yogaball/t0019.000,O4,32.01488494873047,0.10909163951873779,0.1889112889766693
Sub05/Date03_Sub05_yogaball/t0035.000,O2,19.069787979125977,0.1388586312532425,0.0
Sub05/Date03_Sub05_yogaball/t0035.000,O3,7.747535228729248,0.0,0.28278690576553345
Sub05/Date03_Sub05_yogaball/t0035.000,O4,19.41733741760254,0.1357996016740799,0.2306581437587738
Sub05/Date03_Sub05_yogaball/t0051.000,O2,17.30043601989746,0.12299955636262894,0.0
Sub05/Date03_Sub05_yogaball/t0051.000,O3,14.582714080810547,0.0,0.2760116159915924
Sub05/Date03_Sub05_yogaball/t0051.000,O4,17.39879035949707,0.12179040908813477,0.2057766169309616
Sub06/Date05_Sub06_backpack_back/t0015.000,O2,8.110358238220215,0.1313115656375885,0.0
Sub06/Date05_Sub06_backpack_back/t0015.000,O3,8.60927963256836,0.0,0.2479487508535385
Sub06/Date05_Sub06_backpack_back/t0015.000,O4,8.645234107971191,0.12947343289852142,0.18501496315002441
Sub06/Date05_Sub06_backpack_back/t0026.000,O2,16.360851287841797,0.12799526751041412,0.0
Sub06/Date05_Sub06_backpack_back/t0026.000,O3,18.727680206298828,0.0,0.25204795598983765
Sub06/Date05_Sub06_backpack_back/t0026.000,O4,17.16290283203125,0.12389249354600906,0.22249215841293335
Sub06/Date05_Sub06_backpack_back/t0038.000,O2,10.32219409942627,0.14003325998783112,0.0
Sub06/Date05_Sub06_backpack_back/t0038.000,O3,10.843194007873535,0.0,0.3205769658088684
Sub06/Date05_Sub06_backpack_back/t0038.000,O4,11.38475227355957,0.13758812844753265,0.2614407539367676
Sub06/Date05_Sub06_stool_sit/t0015.000,O2,21.3956298828125,0.12580618262290955,0.0
Sub06/Date05_Sub06_stool_sit/t0015.000,O3,10.356489181518555,0.0,0.287413090467453
Sub06/Date05_Sub06_stool_sit/t0015.000,O4,19.744157791137695,0.12486615031957626,0.22941288352012634
Sub06/Date05_Sub06_stool_sit/t0027.000,O2,17.84996223449707,0.13429054617881775,0.0
Sub06/Date05_Sub06_stool_sit/t0027.000,O3,6.817124366760254,0.0,0.324057936668396
Sub06/Date05_Sub06_stool_sit/t0027.000,O4,17.012130737304688,0.13379542529582977,0.30723869800567627
Sub06/Date05_Sub06_stool_sit/t0038.000,O2,18.506940841674805,0.13930389285087585,0.0
Sub06/Date05_Sub06_stool_sit/t0038.000,O3,10.849404335021973,0.0,0.27286091446876526
Sub06/Date05_Sub06_stool_sit/t0038.000,O4,23.749755859375,0.1375070959329605,0.23112961649894714
Sub06/Date05_Sub06_yogaball_play/t0012.000,O2,21.53518295288086,0.1147659495472908,0.0
Sub06/Date05_Sub06_yogaball_play/t0012.000,O3,7.294698238372803,0.0,0.3027854263782501
Sub06/Date05_Sub06_yogaball_play/t0012.000,O4,21.15923309326172,0.11457158625125885,0.23253828287124634
Sub06/Date05_Sub06_yogaball_play/t0024.000,O2,28.548986434936523,0.13344237208366394,0.0
Sub06/Date05_Sub06_yogaball_play/t0024.000,O3,27.5545654296875,0.0,0.34238097071647644
Sub06/Date05_Sub06_yogaball_play/t0024.000,O4,28.187179565429688,0.13365629315376282,0.24393130838871002
Sub06/Date05_Sub06_yogaball_play/t0034.000,O2,38.812076568603516,0.11905322968959808,0.0
Sub06/Date05_Sub06_yogaball_play/t0034.000,O3,9.529214859008789,0.0,0.27503305673599243
Sub06/Date05_Sub06_yogaball_play/t0034.000,O4,38.44740295410156,0.11887210607528687,0.22531796991825104
Sub07/Date06_Sub07_backpack_back/t0015.000,O2,34.7064208984375,0.14648336172103882,0.0
Sub07/Date06_Sub07_backpack_back/t0015.000,O3,45.32909393310547,0.0,0.2770252227783203
Sub07/Date06_Sub07_backpack_back/t0015.000,O4,33.36919021606445,0.14558492600917816,0.2400178462266922
Sub07/Date06_Sub07_backpack_back/t0027.000,O2,23.8359375,0.12383835017681122,0.0
Sub07/Date06_Sub07_backpack_back/t0027.000,O3,14.131802558898926,0.0,0.330018550157547
Sub07/Date06_Sub07_backpack_back/t0027.000,O4,22.4512882232666,0.1207636371254921,0.2590450048446655
Sub07/Date06_Sub07_backpack_back/t0039.000,O2,13.50912857055664,0.13480179011821747,0.0
Sub07/Date06_Sub07_backpack_back/t0039.000,O3,12.306634902954102,0.0,0.28708210587501526
Sub07/Date06_Sub07_backpack_back/t0039.000,O4,13.575883865356445,0.1324632316827774,0.22231170535087585
Sub07/Date06_Sub07_stool_sit/t0015.000,O2,50.04282760620117,0.1451977640390396,0.0
Sub07/Date06_Sub07_stool_sit/t0015.000,O3,40.37836837768555,0.0,0.27196845412254333
Sub07/Date06_Sub07_stool_sit/t0015.000,O4,49.90500259399414,0.14151540398597717,0.2810876965522766
Sub07/Date06_Sub07_stool_sit/t0027.000,O2,49.014556884765625,0.17263981699943542,0.0
Sub07/Date06_Sub07_stool_sit/t0027.000,O3,33.40278625488281,0.0,0.32203981280326843
Sub07/Date06_Sub07_stool_sit/t0027.000,O4,46.70185470581055,0.17165407538414001,0.2911757528781891
Sub07/Date06_Sub07_stool_sit/t0038.000,O2,14.261833190917969,0.17515069246292114,0.0
Sub07/Date06_Sub07_stool_sit/t0038.000,O3,5.633759021759033,0.0,0.3432964086532593
Sub07/Date06_Sub07_stool_sit/t0038.000,O4,13.954254150390625,0.1739310622215271,0.29537320137023926
Sub07/Date06_Sub07_yogaball_play/t0017.000,O2,39.08993911743164,0.15930238366127014,0.0
Sub07/Date06_Sub07_yogaball_play/t0017.000,O3,41.68098449707031,0.0,0.35427871346473694
Sub07/Date06_Sub07_yogaball_play/t0017.000,O4,36.59803009033203,0.1572953462600708,0.32011646032333374
Sub07/Date06_Sub07_yogaball_play/t0028.000,O2,39.34550857543945,0.14896418154239655,0.0
Sub07/Date06_Sub07_yogaball_play/t0028.000,O3,10.638378143310547,0.0,0.30238229036331177
Sub07/Date06_Sub07_yogaball_play/t0028.000,O4,37.676300048828125,0.1494578719139099,0.24517890810966492
Sub07/Date06_Sub07_yogaball_play/t0039.000,O2,21.816486358642578,0.16835826635360718,0.0
Sub07/Date06_Sub07_yogaball_play/t0039.000,O3,14.925657272338867,0.0,0.30764058232307434
Sub07/Date06_Sub07_yogaball_play/t0039.000,O4,21.66855239868164,0.16617660224437714,0.25737112760543823
