subject_id,sequence,frame,pose_family,Tx_mm,Ty_mm,Tz_mm,Tnorm_mm,valid_depth_points,Official_A_median,Corrected_A_median,Official_A_mean,Corrected_A_mean,Official_A_P90,Corrected_A_P90,Official_A_P95,Corrected_A_P95,Official_B_median,Corrected_B_median,Official_B_mean,Corrected_B_mean,Official_B_P90,Corrected_B_P90,Official_B_P95,Corrected_B_P95,Official_B_coverage,Corrected_B_coverage,runtime_sam_ms,runtime_txyz_ms,runtime_total_ms,outcome_class,fallback_reason
p000838,a000084,23,a000084,8.978329704236288,-26.042984804084846,-153.78546063249792,156.23320826166673,14292,142.9657964336969,31.369130509587364,137.00351712247496,37.064436585335066,219.3206653368002,75.07404073976731,250.1119851337947,99.60717157479795,102.2893244842582,23.148044628503506,111.72914433566555,30.44280919538655,195.00946992830495,63.34094472104011,239.34668998154882,91.34536636977754,0.43403835428375304,0.6518833926809386,6358.715448004659,114.39395596971735,6473.109403974377,LARGE_CORRECTION,
p000838,a000084,46,a000084,13.444217116349327,-47.3350129493344,-260.996682344846,265.5948392190663,11372,234.84227510573507,234.84227510573507,225.3717242057946,225.3717242057946,311.23632496300644,311.23632496300644,329.8125419500264,329.8125419500264,170.0564396288387,170.0564396288387,164.11817985845994,164.11817985845994,282.28849566241473,282.28849566241473,315.6612511175905,315.6612511175905,0.3890873111636662,0.3890873111636662,367.6069930079393,140.52922499831766,508.13621800625697,FALLBACK,CORRECTION_OUT_OF_RANGE
p000838,a000084,70,a000084,13.513919181604606,-40.93231981623191,-256.5317067017859,260.1280403196017,12116,234.60829203961626,234.60829203961626,217.471697330064,217.471697330064,314.11330766335436,314.11330766335436,329.70680828134425,329.70680828134425,163.61019151069652,163.61019151069652,164.00784350917306,164.00784350917306,281.4042520913702,281.4042520913702,316.47945620413054,316.47945620413054,0.3683268020977476,0.3683268020977476,338.7149050249718,111.53424001531675,450.24914504028857,FALLBACK,CORRECTION_OUT_OF_RANGE
p000838,a001422,82,a001422,3.372014254176409,-4.265863982300999,8.203908425993722,9.842367048020137,12627,24.98017488533179,23.28648527698965,33.52132769567653,31.754386102068786,77.91076072988064,71.74849491268576,85.42154519509225,79.45328083168923,26.471759910486732,25.03564235905847,32.49289983864772,30.678460531935457,72.50032692503423,67.79902602554222,81.78854148425575,77.05023712739764,0.7390936689909477,0.7417136836852101,348.28594396822155,94.89440702600405,443.1803509942256,SMALL_CORRECTION,
p000838,a001422,164,a001422,2.2131711536238496,-1.3258045803716811,0.8354940282835344,2.7118138969819996,12754,28.236271155098564,28.105874879231138,35.91038324866984,35.847860193592126,81.77102656224753,81.63730633487111,89.66393982968076,89.25524736747252,29.346334287616017,29.071397700468747,35.022999194153094,35.01424657367358,75.97393676028082,76.13649125112636,85.89094126473111,85.76368404185588,0.7347999161952651,0.7302604930511907,339.1725670080632,99.91512598935515,439.08769299741834,SMALL_CORRECTION,
p000838,a001422,245,a001422,5.015301613127764,-0.26320884610608886,-0.8713369789639103,5.097230355616705,12790,28.040875484276448,27.505354040558334,35.43142951637376,35.261626644481524,81.71624060292167,82.22924676711524,90.94808766366688,90.98250326336374,29.52840973831789,29.320052629820353,35.03420841447524,35.240379465018805,76.50550700909221,76.70635258169932,87.81111652101092,88.11381565616004,0.7324160316116286,0.7208580299181485,352.07994998199865,99.61881302297115,451.6987630049698,SMALL_CORRECTION,
p000838,a000017,8,a000017,10.827316990322904,-75.68075759385562,-113.30832934855368,136.68791227811326,16648,125.12613597425579,41.602951597899015,135.72756567442056,50.33432764126084,235.16827352261717,110.3766988797625,247.47268781351613,131.82100446641402,108.7815130764125,34.84475808642659,117.10500691159126,44.83351018833995,219.4400857719915,99.5311194700115,237.06714120501096,123.21152357535816,0.4768755165131156,0.6146837664391458,344.59340397734195,121.9063499593176,466.49975393665954,LARGE_CORRECTION,
p000838,a000017,17,a000017,10.332024712359916,-80.89284228202231,-117.65952618008431,143.15783865385401,16682,131.46501331137702,41.8188514719274,142.59503555270214,51.793551439765785,246.00461594623698,115.38295713972191,256.14920862279376,136.61767340878413,114.26003997342046,35.95209538361001,124.47374527615818,47.42563379208787,233.0197479699605,107.75450932282628,248.94334168192344,130.16391059030389,0.4624886429759997,0.6075216676705085,335.99944203160703,100.79836699878797,436.797809030395,LARGE_CORRECTION,
p000838,a000017,26,a000017,9.876169520459356,-79.64912883242526,-115.71023616994398,140.8203863176967,16640,126.9666847872567,42.16121315297645,140.00208081930495,51.83061858311077,243.75829144812917,116.2970480305476,254.66097923226243,136.23778619804125,112.88824101341666,36.49797055773587,122.75161763118417,47.38206141314724,230.01358779768992,106.44937363736538,247.35094463299706,130.00691980780695,0.46228997689873097,0.6073293101167275,332.9436670173891,102.54435602109879,435.4880230384879,LARGE_CORRECTION,
p000891,a001199,20,a001199,7.303792294196365,-6.7238622379584,6.388668051942048,11.8055404259911,16374,23.705851694385082,21.964693679268755,119.68903132694517,118.6857783546615,83.64296940655446,83.68090075661567,106.20496708228805,110.79913812231538,21.7051437035812,20.56541288154295,31.85163428139352,30.89679956315609,75.78176420258995,75.34265244806824,93.20574155491055,92.94192439515886,0.6211143974811564,0.6208758706230322,351.06008499860764,103.39367500273511,454.45376000134274,SMALL_CORRECTION,
p000891,a001199,40,a001199,6.22199010630986,-7.654932787076518,10.20050059782207,14.190185668406361,16122,21.16805069072673,18.289137945274394,115.65478941995394,113.26101623168631,72.25654817549233,67.28238932978982,90.50060764729277,88.11494518750958,17.248263138751547,16.57807853926408,23.3869080669402,21.933402925642685,52.91859549302881,51.21224437960803,68.6201723671291,66.62677924490853,0.6556250778532622,0.6615946264480707,332.60307600721717,103.12408796744421,435.7271639746614,SMALL_CORRECTION,
p000891,a001199,59,a001199,5.327583280868353,-12.447456432155946,16.707736398142714,21.505133591652747,16131,22.419298193295425,16.31866088017425,125.69533609710906,122.82616764951796,118.20506881881768,135.48545509774152,188.57833806978704,207.1868318029462,18.666193346078813,14.753433076324976,29.779872333758266,28.36746234211001,68.12386301257233,67.1785356096759,102.2637712177129,117.82073311139897,0.6250084572930863,0.6339393587922019,338.1139319972135,123.41709400061518,461.5310259978287,SMALL_CORRECTION,
p000891,a005386,8,a005386,-0.7854575125869623,-28.74821193424171,-35.49570314297412,45.68393125087091,23601,34.38739994952881,17.926190630067374,37.775481329272836,22.827919228527612,67.40404425070648,45.77548379944505,73.88536554692962,64.21364834382467,25.196117905218337,17.29457626161802,29.48976097376407,21.692017853709526,61.12497488907392,46.904705150556076,66.61846284560797,57.35089974727311,0.660589048695465,0.6619966713863428,347.3815070465207,151.556973985862,498.9384810323827,USEFUL_CORRECTION,
p000891,a005386,16,a005386,-0.43850183473770343,-34.560231199911584,-38.20958941093622,51.52256386674424,23511,38.37159285987704,16.637910675032874,39.88236993579248,22.143612270274147,69.65962083085796,46.90010221344144,74.81909494531332,61.84131902409182,26.21169352577941,17.493447636576512,31.50803162113378,21.928680577507794,65.30638172674449,47.52932405039018,71.05482893114905,57.05624582559384,0.6509151386774343,0.6544648176342093,362.3980549746193,115.15206901822239,477.5501239928417,USEFUL_CORRECTION,
p000891,a005386,24,a005386,-0.0737489494770649,-34.458271210511256,-38.74999963735037,51.85499364207223,23547,38.28484578435148,16.36555327576879,39.5535100030447,21.794887912211752,69.84249151711973,46.19026110736598,74.13133243392889,61.20509149262356,25.63713770942602,17.161167495744227,30.828413308390072,22.531735217534898,64.13018526047023,49.58658134847342,71.01231739223768,60.32868421497408,0.6539808719413738,0.6521343104376268,349.81447499012575,112.52495099324733,462.3394259833731,USEFUL_CORRECTION,
p000893,a001415,14,a001415,4.760430333727972,10.81229507190476,-80.95372540146735,81.81120386634335,18585,73.94882650372433,8.129768250201337,76.57872357558178,13.948043046004715,109.96171379055927,39.655386190746505,120.85895095020445,45.604499772228635,58.98832422283385,9.818161523702166,56.07970655373451,14.093033749133333,98.23333439074943,34.4819434486055,112.83106937734735,43.66034011111069,0.6562761117816359,0.8338130164330145,346.84669598937035,106.57865699613467,453.425352985505,USEFUL_CORRECTION,
p000893,a001415,27,a001415,4.917356799289726,10.434560534093418,-81.35246393410519,82.16619645317085,18733,74.35428858713755,8.104897759855067,76.1481907232542,13.542235863668484,107.91344760538962,38.09855743448402,119.98269317732833,43.352542139793975,56.95008067785234,9.695961319253732,55.46887252399101,13.554370070266572,95.30590889156859,32.65065750993782,111.93664450184225,42.49415438179663,0.6535272356167878,0.8298136357837851,347.4925779737532,104.74170802626759,452.2342860000208,USEFUL_CORRECTION,
p000893,a001415,40,a001415,4.774050762022752,10.63383424301012,-77.76489434909091,78.63363647009756,18699,71.30648886317084,7.800654160412105,73.53224260067113,13.444722594129194,105.32081878494755,38.779444190815326,117.38937001448832,44.57240362763316,55.18943256927283,9.879776829104784,53.03102548875629,13.517534056112531,92.32307276574053,32.006249006536095,110.47821828240265,43.17302110192744,0.6626601076666048,0.8342653610543902,341.341833001934,105.85800599073991,447.1998389926739,USEFUL_CORRECTION,
p000893,a001444,10,a001444,16.58424254265478,-87.81950998638344,-26.161052228447446,93.12198499098726,12071,87.47173452685826,36.84445923795113,86.79264655181584,48.014575679755175,139.2773751120711,109.83402764991516,146.56142071153448,122.10811826484868,64.43872537539883,29.061351305304775,70.0689102549324,39.073477744006425,129.61376241443125,90.71631184653704,142.9541462586908,107.39766066539698,0.6143728154319203,0.7083519487004284,351.70507902512327,103.39441802352667,455.09949704864994,USEFUL_CORRECTION,
p000893,a001444,21,a001444,16.772097989714794,-88.66654977255807,-27.09876693098945,94.21997393719762,12012,88.16814537857756,36.62512998160733,87.22867782735294,47.768295147677186,140.15084034302262,110.26543057516365,147.17301803364091,120.83824114956407,64.7500629577776,28.796763646984523,70.17555513267784,38.83575516380671,130.2021995719139,90.79654346014689,144.04684055966237,106.24943716446204,0.6147297226169799,0.7100768461497974,344.0357350045815,145.47662297263741,489.5123579772189,USEFUL_CORRECTION,
p000893,a001444,32,a001444,17.048741149627066,-88.77090019751567,-27.40859058305567,94.4572026603257,12021,88.38861951638845,37.007918673424385,87.76217586548329,48.26815068190139,141.3830504514711,111.08529131519994,148.7942173464352,122.96365062491338,66.0231095996522,29.566092291433996,71.44345063586941,39.18775656449351,131.49493999562483,90.75256673646497,145.1630914906415,107.70524376806878,0.6121570736955352,0.7095999685117884,351.33856104221195,137.97690096544102,489.31546200765297,USEFUL_CORRECTION,
p000893,a001135,19,a001135,11.054281074758473,9.665721073572108,-133.04152304083001,133.84943088028265,14058,111.40774004659517,13.406755421168567,105.55894299679993,21.846659947323438,187.00495254425743,61.82698066446013,198.10622461661868,71.25715014370145,69.06159353850859,13.596780184045606,77.71053508957878,18.480874282413982,156.50965017217624,42.517624718293845,181.097888010889,60.99017805434699,0.5562992847973592,0.7750435540069687,352.0018139970489,94.97392096091062,446.9757349579595,LARGE_CORRECTION,
p000893,a001135,38,a001135,11.01253094574605,4.331595076902062,-143.31281680251345,143.80056332856293,14249,117.9584764103607,18.351366745552788,118.74335496022964,26.54481532589395,208.97946715438633,70.73202358412037,224.5481678018178,85.42755710767833,72.55137862779412,15.365011624517745,85.72003375706706,21.150228684960442,173.4984358844657,48.498596560537834,203.09310763674515,67.25835180669944,0.5375264809507087,0.7641354465226405,343.9196299877949,94.91259098285809,438.832220970653,LARGE_CORRECTION,
p000893,a001135,56,a001135,8.361089141916242,-3.1467390117571603,-137.0475687003357,137.33843549684266,14188,118.69333454835012,23.082526113781626,119.82326383325844,29.670773789634428,207.99948379015098,76.0983778423322,221.188761573728,86.68018998265666,70.62528298222902,18.99369388294379,85.6013599252129,22.76884427887964,169.92193176135711,47.747432917238115,202.40978449545835,71.74711312245985,0.5399387571573303,0.7622115723929104,399.5392079814337,119.07382000936195,518.6130279907957,LARGE_CORRECTION,
p000893,a000084,21,a000084,14.358140391728448,-13.799249682854509,-190.46924683469152,191.50746585209933,13247,158.6763939478824,158.6763939478824,155.04517192657627,155.04517192657627,245.13110790167806,245.13110790167806,268.09949916694774,268.09949916694774,105.18967973791453,105.18967973791453,121.07073268558287,121.07073268558287,230.34134638482846,230.34134638482846,241.74282573102073,241.74282573102073,0.4679373017089884,0.4679373017089884,364.61727804271504,107.8567510121502,472.47402905486524,FALLBACK,CORRECTION_OUT_OF_RANGE
p000893,a000084,42,a000084,11.374120640912373,-21.831354471061992,-168.67631825220323,170.46313090376387,9821,147.62102341237804,10.426972650080042,137.81289878961354,19.34340588099563,203.05863132079548,47.134548049643904,230.77607999411785,66.77969603319154,74.16297183425678,14.44240042110894,88.68857740228937,17.31517263759029,184.44888297550628,32.792387459661235,195.49152119607515,42.505378630464165,0.5578430433771527,0.7705839705620836,350.34840198932216,82.24212098866701,432.59052297798917,LARGE_CORRECTION,
p000893,a000084,63,a000084,13.174363974930436,-9.318432815945465,-136.57882547103557,137.528806521895,12071,116.6999492648539,14.935144789996944,115.51936950671599,23.0876933630377,191.10462062804953,59.85914531577898,215.03634524709827,82.41784925106958,63.581138253983,13.830456930494218,79.20610226075861,19.165929832993847,169.9481377129944,45.62241968684258,185.5424430285325,55.873942112657566,0.5665884677120632,0.7665020372885541,351.444341999013,86.02366596460342,437.4680079636164,LARGE_CORRECTION,
p000931,a000219,24,a000219,10.5666608405877,-13.843439797708967,-32.135885441979426,36.551474387400944,18623,30.61367695794081,19.84878922972959,151.66922427713448,142.73473892910624,64.91688463373104,48.41249259059077,2038.174931804437,2051.0372015972193,24.818453570980413,18.6904463719354,32.57510932643332,29.212664187093207,52.28846214403809,47.54811938142115,73.66976629957237,76.08856844077464,0.6456555231046965,0.6788971748849255,351.8775230040774,174.1261060233228,526.0036290274002,USEFUL_CORRECTION,
p000931,a000219,48,a000219,4.189423558272148,33.61776485553669,23.970224887788326,41.50032608069375,19860,38.45737407865468,22.719949187666188,156.09339925212305,146.50701402983634,77.45989527866836,71.36832493512158,2028.2151622332126,2031.4447131760521,37.039853753267124,24.774064694748592,47.2904633750621,37.4135239650275,79.45996899946468,69.71543576593126,111.68999168172492,118.04088304696658,0.6230398715547231,0.6366693426099367,349.2168229422532,159.05107103753835,508.26789397979155,USEFUL_CORRECTION,
p000931,a000219,72,a000219,17.175851968228457,-0.32667962223253966,-25.97536769588238,31.14219544840038,19193,31.20751185607631,20.220781652583106,166.4808000046995,158.80929241178148,121.33233196468139,104.5366678899946,2029.9340791231627,2048.7053870880472,27.39610971655422,20.25505945800977,41.651731366382606,36.76147585052,98.68814239400199,87.7568042326979,134.6236097234994,120.19606150377004,0.6347230461219042,0.6728273765386327,356.9829780026339,121.08462699688971,478.0676049995236,USEFUL_CORRECTION,
p000931,a000681,50,a000681,11.815580829165016,-27.573958641664788,-177.74391280914594,180.257675803856,12070,160.07082784057894,160.07082784057894,150.27862941341394,150.27862941341394,214.65132895747888,214.65132895747888,224.85242457301092,224.85242457301092,89.8733717119338,89.8733717119338,98.8501645312026,98.8501645312026,198.4246174072391,198.4246174072391,212.67599367391026,212.67599367391026,0.53011999623752,0.53011999623752,382.9093739623204,102.10082901176065,485.01020297408104,FALLBACK,CORRECTION_OUT_OF_RANGE
p000931,a000681,99,a000681,10.485052712946072,-11.09060302736986,-170.14658128654494,170.8297308122998,11389,146.88223842905768,9.568035874968363,136.43314523480652,14.274256385423266,192.96188554361441,32.702967912848,196.45148370316056,41.01016878714677,82.29689482955182,11.81383017642536,89.61966643871025,16.6907248170501,177.9724006744143,37.01170202339075,190.10381083595178,48.1108097940166,0.5516391524046869,0.769389637748007,354.91064097732306,97.79630997218192,452.70695094950497,LARGE_CORRECTION,
p000931,a000681,148,a000681,1.3120030606263329,-50.56782499842721,-249.24590499791495,254.3272447759624,11555,226.04031017123563,226.04031017123563,198.9923228755127,198.9923228755127,275.77294771880116,275.77294771880116,280.8706470626145,280.8706470626145,140.18564123554705,140.18564123554705,145.45354311087698,145.45354311087698,267.23949260174675,267.23949260174675,274.1894875221202,274.1894875221202,0.4817272414583811,0.4817272414583811,354.2629390140064,103.59812795650214,457.86106697050855,FALLBACK,CORRECTION_OUT_OF_RANGE
p000931,a000017,8,a000017,11.103251827843552,-29.135260210299663,-73.52980172092671,79.86724816715034,22009,71.52356559483601,26.61958093117996,80.93753957268898,37.31834596639968,169.51483073695252,102.1359594124306,187.14018787893812,112.24371524605066,54.63913692530461,24.074352401396954,62.91769382896635,31.223456967383466,138.6558580016007,73.6462564095917,162.94263513819632,95.44987955005239,0.5657861937957177,0.6491116478566946,354.36003596987575,127.14849103940651,481.50852700928226,USEFUL_CORRECTION,
p000931,a000017,16,a000017,11.646705813868063,-30.166288435950538,-73.97913968122793,80.7376233381339,21989,71.08781844178726,25.07346546512868,81.35089041160376,36.92649345308434,172.1459507396429,101.87351453019389,192.33657214992814,115.42213235904264,57.19398252663282,24.491294945662673,63.99312891323001,31.792164224663864,138.50242079981507,73.94538581181055,165.23371608812096,95.15951583444098,0.5639710060088498,0.6451679550971918,352.33542195055634,129.6059720334597,481.94139398401603,USEFUL_CORRECTION,
p000931,a000017,25,a000017,11.21616220934983,-30.917309759019847,-75.77839428186716,82.60779247371127,21955,73.56257253081523,25.566001759277974,83.03848976467398,37.21767852635704,173.03112407158486,101.34894653740237,193.59916537306285,114.59415467554402,57.035204199166046,23.81974676896573,64.89872481076674,31.29338310363524,140.30441726981493,72.19146005468437,167.44888367096675,96.759459647944,0.5640859825655087,0.6502409960595635,352.73615503683686,128.99095995817333,481.7271149950102,USEFUL_CORRECTION,
p000912,p000912_a001444,12,,15.299526603480551,-58.906738392990654,-27.696597821623925,66.86688921494428,17692,61.49372340444107,28.957007752985618,66.18316096334141,37.83534722909996,116.84565415517926,86.32971339086419,122.28862923073206,93.95280960557443,38.01800335866294,20.497314853546754,45.46243651684801,27.884588157429047,99.67209979077862,63.63300152789794,111.95448439652316,76.70941188043736,0.6358178745480271,0.6995362364408112,350.4326539696194,124.72784402780235,475.16049799742177,USEFUL_CORRECTION,
p000912,p000912_a001444,24,,15.242879498082951,-55.77086111339824,-27.84561235463201,64.17252100492445,17672,58.91372282319509,28.541032150725524,63.34493099663033,36.790257069162244,111.62688556373162,82.27476881617825,117.05158701422441,89.0668449476393,36.3156583026354,19.96374440905084,43.345534354854934,26.974918551835803,95.49530398133757,61.08906853655549,107.57675280504259,73.06107420665639,0.6418674787274667,0.7019005747745454,358.16263797460124,118.067767994944,476.23040596954525,USEFUL_CORRECTION,
p000912,p000912_a001444,36,,16.262195372807724,-63.993889377362194,-27.282237934074693,71.44226608021965,17680,66.00485383729286,30.990055494473324,69.58695735753594,39.623930003711415,121.57611179058998,90.59864777998965,127.37694239947962,100.0082935884669,40.37509298670212,22.01409123637996,47.8451742117542,29.463884126472568,102.33648222684906,67.42667752434635,114.82945256961338,81.42313698246028,0.6262937117766975,0.6895973812137368,347.5049830158241,158.33281999221072,505.8378030080348,USEFUL_CORRECTION,
p000843,p000843_a000141,19,,19.77889863309268,-181.29811023463384,-243.11809428804315,303.91876772591297,14811,308.00298108324733,308.00298108324733,302.89856051959435,302.89856051959435,410.39582356066376,410.39582356066376,446.0027124221749,446.0027124221749,257.80656087105297,257.80656087105297,246.22992353817648,246.22992353817648,376.9399165479793,376.9399165479793,420.40578927052843,420.40578927052843,0.3004919533216383,0.3004919533216383,364.6711999899708,124.03815699508414,488.7093569850549,FALLBACK,CORRECTION_OUT_OF_RANGE
p000843,p000843_a000141,38,,18.547120363427933,1.0623292409301932,-185.48703865512542,186.41503621285386,8950,153.43200966352677,153.43200966352677,142.62774491225147,142.62774491225147,192.2666038067331,192.2666038067331,195.18406812790693,195.18406812790693,100.6688600365808,100.6688600365808,103.82817364616554,103.82817364616554,190.55126053145474,190.55126053145474,197.20992219160155,197.20992219160155,0.55422030114473,0.55422030114473,345.32223601127043,88.50082504795864,433.8230610592291,FALLBACK,CORRECTION_OUT_OF_RANGE
p000843,p000843_a000141,57,,-3.399171451168862,-55.50825926027025,-211.64232860388321,218.8268641404293,9925,202.2852122719883,202.2852122719883,195.71361895908564,195.71361895908564,286.41207314026735,286.41207314026735,313.73358240691493,313.73358240691493,139.0705759224874,139.0705759224874,139.2463246456037,139.2463246456037,231.25936122468624,231.25936122468624,242.84436513258433,242.84436513258433,0.3954207605762867,0.3954207605762867,350.5603719968349,99.84519798308611,450.405569979921,FALLBACK,CORRECTION_OUT_OF_RANGE
p000844,p000844_a005793,8,,34.30843129938799,-51.84225153175959,-134.69171486863368,148.34603316691812,14747,124.29804053334831,24.710829464039097,116.95702847021971,30.195645972706238,165.89294381236957,65.48251312117154,171.23592936161685,80.05358723154386,55.590233520618106,30.613817668594987,67.90914666522328,33.61230137915686,144.55453019691876,65.76737036012676,160.93281777231795,75.55631627841242,0.562653687225898,0.7235531219104114,358.99660701397806,109.8767039948143,468.87331100879237,LARGE_CORRECTION,
p000844,p000844_a005793,15,,34.644470950044486,-59.67789372943,-138.9936580763091,155.18030594383922,14583,131.66068969107027,24.550258024493978,123.3842098077558,32.171887935791396,173.6980993546994,75.48682218588517,181.08341472401034,90.82298458058649,55.03279373620782,32.83527481183506,70.36161860111434,36.53168483907319,152.53337376899935,70.60087601672745,165.47053350292273,82.89201680391689,0.5548485076687502,0.7156663403368727,357.6503859949298,156.26938903005794,513.9197750249878,LARGE_CORRECTION,
p000844,p000844_a005793,22,,34.4711801121792,-59.92415103028037,-145.24901216131917,160.86156056953195,14615,133.37555789051822,23.94122311691123,125.89493454986582,31.00157892283512,176.00815283013839,73.33406854912933,187.95458316222255,87.64660732814212,60.28546521714492,32.55490085958068,74.28748675537459,36.039283850991424,156.76318091788374,71.08114067527772,169.76607766942016,81.64705943181761,0.5423799424329647,0.7188809776296521,349.68270699027926,108.42964000767097,458.1123469979502,LARGE_CORRECTION,
