image_id,reference_id,axis,reference_x,reference_y,reference_uncertainty_px,predicted_scan_coordinate,absolute_scan_gap_px,gap_exceeding_reference_band_px,scope
S01,B1,vertical,1000,685,12,707,22,10,"assistant draft 2D silhouette check, not landmark/acupoint error"
S01,B2,vertical,1100,697,12,739,42,30,"assistant draft 2D silhouette check, not landmark/acupoint error"
S01,B3,vertical,1200,716,12,753,37,25,"assistant draft 2D silhouette check, not landmark/acupoint error"
S03,B1,horizontal,326,900,15,327,1,0,"assistant draft 2D silhouette check, not landmark/acupoint error"
S03,B2,horizontal,300,980,15,308,8,0,"assistant draft 2D silhouette check, not landmark/acupoint error"
S03,B3,horizontal,280,1040,15,308,28,13,"assistant draft 2D silhouette check, not landmark/acupoint error"
S05,B1,vertical,1200,507,12,594,87,75,"assistant draft 2D silhouette check, not landmark/acupoint error"
S05,B2,vertical,1350,516,12,584,68,56,"assistant draft 2D silhouette check, not landmark/acupoint error"
S05,B3,vertical,1500,530,12,525,5,0,"assistant draft 2D silhouette check, not landmark/acupoint error"
