subject,split,method,posterior_median_delta_mm,posterior_p95_delta_mm,ray_hit_delta
S103,test,Official,0.0,0.0,0.0
S103,test,Official+Txyz,-57.252703346105825,-60.058856867000785,0.029594807886126895
S103,test,Official+Txyz+Pose,-56.14812040513362,-59.84540433054613,0.030008764319448322
S103,test,Official+Rigid,-54.06350227057328,-56.69956179042987,0.026329428906886165
S103,test,Official+Rigid+D,-61.73430133163437,-67.96653157392355,0.02744634437263538
S104,dev,Official,0.0,0.0,0.0
S104,dev,Official+Txyz,0.0,0.0,0.0
S104,dev,Official+Txyz+Pose,-110.73379885469956,-62.581040861752115,-0.0653678216103083
S104,dev,Official+Rigid,-334.7532122562112,-351.9121765132587,0.0352398876251262
S104,dev,Official+Rigid+D,-342.2230897205765,-363.8620062728564,0.037306003327605475
S107,dev,Official,0.0,0.0,0.0
S107,dev,Official+Txyz,-60.89448953336392,-69.22499358799558,0.00897959183673458
S107,dev,Official+Txyz+Pose,-64.80388870053685,-69.35018839431359,0.009251700680272035
S107,dev,Official+Rigid,-63.16851239738655,-66.00295218439811,0.0027210884353741083
S107,dev,Official+Rigid+D,-70.77892837796178,-76.5404861383701,0.00026581730958263883
S114,test,Official,0.0,0.0,0.0
S114,test,Official+Txyz,-91.26969711950201,-92.81847252691163,0.0006179461655388963
S114,test,Official+Txyz+Pose,-87.74051327478628,-90.12719409586475,-0.008182952420667688
S114,test,Official+Rigid,-88.84895668398647,-94.2800918758295,-0.01498820717703142
S114,test,Official+Rigid+D,-94.79636746196392,-102.01411167991972,-0.0182589780151291
S118,test,Official,0.0,0.0,0.0
S118,test,Official+Txyz,-153.27143492099944,-154.4528071780691,0.01336143104327614
S118,test,Official+Txyz+Pose,-162.28859695058492,-163.26558675356645,0.012291340085544666
S118,test,Official+Rigid,-165.08123387260457,-170.09807923739427,0.012291340085544666
S118,test,Official+Rigid+D,-169.38464565754344,-176.65588238227048,0.011221249127813304
S121,test,Official,0.0,0.0,0.0
S121,test,Official+Txyz,-62.961127843352955,-80.73715390163794,0.021758558371724468
S121,test,Official+Txyz+Pose,-64.8161581919971,-83.63566923299507,0.03100039831260304
S121,test,Official+Rigid,-65.01827718383744,-85.67393812897242,0.038340128924901684
S121,test,Official+Rigid+D,-68.68459665144886,-90.21371516601373,0.023926549592387936
S130,test,Official,0.0,0.0,0.0
S130,test,Official+Txyz,-154.24471006698707,-155.65173002643678,0.005270530759214798
S130,test,Official+Txyz+Pose,-174.91996091461263,-185.6825867387242,0.005270530759214798
S130,test,Official+Rigid,-181.28985717478525,-186.47562965162686,0.005270530759214798
S130,test,Official+Rigid+D,-182.4723329657793,-191.5848718980008,0.005270530759214798
S134,test,Official,0.0,0.0,0.0
S134,test,Official+Txyz,0.0,0.0,0.0
S134,test,Official+Txyz+Pose,-84.19280714964457,-76.91655035029021,-0.037199362404513936
S134,test,Official+Rigid,-190.37489981366548,-204.62636682506573,0.014739816287301699
S134,test,Official+Rigid+D,-196.82362464690578,-215.50935540267375,0.013601948525260088
S140,test,Official,0.0,0.0,0.0
S140,test,Official+Txyz,0.0,0.0,0.0
S140,test,Official+Txyz+Pose,-85.3000955492869,-66.52046067084163,0.0011819948909617128
S140,test,Official+Rigid,-193.0529502242,-190.20643528581897,0.023801162566099543
S140,test,Official+Rigid+D,-197.7396694411347,-200.10806779452082,0.023801162566099543
S141,test,Official,0.0,0.0,0.0
S141,test,Official+Txyz,0.0,0.0,0.0
S141,test,Official+Txyz+Pose,-92.60405708566813,-94.38401536258552,-0.14357059924357007
S141,test,Official+Rigid,-164.21036041007446,-166.21773249697824,-0.026339467081385348
S141,test,Official+Rigid+D,-166.6187867310762,-173.22021909486625,-0.027578075237229882
S145,test,Official,0.0,0.0,0.0
S145,test,Official+Txyz,-142.05428207089247,-148.27240600426725,0.0006207324643079382
S145,test,Official+Txyz+Pose,-141.43170686681333,-144.98638960063806,0.0007069337110325868
S145,test,Official+Rigid,-142.2134458849748,-149.70401943172476,0.0
S145,test,Official+Rigid+D,-146.46140300227748,-155.8101418315026,-0.0015518311607696234
S151,test,Official,0.0,0.0,0.0
S151,test,Official+Txyz,-160.40155538953067,-167.0794332246168,0.021811397923103493
S151,test,Official+Txyz+Pose,-166.2698449903312,-175.56770834980225,0.027229304425015255
S151,test,Official+Rigid,-166.5892604006177,-176.03932542658436,0.023351756012174096
S151,test,Official+Rigid+D,-170.62782448528802,-183.57442574778702,0.018918045525730176
S163,test,Official,0.0,0.0,0.0
S163,test,Official+Txyz,-122.14511644240125,-129.24670317730806,0.026864622734829258
S163,test,Official+Txyz+Pose,-146.1152664045566,-165.49340017547829,0.02533728418684178
S163,test,Official+Rigid,-147.4977934098662,-165.4216941187446,0.025547671565370744
S163,test,Official+Rigid+D,-151.4684528233434,-171.46222764632503,0.025547671565370744
S165,dev,Official,0.0,0.0,0.0
S165,dev,Official+Txyz,-35.350342599771515,-42.799558550727916,0.00923418198873105
S165,dev,Official+Txyz+Pose,-55.41141818698012,-59.42277126636574,0.021172299618461232
S165,dev,Official+Rigid,-59.01405317585648,-63.16414430797829,0.02289653470150199
S165,dev,Official+Rigid+D,-67.3770081335083,-81.44548179054556,0.006976456648292273
S170,test,Official,0.0,0.0,0.0
S170,test,Official+Txyz,-65.47241511002022,-71.69126456992062,0.03773996048850903
S170,test,Official+Txyz+Pose,-67.74975674458223,-74.73788002956029,0.022053781287003416
S170,test,Official+Rigid,-69.87457932532843,-82.82329753181669,0.015390069926511485
S170,test,Official+Rigid+D,-77.0198175488796,-91.11953171231912,0.014545475331916968
S179,test,Official,0.0,0.0,0.0
S179,test,Official+Txyz,-135.3041004373637,-140.8781054380608,0.01984116933461577
S179,test,Official+Txyz+Pose,-158.07010414963372,-167.3812642572268,0.024836500800535566
S179,test,Official+Rigid,-157.35816777221316,-157.33999910479272,0.015099301292099243
S179,test,Official+Rigid+D,-161.6059291486222,-167.61256006179812,0.009006193076441127
S184,test,Official,0.0,0.0,0.0
S184,test,Official+Txyz,-35.99047517447716,-34.50956406349255,0.008355037465968662
S184,test,Official+Txyz+Pose,-39.91835321861711,-34.14618557946544,0.0021467072934313602
S184,test,Official+Rigid,-39.12898668914625,-30.009141728031615,0.01623911632572206
S184,test,Official+Rigid+D,-46.86533221359363,-40.764669125821214,0.005748961151709864
S187,dev,Official,0.0,0.0,0.0
S187,dev,Official+Txyz,0.0,0.0,0.0
S187,dev,Official+Txyz+Pose,-125.77826733105964,-56.80261699833093,-0.07741142262403422
S187,dev,Official+Rigid,-213.20612033437425,-219.40029002284396,0.024457689657620962
S187,dev,Official+Rigid+D,-220.573441425886,-229.0541235104637,0.02149478414662198
S188,test,Official,0.0,0.0,0.0
S188,test,Official+Txyz,-41.86932176569301,-37.29527523663486,-0.016046308760990002
S188,test,Official+Txyz+Pose,-40.294234921371824,-38.13341146674567,-0.06811476760681323
S188,test,Official+Rigid,-44.92518267441011,-45.07593957541165,-0.041221364779535974
S188,test,Official+Rigid+D,-52.1528438714186,-51.85748024564727,-0.061842911939595346
S196,test,Official,0.0,0.0,0.0
S196,test,Official+Txyz,-122.74106909580482,-121.5363220474231,0.0008163265306122547
S196,test,Official+Txyz+Pose,-127.02648133977625,-120.57098961774427,-0.004353741496598729
S196,test,Official+Rigid,-128.3202574797289,-126.73928466165272,-0.00108843537414971
S196,test,Official+Rigid+D,-131.40880383703046,-127.9735976143649,-0.00952380952380949
