subject,sequence,frame,camera,outcome,official_median_mm,official_p90_mm,official_p95_mm,official_coverage_50mm,txyz_median_mm,txyz_p90_mm,txyz_p95_mm,txyz_coverage_50mm,delta_median_mm
Sub03,Date03_Sub03_backpack_back,t0014.000,K1,ALL_3_IMPROVED,37.9521170045703,228.77717666344103,235.15522713747671,0.5222,34.99033053579522,225.56342313859344,235.23482857144472,0.526,-2.961786468775074
Sub03,Date03_Sub03_backpack_back,t0014.000,K2,ALL_3_IMPROVED,31.088059276321218,99.42505863013598,116.59425427086987,0.6476,22.33414084042593,86.22604679818923,101.37080814401698,0.7246,-8.753918435895287
Sub03,Date03_Sub03_backpack_back,t0014.000,K3,ALL_3_IMPROVED,34.69241825350123,89.38791539046896,102.92747237817368,0.6464,23.8609743500994,76.15372979880823,89.72850105429052,0.7016,-10.83144390340183
Sub03,Date03_Sub03_backpack_back,t0026.000,K1,2_IMPROVED_0_UNCHANGED_1_DEGRADED,22.924788129159694,168.40915570110116,215.67718400057444,0.7334,21.67837634163648,164.65995753480388,211.67239457592473,0.7398,-1.2464117875232148
Sub03,Date03_Sub03_backpack_back,t0026.000,K2,2_IMPROVED_0_UNCHANGED_1_DEGRADED,21.48869938177446,55.06251879926539,76.18077926421027,0.8752,22.400768226801723,58.80385752758831,81.83759733901135,0.8476,0.9120688450272638
Sub03,Date03_Sub03_backpack_back,t0026.000,K3,2_IMPROVED_0_UNCHANGED_1_DEGRADED,19.13068632371793,47.0469007784538,55.62532314992097,0.919,18.1052545427777,47.65754821553331,56.633665470618766,0.915,-1.025431780940231
Sub03,Date03_Sub03_backpack_back,t0036.000,K1,ALL_3_IMPROVED,14.197823038664815,40.053515413772004,50.76662550950614,0.9478,13.804385838442348,41.30698117664015,51.81361061380696,0.944,-0.39343720022246664
Sub03,Date03_Sub03_backpack_back,t0036.000,K2,ALL_3_IMPROVED,25.610908289024234,56.748351077134515,71.3849492589715,0.8438,25.183681947551197,57.515931539243276,71.16278787921765,0.8432,-0.4272263414730375
Sub03,Date03_Sub03_backpack_back,t0036.000,K3,ALL_3_IMPROVED,19.670018332372784,52.61813331993421,63.756893500029065,0.8792,19.132239206260003,52.40238913287954,63.600071690589964,0.878,-0.5377791261127811
Sub03,Date03_Sub03_stool_sit,t0015.000,K1,ALL_3_IMPROVED,47.582728915302674,158.5159528116239,278.7811222094168,0.5178,31.494724173887736,130.6924384287199,283.04116661581776,0.6914,-16.088004741414938
Sub03,Date03_Sub03_stool_sit,t0015.000,K2,ALL_3_IMPROVED,88.5773557823382,128.6517517511897,136.6424543155581,0.157,59.1135481175644,101.87079860786328,111.99475349150774,0.379,-29.463807664773803
Sub03,Date03_Sub03_stool_sit,t0015.000,K3,ALL_3_IMPROVED,69.78254488771134,128.89483870305213,139.8391842905478,0.3236,52.25271966728964,99.3151044191664,112.6049366109289,0.4708,-17.5298252204217
Sub03,Date03_Sub03_stool_sit,t0027.000,K1,2_IMPROVED_0_UNCHANGED_1_DEGRADED,12.722459658844118,28.962207884999312,35.76811034542585,0.9896,11.002527879742797,25.676463102548283,32.003741608141894,0.992,-1.7199317791013211
Sub03,Date03_Sub03_stool_sit,t0027.000,K2,2_IMPROVED_0_UNCHANGED_1_DEGRADED,14.223650581575843,38.54087577665893,43.62848022447566,0.9886,12.695972946513109,33.69952003983262,38.46476206725195,0.9914,-1.5276776350627337
Sub03,Date03_Sub03_stool_sit,t0027.000,K3,2_IMPROVED_0_UNCHANGED_1_DEGRADED,19.09271108269352,189.10803313531315,239.08041858518527,0.7906,19.576530658846693,192.5668106868892,241.46473706538592,0.7928,0.4838195761531736
Sub03,Date03_Sub03_stool_sit,t0038.000,K1,1_IMPROVED_0_UNCHANGED_2_DEGRADED,14.168122610771707,38.7481445791796,52.08731587375653,0.9472,10.751860230966312,30.887011586147064,48.01876246576658,0.951,-3.4162623798053957
Sub03,Date03_Sub03_stool_sit,t0038.000,K2,1_IMPROVED_0_UNCHANGED_2_DEGRADED,12.838634396233353,31.009783208141634,39.456590477702534,0.9748,14.458066266611938,43.63567069861368,49.02908051200607,0.953,1.6194318703785857
Sub03,Date03_Sub03_stool_sit,t0038.000,K3,1_IMPROVED_0_UNCHANGED_2_DEGRADED,13.147651495582654,31.668554681119204,61.63424460079865,0.9416,13.45568051807846,40.07868657074919,62.905482428557406,0.9394,0.30802902249580555
Sub03,Date03_Sub03_yogaball_play,t0014.000,K1,ALL_3_IMPROVED,24.944792067640822,74.19845332674115,124.48314356659284,0.8092,16.75310011026852,60.75579369295058,105.62931956265798,0.8728,-8.191691957372303
Sub03,Date03_Sub03_yogaball_play,t0014.000,K2,ALL_3_IMPROVED,43.88863744022407,191.6709194692051,207.64939479387616,0.574,28.03847142356191,172.1034189290526,186.33141349301093,0.6888,-15.850166016662165
Sub03,Date03_Sub03_yogaball_play,t0014.000,K3,ALL_3_IMPROVED,31.670193530825337,134.05152941108156,186.35205274611846,0.6908,21.13436631705283,112.31758765317213,165.64532685540024,0.794,-10.535827213772507
Sub03,Date03_Sub03_yogaball_play,t0025.000,K1,ALL_3_IMPROVED,18.166530490872088,54.21819357042802,67.16086622229133,0.8716,16.778623886264022,48.23374515962344,60.959710040501186,0.9076,-1.387906604608066
Sub03,Date03_Sub03_yogaball_play,t0025.000,K2,ALL_3_IMPROVED,23.750931873198994,65.82298037288717,77.45148817105722,0.767,18.789174608096346,59.19891848030127,70.58585834220011,0.8214,-4.961757265102648
Sub03,Date03_Sub03_yogaball_play,t0025.000,K3,ALL_3_IMPROVED,15.819725498400212,51.30074957661253,69.02904152427212,0.8946,14.377730254843797,47.589709532909055,63.71381957226669,0.909,-1.4419952435564145
Sub03,Date03_Sub03_yogaball_play,t0036.000,K1,ALL_3_IMPROVED,37.691552121722665,84.2387320024232,105.13558472794978,0.6404,17.299653447616883,61.94410692822731,90.78065467984807,0.8774,-20.391898674105782
Sub03,Date03_Sub03_yogaball_play,t0036.000,K2,ALL_3_IMPROVED,26.30244268837919,70.22399604039127,90.46184551300388,0.7934,20.683067135770983,61.60586840490426,98.26137325794618,0.8614,-5.619375552608208
Sub03,Date03_Sub03_yogaball_play,t0036.000,K3,ALL_3_IMPROVED,31.95695775850892,72.22301622799452,83.66709636441139,0.7058,14.3817994973591,40.487723296293304,55.281606291133556,0.938,-17.57515826114982
Sub04,Date03_Sub04_backpack_back,t0015.000,K1,ALL_3_IMPROVED,14.753351067934469,37.508291707275234,46.41106228245565,0.963,8.33104457988685,24.28816380246419,29.768975231567183,0.9878,-6.422306488047619
Sub04,Date03_Sub04_backpack_back,t0015.000,K2,ALL_3_IMPROVED,22.146387324420687,125.54549890199289,165.92031942674424,0.808,12.701221180099804,140.240959860534,181.26762534569025,0.809,-9.445166144320883
Sub04,Date03_Sub04_backpack_back,t0015.000,K3,ALL_3_IMPROVED,14.415188371732421,36.12705238433247,49.564907163502895,0.9512,8.657542148522431,24.492195437375326,35.17287802029374,0.9712,-5.75764622320999
Sub04,Date03_Sub04_backpack_back,t0026.000,K1,ALL_3_IMPROVED,21.170652363588196,50.63159063420704,58.628791201474186,0.8938,8.111552206802358,30.79558667429163,46.78737006252022,0.955,-13.059100156785838
Sub04,Date03_Sub04_backpack_back,t0026.000,K2,ALL_3_IMPROVED,35.03215967388898,193.47329351267115,205.88494562556446,0.6178,21.980633061705888,231.17227352014103,243.2204131015487,0.6082,-13.051526612183089
Sub04,Date03_Sub04_backpack_back,t0026.000,K3,ALL_3_IMPROVED,16.60101830472936,38.482926185114344,43.86643779800444,0.9768,8.697279630925827,26.36426815980917,33.540043557505136,0.9862,-7.9037386738035345
Sub04,Date03_Sub04_backpack_back,t0037.000,K1,ALL_3_IMPROVED,29.724614481296406,65.66419504663686,83.75790875213133,0.7852,7.97730173789537,28.667632541039982,60.6595744381449,0.9398,-21.747312743401036
Sub04,Date03_Sub04_backpack_back,t0037.000,K2,ALL_3_IMPROVED,26.582582662138456,52.35225633402839,58.92872655740298,0.871,13.237430625629973,44.24373596716383,53.24550044039387,0.9328,-13.345152036508484
Sub04,Date03_Sub04_backpack_back,t0037.000,K3,ALL_3_IMPROVED,26.969840149540026,63.26630830398693,74.79909682383007,0.8048,11.484168891119399,35.011615233876995,50.9984644606812,0.9478,-15.485671258420627
Sub04,Date03_Sub04_stool_sit,t0015.000,K1,ALL_3_IMPROVED,14.241343972783664,48.50799111584394,59.30496904736775,0.9108,13.362094726565267,34.00928627685681,40.20967216555758,0.9782,-0.8792492462183965
Sub04,Date03_Sub04_stool_sit,t0015.000,K2,ALL_3_IMPROVED,18.57499742314033,42.2150394187428,52.448926708147404,0.9408,14.134688653477454,34.922201040671816,40.75633647192468,0.9718,-4.440308769662877
Sub04,Date03_Sub04_stool_sit,t0015.000,K3,ALL_3_IMPROVED,17.87900084292057,42.36570654306396,53.73943627445159,0.9402,9.283538543021336,30.014512493017808,41.03963395574477,0.972,-8.595462299899232
Sub04,Date03_Sub04_stool_sit,t0027.000,K1,ALL_3_IMPROVED,16.14925378363513,72.62790535106767,105.802919206744,0.8316,12.267372888433382,52.771053330835265,79.49306353606045,0.8914,-3.88188089520175
Sub04,Date03_Sub04_stool_sit,t0027.000,K2,ALL_3_IMPROVED,39.428204365567154,100.22553778947697,130.3332221934496,0.647,23.80124937890735,88.02861572025682,105.69169773036658,0.7818,-15.626954986659804
Sub04,Date03_Sub04_stool_sit,t0027.000,K3,ALL_3_IMPROVED,15.676444122118195,78.39885535323161,105.75834699589083,0.827,14.459855565814987,63.51071638567441,93.26333652344883,0.874,-1.2165885563032077
Sub04,Date03_Sub04_stool_sit,t0038.000,K1,ALL_3_IMPROVED,28.946024377511804,70.42671972774745,84.88762823670767,0.7268,11.818931257117116,33.35781755121356,49.45010389656337,0.9514,-17.12709312039469
Sub04,Date03_Sub04_stool_sit,t0038.000,K2,ALL_3_IMPROVED,33.182907184213164,74.93836314322706,81.00105762108981,0.6686,22.105784698174023,40.963710083010746,46.92671853419119,0.961,-11.07712248603914
Sub04,Date03_Sub04_stool_sit,t0038.000,K3,ALL_3_IMPROVED,35.175671527823056,68.72368511194793,73.48617167247036,0.6804,13.72705468572223,35.08964146400822,41.44783960685598,0.9784,-21.448616842100826
Sub04,Date03_Sub04_yogaball_play,t0010.000,K1,ALL_3_IMPROVED,42.89503780646346,83.43449305051152,92.88831132502767,0.5712,6.684850121767498,20.01293806524827,29.406753976549133,0.9944,-36.21018768469597
Sub04,Date03_Sub04_yogaball_play,t0010.000,K2,ALL_3_IMPROVED,43.246429447738805,89.39096739323381,100.31066907806733,0.5682,13.253357621161273,32.96721744399272,41.422503439236145,0.9634,-29.993071826577534
Sub04,Date03_Sub04_yogaball_play,t0010.000,K3,ALL_3_IMPROVED,60.834250924586655,106.4274659850669,128.41233239456398,0.3916,11.557387841321514,33.05138682024648,76.55935451573951,0.9258,-49.27686308326514
Sub04,Date03_Sub04_yogaball_play,t0022.000,K1,ALL_3_IMPROVED,46.513864133013485,98.1274342463448,109.26068179670148,0.5272,9.119058521092635,38.133905066247266,63.54902420837981,0.9218,-37.39480561192085
Sub04,Date03_Sub04_yogaball_play,t0022.000,K2,ALL_3_IMPROVED,31.375253657788136,86.44562191085654,101.15309701853054,0.7042,17.12787555843584,38.594503524132605,55.49753865879866,0.9376,-14.247378099352296
Sub04,Date03_Sub04_yogaball_play,t0022.000,K3,ALL_3_IMPROVED,32.389938286886036,90.15574704773668,107.34230631527637,0.6478,10.980636811026933,28.516205742485567,42.38337553501752,0.9562,-21.409301475859102
Sub04,Date03_Sub04_yogaball_play,t0034.000,K1,ALL_3_IMPROVED,31.251082592119097,61.67208287590672,68.7631491865324,0.7812,11.515304179108774,27.274966016829495,32.78422800492657,0.9818,-19.735778413010323
Sub04,Date03_Sub04_yogaball_play,t0034.000,K2,ALL_3_IMPROVED,33.74022713917167,76.6687752837332,84.36868504780566,0.6884,13.821329739837314,36.98176274345319,49.15448453974181,0.9524,-19.91889739933436
Sub04,Date03_Sub04_yogaball_play,t0034.000,K3,ALL_3_IMPROVED,68.04646078646894,403.541006730453,430.9916893972424,0.4242,33.39821639932316,404.3571794847629,431.92608125456803,0.527,-34.64824438714578
Sub05,Date03_Sub05_backpack,t0035.000,K1,ALL_3_IMPROVED,95.26665998459835,148.70913879113988,166.2021374664829,0.1626,17.108952721252006,48.1298460804225,71.63454118570331,0.9092,-78.15770726334634
Sub05,Date03_Sub05_backpack,t0035.000,K2,ALL_3_IMPROVED,51.13762870794855,115.52767908277399,126.08424489557535,0.4922,17.49472435440829,43.86850539128724,52.785544422283905,0.9388,-33.64290435354026
Sub05,Date03_Sub05_backpack,t0035.000,K3,ALL_3_IMPROVED,56.084359235596025,117.50816657113961,136.2164555356997,0.458,12.06348873499198,30.975586403560445,40.28471175502135,0.9538,-44.02087050060405
Sub05,Date03_Sub05_backpack,t0070.000,K1,ALL_3_IMPROVED,39.83314770865306,70.89847861542175,79.14856349148454,0.6386,12.866236134999639,34.227192487889994,43.29720748353887,0.9696,-26.96691157365342
Sub05,Date03_Sub05_backpack,t0070.000,K2,ALL_3_IMPROVED,39.791884800316566,83.09062978622187,91.5050769991279,0.6016,20.74442754466586,40.497719195879505,44.03877382915908,0.985,-19.047457255650706
Sub05,Date03_Sub05_backpack,t0070.000,K3,ALL_3_IMPROVED,33.93057734803483,75.29785717517042,88.24846392777557,0.6926,15.46745333353724,35.24774104731741,42.097494459639826,0.971,-18.46312401449759
Sub05,Date03_Sub05_backpack,t0101.000,K1,ALL_3_IMPROVED,39.6704642631484,83.25984588564424,101.57211264078468,0.63,10.605455715010743,26.75761848018235,40.01482358904235,0.955,-29.065008548137662
Sub05,Date03_Sub05_backpack,t0101.000,K2,ALL_3_IMPROVED,39.49536990158911,92.90664078569236,101.12587457525612,0.602,18.66868982899944,36.834104257452495,48.077034936182216,0.957,-20.826680072589667
Sub05,Date03_Sub05_backpack,t0101.000,K3,ALL_3_IMPROVED,38.74389675074178,81.32783033731101,96.55570792202786,0.629,19.31423364624539,41.46951694057159,53.30244611038037,0.9436,-19.42966310449639
Sub05,Date03_Sub05_stool,t0019.000,K1,ALL_3_IMPROVED,23.466656239690984,88.67457876286653,107.11453924521427,0.7736,15.608038939150472,54.74914795870818,72.94462576366895,0.8852,-7.858617300540512
Sub05,Date03_Sub05_stool,t0019.000,K2,ALL_3_IMPROVED,28.38782352334089,57.31649902261019,72.05813978347172,0.84,12.234910260201604,41.50854685007645,54.453266617078505,0.9382,-16.15291326313929
Sub05,Date03_Sub05_stool,t0019.000,K3,ALL_3_IMPROVED,17.806252828978458,45.79675115371283,90.28817824603716,0.9112,10.948875861957028,37.82245274523155,68.29892192440107,0.915,-6.85737696702143
Sub05,Date03_Sub05_stool,t0035.000,K1,ALL_3_IMPROVED,63.229689887808775,104.1245807298843,125.0468780988394,0.3558,16.534041199679066,46.269596396547165,60.60109137072777,0.9254,-46.69564868812971
Sub05,Date03_Sub05_stool,t0035.000,K2,ALL_3_IMPROVED,36.566112554910944,93.29281781409762,106.35892432669925,0.6052,23.142487351091397,48.31964622531408,53.69050111963457,0.9172,-13.423625203819547
Sub05,Date03_Sub05_stool,t0035.000,K3,ALL_3_IMPROVED,44.152042864662576,107.66299235922462,140.8349871006598,0.5602,13.701942919150046,34.58462812705711,54.324833115983715,0.943,-30.45009994551253
Sub05,Date03_Sub05_stool,t0050.000,K1,ALL_3_IMPROVED,86.02993997407413,142.75196413953333,156.02090834833098,0.2674,19.317697991247783,38.63651581562751,43.74651711233884,0.968,-66.71224198282634
Sub05,Date03_Sub05_stool,t0050.000,K2,ALL_3_IMPROVED,48.518555495663485,104.6464787540058,131.9913150536095,0.5198,15.892092957835334,40.71107255430233,46.30541690616535,0.9602,-32.62646253782815
Sub05,Date03_Sub05_stool,t0050.000,K3,ALL_3_IMPROVED,47.17743451008094,126.04448323954364,140.28084744732402,0.5166,20.52663155072851,46.76044484514528,55.35361204394484,0.9214,-26.650802959352433
Sub05,Date03_Sub05_yogaball,t0019.000,K1,ALL_3_IMPROVED,41.38426700640234,92.52220466527459,105.1870353948886,0.5866,11.31384020271304,41.90569649970268,50.42398594013995,0.9474,-30.0704268036893
Sub05,Date03_Sub05_yogaball,t0019.000,K2,ALL_3_IMPROVED,31.000053921917633,80.28373266505037,94.53587043763977,0.7004,11.367871763318938,48.12324208846493,55.760702297485004,0.913,-19.632182158598695
Sub05,Date03_Sub05_yogaball,t0019.000,K3,ALL_3_IMPROVED,29.279349594225913,71.36901727947351,85.03389311971719,0.7586,15.143542877492234,40.78595936393651,48.25175702414127,0.9568,-14.13580671673368
Sub05,Date03_Sub05_yogaball,t0035.000,K1,ALL_3_IMPROVED,35.81369566595609,80.55222585440922,92.3136496214277,0.6628,15.268209759264906,37.34572265474205,41.32590588461371,0.986,-20.545485906691184
Sub05,Date03_Sub05_yogaball,t0035.000,K2,ALL_3_IMPROVED,38.60916455614598,87.46173500461896,104.50937167680394,0.6156,19.440995351139975,42.29559523900216,52.56175689406217,0.94,-19.168169205006002
Sub05,Date03_Sub05_yogaball,t0035.000,K3,ALL_3_IMPROVED,51.24362630287913,97.07689112940751,108.55354771986495,0.4894,11.66713574316195,31.39796961472002,38.684200681628404,0.965,-39.57649055971718
Sub05,Date03_Sub05_yogaball,t0051.000,K1,ALL_3_IMPROVED,78.4981582053331,130.60694390844603,141.3310452682917,0.288,14.53949128626552,40.78238333153102,51.47694662664866,0.946,-63.95866691906758
Sub05,Date03_Sub05_yogaball,t0051.000,K2,ALL_3_IMPROVED,41.65241160979215,76.17494985345213,82.91363331369817,0.6204,20.333426632151777,57.6767581123428,65.43826028893666,0.8558,-21.318984977640376
Sub05,Date03_Sub05_yogaball,t0051.000,K3,ALL_3_IMPROVED,62.05611005483054,125.0903906706829,138.28577163595526,0.3942,17.15703071543971,40.188769704908246,49.412328433211705,0.9538,-44.89907933939083
Sub06,Date05_Sub06_backpack_back,t0015.000,K1,ALL_3_IMPROVED,25.65113386867908,115.88148868801473,199.3609359175667,0.7488,21.000785185768073,105.6096384303467,191.38459035418245,0.776,-4.650348682911005
Sub06,Date05_Sub06_backpack_back,t0015.000,K2,ALL_3_IMPROVED,24.764350718282508,65.12208710519576,84.33293103148507,0.8262,17.578122782564098,53.70751754101455,70.65963227188354,0.8832,-7.18622793571841
Sub06,Date05_Sub06_backpack_back,t0015.000,K3,ALL_3_IMPROVED,19.438251515667083,49.62387752512306,65.13593143716983,0.9012,17.067229539281684,41.15868465626794,55.36337753411231,0.9378,-2.3710219763854
Sub06,Date05_Sub06_backpack_back,t0026.000,K1,1_IMPROVED_0_UNCHANGED_2_DEGRADED,11.252912969860686,33.444531709901916,42.347905993474654,0.9718,10.857116021783604,32.948748704097866,41.235081172267904,0.9734,-0.39579694807708243
Sub06,Date05_Sub06_backpack_back,t0026.000,K2,1_IMPROVED_0_UNCHANGED_2_DEGRADED,12.895151874584075,31.0301888997872,37.59703640211055,0.9824,13.119404919279859,31.801015297677488,38.35197079616561,0.9816,0.224253044695784
Sub06,Date05_Sub06_backpack_back,t0026.000,K3,1_IMPROVED_0_UNCHANGED_2_DEGRADED,13.259745125926251,30.816876975516415,38.13498487044956,0.9844,13.804832452465885,31.62497728670475,39.29199813026552,0.9842,0.5450873265396332
Sub06,Date05_Sub06_backpack_back,t0038.000,K1,ALL_3_IMPROVED,27.726281793978576,60.88377155664362,70.07249853825877,0.827,13.468632970398044,43.09064138490995,54.36979866708695,0.9318,-14.257648823580531
Sub06,Date05_Sub06_backpack_back,t0038.000,K2,ALL_3_IMPROVED,30.828994502875055,65.41648979839563,75.67070337876461,0.7614,18.314659973201813,49.60249808816766,63.33187280766006,0.9038,-12.514334529673242
Sub06,Date05_Sub06_backpack_back,t0038.000,K3,ALL_3_IMPROVED,24.679544900561073,55.76444337470281,71.16393784778938,0.8556,16.17685665828906,48.23036841420131,62.78884562399829,0.9082,-8.502688242272011
Sub06,Date05_Sub06_stool_sit,t0015.000,K1,1_IMPROVED_0_UNCHANGED_2_DEGRADED,26.352642653215923,73.45854360129202,91.61232839233028,0.7624,22.735435720635387,68.25921716804014,87.06524718442306,0.8092,-3.6172069325805367
Sub06,Date05_Sub06_stool_sit,t0015.000,K2,1_IMPROVED_0_UNCHANGED_2_DEGRADED,32.75584293789497,89.1437892167511,114.17078894217724,0.716,33.835057176304346,88.05793155857414,111.92380907751192,0.7182,1.079214238409378
Sub06,Date05_Sub06_stool_sit,t0015.000,K3,1_IMPROVED_0_UNCHANGED_2_DEGRADED,18.428368853035906,65.55503762019765,98.03576945477616,0.8634,19.02245673814194,66.60568902466125,99.8113472990304,0.8512,0.5940878851060347
Sub06,Date05_Sub06_stool_sit,t0027.000,K1,ALL_3_IMPROVED,26.064210191916217,81.9091146029481,96.74505921005236,0.7428,22.775034306752744,70.33629330462541,84.22627362688044,0.7988,-3.2891758851634734
Sub06,Date05_Sub06_stool_sit,t0027.000,K2,ALL_3_IMPROVED,57.75754486666581,94.22844815491408,103.8483669139499,0.3988,46.52733156452815,79.86922540487234,91.16515754887313,0.542,-11.230213302137663
Sub06,Date05_Sub06_stool_sit,t0027.000,K3,ALL_3_IMPROVED,31.43557932204579,74.85924872126202,90.78961001969934,0.7068,25.578994688544977,62.00352432694246,76.49219018343625,0.8326,-5.8565846335008125
Sub06,Date05_Sub06_stool_sit,t0038.000,K1,ALL_3_IMPROVED,33.36502338968309,108.57187748067682,130.26135344272203,0.6284,31.299247406656022,92.15172019094285,112.57102405616378,0.6872,-2.0657759830270663
Sub06,Date05_Sub06_stool_sit,t0038.000,K2,ALL_3_IMPROVED,49.10665499704604,125.60860237157256,154.6566231639252,0.5082,35.575982207908936,108.21561727457986,132.84663669583412,0.6506,-13.530672789137107
Sub06,Date05_Sub06_stool_sit,t0038.000,K3,ALL_3_IMPROVED,37.01851278794231,120.73575823510907,160.3568986937194,0.6152,27.081281211586614,110.21592459768566,146.93677213631054,0.7256,-9.9372315763557
Sub06,Date05_Sub06_yogaball_play,t0012.000,K1,ALL_3_IMPROVED,34.84651571709506,87.3585346412602,104.08916248466646,0.6988,20.96780222219207,62.60532820330508,77.50522604696516,0.8422,-13.878713494902989
Sub06,Date05_Sub06_yogaball_play,t0012.000,K2,ALL_3_IMPROVED,31.09291062802381,66.92026224068967,86.93242458177863,0.8058,16.021091907645307,52.88486840444514,69.0691522352274,0.8824,-15.071818720378502
Sub06,Date05_Sub06_yogaball_play,t0012.000,K3,ALL_3_IMPROVED,21.19935430386966,49.487644622581925,58.071596895686326,0.9042,20.246648511803805,49.12472932989894,60.320414843616184,0.9042,-0.9527057920658564
Sub06,Date05_Sub06_yogaball_play,t0024.000,K1,ALL_3_IMPROVED,50.16519828129009,91.32720081569404,104.61319300551624,0.4976,40.283136531065985,79.11903008297881,90.65541742550558,0.6072,-9.882061750224103
Sub06,Date05_Sub06_yogaball_play,t0024.000,K2,ALL_3_IMPROVED,83.1956270766485,145.73908688768756,170.9926720767849,0.1584,67.283570482475,128.24049933332827,154.29879208791718,0.3018,-15.912056594173507
Sub06,Date05_Sub06_yogaball_play,t0024.000,K3,ALL_3_IMPROVED,32.04356892557834,97.09380451838713,130.71531905486896,0.6766,24.18598182494793,85.08397721599825,118.29956829571053,0.7684,-7.857587100630411
Sub06,Date05_Sub06_yogaball_play,t0034.000,K1,ALL_3_IMPROVED,31.200927604970587,82.66508281721693,97.800992640694,0.6688,20.491232085091834,70.62404358619709,83.98694925301166,0.7716,-10.709695519878753
Sub06,Date05_Sub06_yogaball_play,t0034.000,K2,ALL_3_IMPROVED,42.116290157679686,95.37506608335401,107.20927118732662,0.566,31.257762456257062,78.29347739566845,89.99335019859532,0.691,-10.858527701422624
Sub06,Date05_Sub06_yogaball_play,t0034.000,K3,ALL_3_IMPROVED,26.520606647828544,81.81146935621433,98.27498366184001,0.716,19.687104263386544,65.1854477896671,78.16329670488058,0.8148,-6.833502384441999
Sub07,Date06_Sub07_backpack_back,t0015.000,K1,2_IMPROVED_0_UNCHANGED_1_DEGRADED,39.39622182047432,243.09694212906805,255.3493586884303,0.5548,22.863315290744733,234.03999706667122,245.0028428117479,0.619,-16.532906529729583
Sub07,Date06_Sub07_backpack_back,t0015.000,K2,2_IMPROVED_0_UNCHANGED_1_DEGRADED,24.515210533204186,54.8848767696397,64.03756491625545,0.869,17.013662898390784,38.25966882235764,57.789551652071616,0.9368,-7.501547634813402
Sub07,Date06_Sub07_backpack_back,t0015.000,K3,2_IMPROVED_0_UNCHANGED_1_DEGRADED,19.72539545241594,60.56066525500371,83.45481467496104,0.868,19.80431693371866,66.45569565226045,92.12071711095119,0.8616,0.07892148130272147
Sub07,Date06_Sub07_backpack_back,t0027.000,K1,2_IMPROVED_0_UNCHANGED_1_DEGRADED,50.21224146594345,120.07684525331712,136.25313541174714,0.4974,15.608624524877422,41.21637764957916,51.53289023931208,0.9458,-34.60361694106603
Sub07,Date06_Sub07_backpack_back,t0027.000,K2,2_IMPROVED_0_UNCHANGED_1_DEGRADED,36.530625362663756,84.15247571006981,97.33229240235667,0.637,15.137832569780983,40.26092802354343,55.050695923655326,0.9386,-21.392792792882773
Sub07,Date06_Sub07_backpack_back,t0027.000,K3,2_IMPROVED_0_UNCHANGED_1_DEGRADED,24.367403623659158,73.30735478076608,89.09711481356965,0.7782,32.47991408958742,83.28914118991567,97.35726679947486,0.677,8.11251046592826
Sub07,Date06_Sub07_backpack_back,t0039.000,K1,ALL_3_IMPROVED,50.10887208431035,116.10199978707986,139.475900222991,0.4984,10.23517584357284,28.110456234815715,55.03215205545641,0.9444,-39.87369624073751
Sub07,Date06_Sub07_backpack_back,t0039.000,K2,ALL_3_IMPROVED,32.26617841935893,76.25673326142608,93.47933411207227,0.7154,11.57095267063429,30.960555170219827,41.37534398547499,0.9712,-20.69522574872464
Sub07,Date06_Sub07_backpack_back,t0039.000,K3,ALL_3_IMPROVED,96.2600136321638,222.95516648227957,237.50930218001733,0.3214,47.271256867424285,220.66442730862093,239.4565195348898,0.5134,-48.98875676473952
Sub07,Date06_Sub07_stool_sit,t0015.000,K1,ALL_3_IMPROVED,53.017948500520646,129.69313382400307,146.74936594711846,0.4754,22.297176430143285,64.94101562336148,76.45004201422593,0.8138,-30.72077207037736
Sub07,Date06_Sub07_stool_sit,t0015.000,K2,ALL_3_IMPROVED,33.503309282938055,85.56890025354339,119.6473932715133,0.6932,26.9326889887678,71.66252203759932,96.02825843768649,0.7786,-6.570620294170254
Sub07,Date06_Sub07_stool_sit,t0015.000,K3,ALL_3_IMPROVED,51.22671810182003,196.34806831763524,294.56221058561283,0.4874,25.312645431032422,194.28010144830432,281.2143182405984,0.7028,-25.91407267078761
Sub07,Date06_Sub07_stool_sit,t0027.000,K1,2_IMPROVED_0_UNCHANGED_1_DEGRADED,25.481885055210334,77.39834062192806,113.96529307066507,0.7828,21.244202655726603,51.50681489814962,72.60824129092148,0.891,-4.237682399483731
Sub07,Date06_Sub07_stool_sit,t0027.000,K2,2_IMPROVED_0_UNCHANGED_1_DEGRADED,21.309853239640432,71.15287907753866,103.21888057610948,0.8044,29.31010320369159,87.38292767660946,118.65838935098037,0.7478,8.000249964051157
Sub07,Date06_Sub07_stool_sit,t0027.000,K3,2_IMPROVED_0_UNCHANGED_1_DEGRADED,34.06991524399503,147.5095161450693,179.65612395546322,0.6362,28.929154935140637,120.41513371401507,147.4307872061995,0.6874,-5.140760308854389
Sub07,Date06_Sub07_stool_sit,t0038.000,K1,ALL_3_DEGRADED,23.143155499229522,62.28704432376646,78.15834089789438,0.8332,25.294274462804786,57.6419853285446,68.43366203260167,0.829,2.1511189635752643
Sub07,Date06_Sub07_stool_sit,t0038.000,K2,ALL_3_DEGRADED,24.147751162866715,147.77471987806612,181.3662209474728,0.6992,46.077095423860065,135.0426142849664,164.27763069660887,0.5484,21.92934426099335
Sub07,Date06_Sub07_stool_sit,t0038.000,K3,ALL_3_DEGRADED,33.9494531726065,270.67151461556983,329.5049791240796,0.603,36.5764669236157,263.1374115025993,321.2070838292392,0.587,2.627013751009194
Sub07,Date06_Sub07_yogaball_play,t0017.000,K1,ALL_3_IMPROVED,24.137832286329022,75.94023004806301,92.18538790092818,0.8028,13.687352379099984,46.224006055752334,68.21587368323694,0.9072,-10.450479907229038
Sub07,Date06_Sub07_yogaball_play,t0017.000,K2,ALL_3_IMPROVED,29.565137424025174,70.17685956567013,81.36863579076336,0.7418,17.626125882087948,57.53039652650066,73.11700879366485,0.864,-11.939011541937226
Sub07,Date06_Sub07_yogaball_play,t0017.000,K3,ALL_3_IMPROVED,28.915489857928467,92.22131408681486,109.00185331737056,0.6868,20.717878791234924,73.28182085722348,87.96718726427058,0.7902,-8.197611066693543
Sub07,Date06_Sub07_yogaball_play,t0028.000,K1,ALL_3_IMPROVED,44.23702912589184,92.19094089831079,102.86662418320685,0.5544,18.74139811044529,42.612326850048746,55.42374841830429,0.9328,-25.49563101544655
Sub07,Date06_Sub07_yogaball_play,t0028.000,K2,ALL_3_IMPROVED,40.24832612490463,97.25964210379819,114.48130703034292,0.6036,26.980289979296117,76.65949071664448,93.11913191344448,0.7418,-13.268036145608512
Sub07,Date06_Sub07_yogaball_play,t0028.000,K3,ALL_3_IMPROVED,52.23913434723442,125.17471338516107,137.90138448244025,0.4812,28.819763873646075,89.85147796353306,107.84209371566484,0.6788,-23.419370473588344
Sub07,Date06_Sub07_yogaball_play,t0039.000,K1,ALL_3_IMPROVED,64.52091109220144,135.24004170256802,156.48212072858925,0.3806,16.549709155115163,45.08363599574339,54.11298921545866,0.9286,-47.97120193708628
Sub07,Date06_Sub07_yogaball_play,t0039.000,K2,ALL_3_IMPROVED,52.12867657877537,105.13151767621895,117.42001276236611,0.4798,21.292810103902745,94.23607408822595,116.2836836663811,0.7558,-30.835866474872624
Sub07,Date06_Sub07_yogaball_play,t0039.000,K3,ALL_3_IMPROVED,49.00244356436679,103.49543773371143,121.08445213834011,0.5058,31.25868102723146,92.5521644305026,111.57460285174805,0.701,-17.743762537135332
