candidate_id,scan_id,method,status,reference_points,common_points,common_coverage,source_reference,clinical_acupoint_accuracy,median_xyz_mm,p95_xyz_mm,max_xyz_mm,median_lateral_mm,p95_lateral_mm,polyline_median_mm
candidate_1266,pcscan_294,BOUNDARY_CENTER,COMPLETE,53,46,0.8679245283018868,author_drawn_surface_line,False,10.575774107099178,25.476575384032117,31.15335568221783,8.56112455118678,25.13625140914766,9.171863025368062
candidate_1266,pcscan_294,SYMMETRY_DP,COMPLETE,53,46,0.8679245283018868,author_drawn_surface_line,False,56.185033486115444,73.88713783059501,75.80155937618568,46.611297138774574,67.94971242848374,40.384296890298145
candidate_1266,pcscan_294,GROOVE_DP,COMPLETE,53,46,0.8679245283018868,author_drawn_surface_line,False,3.4594988658111054,5.64937680084507,6.532122198261374,3.1610685615205276,5.322722799540353,3.409373101111286
candidate_1268,pcscan_295,BOUNDARY_CENTER,COMPLETE,69,65,0.9420289855072463,author_drawn_surface_line,False,12.306279780478494,37.44770898395455,40.588070977438726,9.893149700479665,36.105379039578416,10.917561926994448
candidate_1268,pcscan_295,SYMMETRY_DP,COMPLETE,69,65,0.9420289855072463,author_drawn_surface_line,False,51.923281507476595,62.55398715074866,63.655626671353566,50.15301029982077,56.497462046530906,50.271555178672976
candidate_1268,pcscan_295,GROOVE_DP,COMPLETE,69,65,0.9420289855072463,author_drawn_surface_line,False,3.066758168250493,8.009212796772715,8.299800840226345,3.014275383415019,7.34724701647674,2.9910947129957983
candidate_1270,pcscan_296,BOUNDARY_CENTER,COMPLETE,58,51,0.8793103448275862,author_drawn_surface_line,False,8.131598865878141,16.933283178540332,18.66165112919898,7.586182794679194,15.61559189983177,8.119930920944023
candidate_1270,pcscan_296,SYMMETRY_DP,COMPLETE,58,51,0.8793103448275862,author_drawn_surface_line,False,7.171301144369826,62.51906090222485,64.00556978061016,6.9863756613949555,62.00499662029143,7.170685046452176
candidate_1270,pcscan_296,GROOVE_DP,COMPLETE,58,51,0.8793103448275862,author_drawn_surface_line,False,6.316841988115468,16.92433475418776,18.87027079573506,5.202533283189245,16.84407582779405,6.1447253172154745
candidate_1272,pcscan_297,BOUNDARY_CENTER,COMPLETE,49,44,0.8979591836734694,author_drawn_surface_line,False,5.253503963648728,10.733179741037324,23.676513708000467,5.1475237048455575,10.348246956523479,5.085074310341087
candidate_1272,pcscan_297,SYMMETRY_DP,COMPLETE,49,44,0.8979591836734694,author_drawn_surface_line,False,5.1688179173340245,9.658145229173494,12.42851693581252,5.0870000895245004,9.483125705891965,4.759539909289758
candidate_1272,pcscan_297,GROOVE_DP,COMPLETE,49,44,0.8979591836734694,author_drawn_surface_line,False,1.3104198821314392,9.819233986996334,12.154009548690855,1.271168571400777,9.69817951496615,1.24417973388327
candidate_1274,pcscan_298,BOUNDARY_CENTER,COMPLETE,66,58,0.8787878787878788,author_drawn_surface_line,False,8.919555462945077,31.323864221320267,34.986854664296345,7.423298473845458,25.998175376547756,8.574962431016317
candidate_1274,pcscan_298,SYMMETRY_DP,COMPLETE,66,58,0.8787878787878788,author_drawn_surface_line,False,59.99052842152247,65.27688134285367,67.04109279573464,53.032373589978334,60.99964322510041,55.399272345116245
candidate_1274,pcscan_298,GROOVE_DP,COMPLETE,66,58,0.8787878787878788,author_drawn_surface_line,False,2.1564541150127456,10.08625138519739,11.822058067855055,1.9976324614668988,8.187583554886293,2.151274246369376
candidate_1276,pcscan_299,BOUNDARY_CENTER,COMPLETE,57,52,0.9122807017543859,author_drawn_surface_line,False,15.452543361863583,24.22402660451614,29.512188722083053,15.028632887832128,22.846997812217225,14.978557104085825
candidate_1276,pcscan_299,SYMMETRY_DP,COMPLETE,57,52,0.9122807017543859,author_drawn_surface_line,False,10.044818218821634,25.406238636234406,27.771179629041836,9.504221187688358,23.750154476577954,9.957627127245827
candidate_1276,pcscan_299,GROOVE_DP,COMPLETE,57,52,0.9122807017543859,author_drawn_surface_line,False,6.849330896579366,18.593843579375957,19.610801869601634,6.581313446162689,17.15307280210121,6.325220112804748
candidate_1278,pcscan_300,BOUNDARY_CENTER,COMPLETE,53,49,0.9245283018867925,author_drawn_surface_line,False,14.244526413686359,19.89562136302486,22.687852449796218,12.94189600898768,17.638973381820925,14.149170593284934
candidate_1278,pcscan_300,SYMMETRY_DP,COMPLETE,53,49,0.9245283018867925,author_drawn_surface_line,False,6.1643013789670995,19.276743648142453,20.072206192756976,5.425508364823625,18.067140429438762,5.591889523166847
candidate_1278,pcscan_300,GROOVE_DP,COMPLETE,53,49,0.9245283018867925,author_drawn_surface_line,False,1.4607296821068831,3.9358426065445267,7.497922562464887,1.2894780003330775,3.8141613611771548,1.2822236643645073
candidate_1280,pcscan_301,BOUNDARY_CENTER,COMPLETE,51,46,0.9019607843137255,author_drawn_surface_line,False,12.585217022437137,21.67430990958205,29.041541470360535,12.082069503131024,21.42910920174134,11.972469302164257
candidate_1280,pcscan_301,SYMMETRY_DP,COMPLETE,51,46,0.9019607843137255,author_drawn_surface_line,False,43.57469219695527,80.84818012875333,83.72761259141865,42.20618884719072,77.9865732938183,23.037924588037427
candidate_1280,pcscan_301,GROOVE_DP,COMPLETE,51,46,0.9019607843137255,author_drawn_surface_line,False,3.519287036838472,22.846014280266786,23.362291460107908,3.4589976278012298,22.820359218025978,3.4632539758549488
candidate_1282,pcscan_302,BOUNDARY_CENTER,COMPLETE,47,43,0.9148936170212766,author_drawn_surface_line,False,13.058355408316306,22.60732330980987,24.557214718144866,12.741767478664977,19.54171678159957,12.576973914409688
candidate_1282,pcscan_302,SYMMETRY_DP,COMPLETE,47,43,0.9148936170212766,author_drawn_surface_line,False,58.32221170396633,84.73627037590747,87.39873735350527,55.177257602336,77.95158095869353,42.32632887112972
candidate_1282,pcscan_302,GROOVE_DP,COMPLETE,47,43,0.9148936170212766,author_drawn_surface_line,False,2.2894697604027714,4.746112497390779,5.524978459234634,2.126385652583038,4.714087096895445,2.28252685885236
candidate_1284,pcscan_303,BOUNDARY_CENTER,COMPLETE,45,40,0.8888888888888888,author_drawn_surface_line,False,6.5690819485133725,18.631576071649345,20.50314321142444,6.448407668118779,16.977326296514967,6.55111289912799
candidate_1284,pcscan_303,SYMMETRY_DP,COMPLETE,45,40,0.8888888888888888,author_drawn_surface_line,False,12.576260705453528,80.2156057129365,80.83676860774497,11.774569897652762,75.44268849052675,8.592795971508346
candidate_1284,pcscan_303,GROOVE_DP,COMPLETE,45,40,0.8888888888888888,author_drawn_surface_line,False,2.612628971777677,5.209259740203546,6.18877949617744,2.5672018294670833,5.161778855935769,2.5777435099358708
candidate_1286,pcscan_304,BOUNDARY_CENTER,COMPLETE,46,43,0.9347826086956522,author_drawn_surface_line,False,12.4796384071107,16.82433783463385,17.624855323605047,11.981624811018984,15.850827025828258,11.73663067042101
candidate_1286,pcscan_304,SYMMETRY_DP,COMPLETE,46,43,0.9347826086956522,author_drawn_surface_line,False,51.15126424562487,70.46705971266749,72.49903719245216,48.08282396151407,67.53524764014715,31.02104489411199
candidate_1286,pcscan_304,GROOVE_DP,COMPLETE,46,43,0.9347826086956522,author_drawn_surface_line,False,2.136421347440013,20.492132560925345,21.146191535645503,2.0481702302539984,19.940116857797065,2.0586063336154727
candidate_1288,pcscan_305,BOUNDARY_CENTER,COMPLETE,51,45,0.8823529411764706,author_drawn_surface_line,False,11.149271395472029,21.94239451506643,23.887457054507912,10.491680501771864,21.277290862236143,11.035569697545089
candidate_1288,pcscan_305,SYMMETRY_DP,COMPLETE,51,45,0.8823529411764706,author_drawn_surface_line,False,14.938526778550855,36.79690933565791,44.60341893568858,14.235352815581262,33.46471268003731,14.163676778076773
candidate_1288,pcscan_305,GROOVE_DP,COMPLETE,51,45,0.8823529411764706,author_drawn_surface_line,False,4.074434192923083,8.078876116166454,8.37579705720226,4.0083495304212295,7.365292366948554,4.050529104473321
candidate_1290,pcscan_306,BOUNDARY_CENTER,COMPLETE,46,43,0.9347826086956522,author_drawn_surface_line,False,6.30681320920278,29.81442309080997,31.650225406143427,6.27889748271844,29.786042413398498,6.306214651247385
candidate_1290,pcscan_306,SYMMETRY_DP,COMPLETE,46,43,0.9347826086956522,author_drawn_surface_line,False,5.323654462227028,28.71157576112966,36.051104414515784,5.303199441055479,28.69792549655224,5.215535441286656
candidate_1290,pcscan_306,GROOVE_DP,COMPLETE,46,43,0.9347826086956522,author_drawn_surface_line,False,2.007993329825261,7.135498859042957,8.266042044634803,1.8909017178028593,7.119593328624509,1.9132171330328043
candidate_1292,pcscan_307,BOUNDARY_CENTER,COMPLETE,44,40,0.9090909090909091,author_drawn_surface_line,False,2.9619247300127354,7.14609405719906,7.778420256224223,2.8544504901701213,7.114654969565558,2.9532962849231277
candidate_1292,pcscan_307,SYMMETRY_DP,COMPLETE,44,40,0.9090909090909091,author_drawn_surface_line,False,3.7320813721137918,38.89559570346074,40.217120367737905,3.6973771587018245,37.55244782276126,3.493808019859408
candidate_1292,pcscan_307,GROOVE_DP,COMPLETE,44,40,0.9090909090909091,author_drawn_surface_line,False,8.451078680735087,22.50400216973495,24.040941020154747,8.237776232974364,21.163663052902482,7.613990488627403
candidate_1294,pcscan_308,BOUNDARY_CENTER,COMPLETE,53,50,0.9433962264150944,author_drawn_surface_line,False,15.91560244080717,24.288755844031492,25.08526220829644,15.342945164588222,22.318063909438326,15.417001700311033
candidate_1294,pcscan_308,SYMMETRY_DP,COMPLETE,53,50,0.9433962264150944,author_drawn_surface_line,False,46.201404035738605,70.91801494991769,71.98933529756889,43.761730003334335,67.53783278140716,36.077906886321685
candidate_1294,pcscan_308,GROOVE_DP,COMPLETE,53,50,0.9433962264150944,author_drawn_surface_line,False,3.86080587667648,18.205513467439314,21.24677146644597,3.7999510636704814,17.087242984610732,3.5706008370787905
candidate_1296,pcscan_309,BOUNDARY_CENTER,COMPLETE,50,45,0.9,author_drawn_surface_line,False,15.64921872394354,24.871084506212433,25.705035880664973,14.875856757630014,23.958724780599407,15.621392059993402
candidate_1296,pcscan_309,SYMMETRY_DP,COMPLETE,50,45,0.9,author_drawn_surface_line,False,56.98642025054627,67.70365068619526,70.6022892797294,55.250779154073356,65.86476448698366,54.69571983568269
candidate_1296,pcscan_309,GROOVE_DP,COMPLETE,50,45,0.9,author_drawn_surface_line,False,3.057077524773771,9.34024380949666,10.240770579274248,3.0252712871906287,8.981174997034463,2.876578107612255
candidate_1298,pcscan_310,BOUNDARY_CENTER,COMPLETE,43,39,0.9069767441860465,author_drawn_surface_line,False,13.391650797458444,25.999741373341983,28.124400432641135,11.930191344222944,24.212742037282027,12.269399799395991
candidate_1298,pcscan_310,SYMMETRY_DP,COMPLETE,43,39,0.9069767441860465,author_drawn_surface_line,False,11.59205120077444,52.96571560584719,56.019183767456404,11.304205174518918,51.577368989825246,10.68269028578031
candidate_1298,pcscan_310,GROOVE_DP,COMPLETE,43,39,0.9069767441860465,author_drawn_surface_line,False,4.909574670008535,40.22187925546979,42.82859063200542,4.320400470610747,38.47702578718728,4.382425261177082
candidate_1300,pcscan_311,BOUNDARY_CENTER,COMPLETE,44,39,0.8863636363636364,author_drawn_surface_line,False,6.86019150949182,13.936438836634666,14.316934199409081,6.781855798127512,13.918039119879058,6.19394553422931
candidate_1300,pcscan_311,SYMMETRY_DP,COMPLETE,44,39,0.8863636363636364,author_drawn_surface_line,False,2.8105115210869287,9.535479006310727,9.6840452253255,2.682752745164718,9.429893209836708,2.6510330939507583
candidate_1300,pcscan_311,GROOVE_DP,COMPLETE,44,39,0.8863636363636364,author_drawn_surface_line,False,6.247744073027425,14.529076389849084,15.046367451736261,6.19373529036249,14.492766267271193,5.824028622788222
candidate_1302,pcscan_312,BOUNDARY_CENTER,COMPLETE,46,43,0.9347826086956522,author_drawn_surface_line,False,13.212031103287089,17.00672116453045,18.23919903401588,12.825753300499967,16.792347678627877,12.537535834873626
candidate_1302,pcscan_312,SYMMETRY_DP,COMPLETE,46,43,0.9347826086956522,author_drawn_surface_line,False,12.143852043243417,20.010751640959036,22.559956436343008,11.902754209843213,19.530059661350222,12.132334183674375
candidate_1302,pcscan_312,GROOVE_DP,COMPLETE,46,43,0.9347826086956522,author_drawn_surface_line,False,2.716614450792064,6.18685369405924,6.9685232408468165,2.64637278420303,5.997738248813541,2.5974455719526963
candidate_1304,pcscan_313,BOUNDARY_CENTER,COMPLETE,37,34,0.918918918918919,author_drawn_surface_line,False,9.282939697010445,17.810198545083672,19.130552910604454,9.140300989879496,17.235039239052316,9.023642829160066
candidate_1304,pcscan_313,SYMMETRY_DP,COMPLETE,37,34,0.918918918918919,author_drawn_surface_line,False,3.228951388407363,58.66693548896286,60.047382406429286,3.1832015250515684,56.550636993233915,2.9859135619701758
candidate_1304,pcscan_313,GROOVE_DP,COMPLETE,37,34,0.918918918918919,author_drawn_surface_line,False,1.50196214788359,5.652352483908505,5.7701374359884845,1.4265208884427227,5.635820705195096,1.3130897188952735
candidate_1306,pcscan_314,BOUNDARY_CENTER,COMPLETE,36,33,0.9166666666666666,author_drawn_surface_line,False,11.59499935893452,23.015975916304217,24.353464770782196,11.430981820056793,22.570516657601953,10.223178747372573
candidate_1306,pcscan_314,SYMMETRY_DP,COMPLETE,36,33,0.9166666666666666,author_drawn_surface_line,False,7.239747615534895,43.09869660150814,44.87099037405427,7.061253163537964,42.618845762854065,6.591458430258593
candidate_1306,pcscan_314,GROOVE_DP,COMPLETE,36,33,0.9166666666666666,author_drawn_surface_line,False,12.367496937627182,39.15429029552723,42.24915001537301,12.099115918195263,38.440762548763786,12.227084147894173
candidate_1308,pcscan_315,BOUNDARY_CENTER,COMPLETE,42,39,0.9285714285714286,author_drawn_surface_line,False,8.435629928323472,26.29780485410559,31.362432687703773,8.333623538917617,25.928669766851787,7.9424154370578215
candidate_1308,pcscan_315,SYMMETRY_DP,COMPLETE,42,39,0.9285714285714286,author_drawn_surface_line,False,9.598297216786168,29.977302175896998,30.122136775829027,9.529388306747059,29.954090519658784,8.174916984520157
candidate_1308,pcscan_315,GROOVE_DP,COMPLETE,42,39,0.9285714285714286,author_drawn_surface_line,False,2.791978892353006,8.200070445928779,8.696235439130064,2.6909604956347963,8.12630629128736,2.79197291398159
candidate_1310,pcscan_316,BOUNDARY_CENTER,COMPLETE,54,48,0.8888888888888888,author_drawn_surface_line,False,9.752880035999269,13.42475971693595,15.192473582980838,9.098464135566635,13.38379148501372,9.656376078412372
candidate_1310,pcscan_316,SYMMETRY_DP,COMPLETE,54,48,0.8888888888888888,author_drawn_surface_line,False,57.21375251263565,71.20703612983785,72.89599866682534,52.66864931033264,70.50125138285495,53.48868383637366
candidate_1310,pcscan_316,GROOVE_DP,COMPLETE,54,48,0.8888888888888888,author_drawn_surface_line,False,7.907933030607992,13.230919879423082,13.416370325818136,7.787966011123872,13.224552152275589,7.80275668915835
candidate_1312,pcscan_317,BOUNDARY_CENTER,COMPLETE,39,36,0.9230769230769231,author_drawn_surface_line,False,6.87832901113528,23.330724820392618,23.82124459864232,6.771096949725267,23.24663235293126,6.871522683554695
candidate_1312,pcscan_317,SYMMETRY_DP,COMPLETE,39,36,0.9230769230769231,author_drawn_surface_line,False,2.8028490444713734,12.78139358595864,17.878338776711345,2.782052088458033,12.728059882796686,2.7882145768136697
candidate_1312,pcscan_317,GROOVE_DP,COMPLETE,39,36,0.9230769230769231,author_drawn_surface_line,False,1.5518631963352232,3.8821674616623123,5.357006493980952,1.4458083580630166,3.8309057793520713,1.466564412759032
candidate_1314,pcscan_318,BOUNDARY_CENTER,COMPLETE,53,46,0.8679245283018868,author_drawn_surface_line,False,9.05515577675498,15.396676783304487,16.70582061603075,8.991880975476755,15.130488956513574,8.570757698842842
candidate_1314,pcscan_318,SYMMETRY_DP,COMPLETE,53,46,0.8679245283018868,author_drawn_surface_line,False,9.798099183559353,23.948947653837216,24.730250158551733,9.601632716564376,23.90188354743718,9.629750505567468
candidate_1314,pcscan_318,GROOVE_DP,COMPLETE,53,46,0.8679245283018868,author_drawn_surface_line,False,6.458035545388556,11.553444536411519,12.358001236124457,6.4096591403687775,11.4981725885768,6.4567109462487835
candidate_1316,pcscan_319,BOUNDARY_CENTER,COMPLETE,51,44,0.8627450980392157,author_drawn_surface_line,False,10.596928123299964,18.20230203887333,39.49652514910285,9.898742944227864,17.55076939826121,10.005652065496054
candidate_1316,pcscan_319,SYMMETRY_DP,COMPLETE,51,44,0.8627450980392157,author_drawn_surface_line,False,24.386226160367574,73.016112867948,79.52173580529997,24.239237727556755,70.08811944389142,23.471493360309303
candidate_1316,pcscan_319,GROOVE_DP,COMPLETE,51,44,0.8627450980392157,author_drawn_surface_line,False,7.688736852281299,14.118563541253204,15.78032171422606,6.719687171183244,12.3106199989226,7.476981152982896
candidate_1318,pcscan_320,BOUNDARY_CENTER,COMPLETE,38,35,0.9210526315789473,author_drawn_surface_line,False,10.497591619651443,26.394450069172244,46.652937784937464,9.9480080334563,24.2625262083851,9.546051982761242
candidate_1318,pcscan_320,SYMMETRY_DP,COMPLETE,38,35,0.9210526315789473,author_drawn_surface_line,False,60.22607559151655,73.43567253092628,77.75223021072998,54.038153381603664,69.19235647683463,56.88268209659818
candidate_1318,pcscan_320,GROOVE_DP,COMPLETE,38,35,0.9210526315789473,author_drawn_surface_line,False,3.9257534795015996,6.6161599588743085,7.00395836859015,3.7874116755636233,5.97361815129852,3.8707336560633205
candidate_1320,pcscan_321,BOUNDARY_CENTER,COMPLETE,44,38,0.8636363636363636,author_drawn_surface_line,False,8.115750501361472,12.551805381859774,13.938677264619345,8.0987114719677,12.49392453175909,7.643100064032464
candidate_1320,pcscan_321,SYMMETRY_DP,COMPLETE,44,38,0.8636363636363636,author_drawn_surface_line,False,11.476860064053099,20.156092736517635,20.33053837407847,11.428055736785694,20.029250353552207,11.032638204204568
candidate_1320,pcscan_321,GROOVE_DP,COMPLETE,44,38,0.8636363636363636,author_drawn_surface_line,False,9.337102262442475,18.243347680527776,18.388158093510125,9.307465257187193,18.191223653467663,9.333600661174408
candidate_1322,pcscan_322,BOUNDARY_CENTER,COMPLETE,49,44,0.8979591836734694,author_drawn_surface_line,False,2.9962953671867156,8.564512955574566,9.359698232502687,2.7535975924711016,8.550784334005801,2.833785771432345
candidate_1322,pcscan_322,SYMMETRY_DP,COMPLETE,49,44,0.8979591836734694,author_drawn_surface_line,False,3.6185335466514097,6.3003716457326515,7.84987472914163,3.532792246635344,6.0851377510695555,3.520143521367861
candidate_1322,pcscan_322,GROOVE_DP,COMPLETE,49,44,0.8979591836734694,author_drawn_surface_line,False,4.842338901533045,10.71065948523199,11.240183441689295,4.699130475439857,10.62917751521263,4.623485636613301
candidate_1324,pcscan_323,BOUNDARY_CENTER,COMPLETE,32,29,0.90625,author_drawn_surface_line,False,10.525059992039667,33.28969079570683,44.744334478704126,9.949402020134244,31.24359861302233,10.454073259579078
candidate_1324,pcscan_323,SYMMETRY_DP,COMPLETE,32,29,0.90625,author_drawn_surface_line,False,16.959789760740243,29.253547453784382,30.192840646250865,16.70845825624991,27.67820856049995,16.874179655005875
candidate_1324,pcscan_323,GROOVE_DP,COMPLETE,32,29,0.90625,author_drawn_surface_line,False,6.602620792677755,22.23122416568135,23.506002187795158,6.251569066221312,20.540678607909577,6.507563637248498
