candidate_id,condition,method,seed,status,lateral_median_mm,lateral_p95_mm,label_coverage,supported_fraction_3mm,prediction_seconds
candidate_1284,FULL,NO_BLOCK_AUG,0,COMPLETE,5.167098678059742,30.40684511443066,1.0,1.0,0.0027278289999230765
candidate_1284,FULL,BLOCK_AUG,0,COMPLETE,2.2133671846507053,3.819177145279373,1.0,1.0,0.0019046519955736585
candidate_1284,FULL,NO_BLOCK_AUG,1,COMPLETE,2.420918900628344,7.01495275274393,1.0,1.0,0.0018545640050433576
candidate_1284,FULL,BLOCK_AUG,1,COMPLETE,3.8642428792299426,9.105255298129554,1.0,1.0,0.0018908290003309958
candidate_1284,FULL,NO_BLOCK_AUG,2,COMPLETE,4.955416617987984,8.17192825767613,1.0,1.0,0.0018264419995830394
candidate_1284,FULL,BLOCK_AUG,2,COMPLETE,2.900524195500964,7.239301732384312,1.0,1.0,0.0017430799998692237
candidate_1284,FULL,BOUNDARY_CENTER,,COMPLETE,6.524921586606988,16.849618899635583,1.0,1.0,0.15216842299560085
candidate_1284,FULL,SYMMETRY_DP,,COMPLETE,51.485457679961584,75.33892884943128,1.0,1.0,0.15216842299560085
candidate_1284,FULL,GROOVE_DP,,COMPLETE,2.3613031622561618,5.022045609688177,1.0,1.0,0.15216842299560085
candidate_1284,MISSING_0,NO_BLOCK_AUG,0,COMPLETE,7.231642893065382,23.579261638047566,1.0,0.9140625,0.002418577998469118
candidate_1284,MISSING_0,BLOCK_AUG,0,COMPLETE,1.688851699743782,7.467425099217045,1.0,0.9140625,0.001732425000227522
candidate_1284,MISSING_0,NO_BLOCK_AUG,1,COMPLETE,4.245091779456686,16.216700008713346,1.0,0.9296875,0.0017005609988700598
candidate_1284,MISSING_0,BLOCK_AUG,1,COMPLETE,4.117572430200333,10.882979171499063,1.0,0.9140625,0.0017417210037820041
candidate_1284,MISSING_0,NO_BLOCK_AUG,2,COMPLETE,7.064980339501509,18.208544354452357,1.0,0.9609375,0.0017063630002667196
candidate_1284,MISSING_0,BLOCK_AUG,2,COMPLETE,2.797542389803176,11.024627905528956,1.0,0.9140625,0.0016600769959040917
candidate_1284,MISSING_0,SYMMETRY_DP,,NO_CONTINUOUS_SUPPORTED_PATH,,,,,0.13241684500098927
candidate_1284,MISSING_0,BOUNDARY_CENTER,,COMPLETE,7.766157136431986,28.880875541204972,0.9809523809523809,0.9333333333333333,0.13241684500098927
candidate_1284,MISSING_0,GROOVE_DP,,COMPLETE,2.418546670054103,18.287015957406595,0.9809523809523809,1.0,0.13241684500098927
candidate_1284,MISSING_1,NO_BLOCK_AUG,0,COMPLETE,12.545243690376406,82.34949073698698,1.0,0.90625,0.002161072006856557
candidate_1284,MISSING_1,BLOCK_AUG,0,COMPLETE,2.00637354153832,4.488306898427452,1.0,1.0,0.0017267940056626685
candidate_1284,MISSING_1,NO_BLOCK_AUG,1,COMPLETE,2.4186588800729907,10.511143578764987,1.0,1.0,0.0017139940027846023
candidate_1284,MISSING_1,BLOCK_AUG,1,COMPLETE,2.969408157891984,10.865418566448987,1.0,1.0,0.0017551799974171445
candidate_1284,MISSING_1,NO_BLOCK_AUG,2,COMPLETE,4.8163326739851655,22.387465912877218,1.0,1.0,0.00168942899472313
candidate_1284,MISSING_1,BLOCK_AUG,2,COMPLETE,3.1894087863371805,5.172647663078664,1.0,1.0,0.0016820429955259897
candidate_1284,MISSING_1,SYMMETRY_DP,,NO_CONTINUOUS_SUPPORTED_PATH,,,,,0.13119072100380436
candidate_1284,MISSING_1,BOUNDARY_CENTER,,COMPLETE,14.351881881573437,20.805236999487207,0.9809523809523809,1.0,0.13119072100380436
candidate_1284,MISSING_1,GROOVE_DP,,COMPLETE,1.9717380922541772,5.185018544683655,0.9809523809523809,1.0,0.13119072100380436
candidate_1284,MISSING_2,NO_BLOCK_AUG,0,COMPLETE,5.42209659843329,74.14062937884944,1.0,0.7265625,0.0027983409963781014
candidate_1284,MISSING_2,BLOCK_AUG,0,COMPLETE,2.6023218662990093,9.638864031635867,1.0,0.75,0.0019000789980054833
candidate_1284,MISSING_2,NO_BLOCK_AUG,1,COMPLETE,5.366877815966537,32.14515606347673,1.0,0.6953125,0.0018302770040463656
candidate_1284,MISSING_2,BLOCK_AUG,1,COMPLETE,4.499212136537964,17.690377617159655,1.0,0.7421875,0.001775174998329021
candidate_1284,MISSING_2,NO_BLOCK_AUG,2,COMPLETE,8.099825409969577,73.94146437953916,1.0,0.6171875,0.0017300899999099784
candidate_1284,MISSING_2,BLOCK_AUG,2,COMPLETE,2.54876658399221,9.063373735748872,1.0,0.7421875,0.001741275998938363
candidate_1284,MISSING_2,SYMMETRY_DP,,NO_CONTINUOUS_SUPPORTED_PATH,,,,,0.13231221000023652
candidate_1284,MISSING_2,BOUNDARY_CENTER,,COMPLETE,10.907795379391308,78.83308416383302,0.9904761904761905,0.7714285714285715,0.13231221000023652
candidate_1284,MISSING_2,GROOVE_DP,,COMPLETE,19.27941162548091,50.61287303086921,0.9904761904761905,1.0,0.13231221000023652
candidate_1292,FULL,NO_BLOCK_AUG,0,COMPLETE,6.491566911632184,37.27607434517561,1.0,1.0,0.0020532060007099062
candidate_1292,FULL,BLOCK_AUG,0,COMPLETE,5.713074872972033,16.674582653712022,1.0,1.0,0.0017181229995912872
candidate_1292,FULL,NO_BLOCK_AUG,1,COMPLETE,3.821336682915906,16.780714133827207,1.0,1.0,0.0016974790050880983
candidate_1292,FULL,BLOCK_AUG,1,COMPLETE,3.0748341996189934,12.2787467765406,1.0,1.0,0.0017027899957611226
candidate_1292,FULL,NO_BLOCK_AUG,2,COMPLETE,1.946505087177898,20.08263192877591,1.0,1.0,0.0016753459931351244
candidate_1292,FULL,BLOCK_AUG,2,COMPLETE,3.0473118482831696,16.626750554182863,1.0,1.0,0.0016755749966250733
candidate_1292,FULL,BOUNDARY_CENTER,,COMPLETE,3.275221985143552,6.620283755394619,1.0,1.0,0.1321944750015973
candidate_1292,FULL,SYMMETRY_DP,,COMPLETE,2.584431577541048,37.746151394932056,1.0,1.0,0.1321944750015973
candidate_1292,FULL,GROOVE_DP,,COMPLETE,6.001687290018653,20.77212936671662,1.0,1.0,0.1321944750015973
candidate_1292,MISSING_0,NO_BLOCK_AUG,0,COMPLETE,10.032322607053175,61.96476205990137,1.0,0.875,0.0021231490027275868
candidate_1292,MISSING_0,BLOCK_AUG,0,COMPLETE,7.2919973737603225,16.91810078270315,1.0,0.859375,0.0017233409962500446
candidate_1292,MISSING_0,NO_BLOCK_AUG,1,COMPLETE,5.127434330837753,15.20162948041357,1.0,0.859375,0.0017295889992965385
candidate_1292,MISSING_0,BLOCK_AUG,1,COMPLETE,3.999081678043873,10.216779580131933,1.0,0.859375,0.00169184500555275
candidate_1292,MISSING_0,NO_BLOCK_AUG,2,COMPLETE,4.242361924412699,51.41667864402209,1.0,0.8984375,0.0017658819997450337
candidate_1292,MISSING_0,BLOCK_AUG,2,COMPLETE,4.989627789960337,16.786598978775988,1.0,0.90625,0.001667108001129236
candidate_1292,MISSING_0,SYMMETRY_DP,,NO_CONTINUOUS_SUPPORTED_PATH,,,,,0.12727957400056766
candidate_1292,MISSING_0,BOUNDARY_CENTER,,COMPLETE,3.358939985735755,27.26381005950266,0.9824561403508771,0.8571428571428571,0.12727957400056766
candidate_1292,MISSING_0,GROOVE_DP,,COMPLETE,7.966900962397328,19.573159480461886,0.9824561403508771,1.0,0.12727957400056766
candidate_1292,MISSING_1,NO_BLOCK_AUG,0,COMPLETE,5.416319762798112,101.05282628869743,1.0,0.6875,0.002394831994024571
candidate_1292,MISSING_1,BLOCK_AUG,0,COMPLETE,4.652074780500122,8.954081187064599,1.0,0.7265625,0.0017874140030471608
candidate_1292,MISSING_1,NO_BLOCK_AUG,1,COMPLETE,4.647013714009974,16.67253279471157,1.0,0.734375,0.001694186998065561
candidate_1292,MISSING_1,BLOCK_AUG,1,COMPLETE,1.6499127585734505,4.41101471604356,1.0,0.7265625,0.0016685390000930056
candidate_1292,MISSING_1,NO_BLOCK_AUG,2,COMPLETE,6.863550991549033,20.60882911253138,1.0,0.734375,0.0016766490007285029
candidate_1292,MISSING_1,BLOCK_AUG,2,COMPLETE,2.6554484052398877,6.9369144450712446,1.0,0.734375,0.0016819210068206303
candidate_1292,MISSING_1,SYMMETRY_DP,,NO_CONTINUOUS_SUPPORTED_PATH,,,,,0.11914951899962034
candidate_1292,MISSING_1,BOUNDARY_CENTER,,COMPLETE,4.61681922776528,24.290428739436596,1.0,0.6464646464646465,0.11914951899962034
candidate_1292,MISSING_1,GROOVE_DP,,COMPLETE,6.466361550049177,39.479629516301195,1.0,1.0,0.11914951899962034
candidate_1292,MISSING_2,NO_BLOCK_AUG,0,COMPLETE,6.899428846884353,81.09801957782345,1.0,0.8671875,0.002112542999384459
candidate_1292,MISSING_2,BLOCK_AUG,0,COMPLETE,5.051009675963746,15.115700105278014,1.0,0.7578125,0.0017312649943050928
candidate_1292,MISSING_2,NO_BLOCK_AUG,1,COMPLETE,10.332161090704984,50.038574958191106,1.0,0.8203125,0.001693280995823443
candidate_1292,MISSING_2,BLOCK_AUG,1,COMPLETE,3.790856536703316,11.723372020451196,1.0,0.75,0.001673076993029099
candidate_1292,MISSING_2,NO_BLOCK_AUG,2,COMPLETE,9.565029695441165,46.00559085047204,1.0,0.828125,0.0016913340004975908
candidate_1292,MISSING_2,BLOCK_AUG,2,COMPLETE,2.482595684514033,15.139919783153442,1.0,0.75,0.0016736890029278584
candidate_1292,MISSING_2,SYMMETRY_DP,,NO_CONTINUOUS_SUPPORTED_PATH,,,,,0.11617243899672758
candidate_1292,MISSING_2,BOUNDARY_CENTER,,COMPLETE,4.444827977590743,18.91731518818355,0.9736842105263158,0.7731958762886598,0.11617243899672758
candidate_1292,MISSING_2,GROOVE_DP,,COMPLETE,14.355128235575943,31.89098966194606,0.9736842105263158,1.0,0.11617243899672758
candidate_1308,FULL,NO_BLOCK_AUG,0,COMPLETE,5.795528819636356,19.670996444349335,1.0,1.0,0.0021049049973953515
candidate_1308,FULL,BLOCK_AUG,0,COMPLETE,4.203672327003617,15.932725236533452,1.0,1.0,0.001720717002172023
candidate_1308,FULL,NO_BLOCK_AUG,1,COMPLETE,2.4518447374036954,10.66813410270327,1.0,1.0,0.001680010995187331
candidate_1308,FULL,BLOCK_AUG,1,COMPLETE,1.8472362656681494,12.50605052516076,1.0,1.0,0.0016734480013838038
candidate_1308,FULL,NO_BLOCK_AUG,2,COMPLETE,5.124523366808614,11.618610929841724,1.0,1.0,0.001698634005151689
candidate_1308,FULL,BLOCK_AUG,2,COMPLETE,2.838999481651477,12.46098027387982,1.0,1.0,0.00166886999795679
candidate_1308,FULL,BOUNDARY_CENTER,,COMPLETE,7.842718898151052,23.811485423505438,1.0,1.0,0.09904309500416275
candidate_1308,FULL,SYMMETRY_DP,,COMPLETE,5.9618693752475185,29.307147989348927,1.0,1.0,0.09904309500416275
candidate_1308,FULL,GROOVE_DP,,COMPLETE,2.2476748183557422,7.693346332274255,1.0,1.0,0.09904309500416275
candidate_1308,MISSING_0,NO_BLOCK_AUG,0,COMPLETE,17.436077476119742,54.14482079273966,1.0,0.6171875,0.0021976220014039427
candidate_1308,MISSING_0,BLOCK_AUG,0,COMPLETE,10.134616715494694,17.842144451986936,1.0,0.8828125,0.0017114559959736653
candidate_1308,MISSING_0,NO_BLOCK_AUG,1,COMPLETE,9.639382057829556,21.928867867088083,1.0,0.921875,0.0017461259994888678
candidate_1308,MISSING_0,BLOCK_AUG,1,COMPLETE,4.324262818521052,13.118931477424175,1.0,0.8828125,0.0017373310038237832
candidate_1308,MISSING_0,NO_BLOCK_AUG,2,COMPLETE,7.274420858441242,13.923365200609943,1.0,0.8828125,0.001704370995867066
candidate_1308,MISSING_0,BLOCK_AUG,2,COMPLETE,5.606776294719763,14.07726862291222,1.0,0.890625,0.0016597970025031827
candidate_1308,MISSING_0,SYMMETRY_DP,,NO_CONTINUOUS_SUPPORTED_PATH,,,,,0.09520257899566786
candidate_1308,MISSING_0,BOUNDARY_CENTER,,COMPLETE,8.108498066701731,27.667169990437042,1.0,0.9333333333333333,0.09520257899566786
candidate_1308,MISSING_0,GROOVE_DP,,COMPLETE,3.0910062421240085,10.758257388143035,1.0,1.0,0.09520257899566786
candidate_1308,MISSING_1,NO_BLOCK_AUG,0,COMPLETE,3.90150141203429,19.413753247575645,1.0,0.765625,0.0027914960010093637
candidate_1308,MISSING_1,BLOCK_AUG,0,COMPLETE,4.680038376487655,16.094821218545164,1.0,0.7578125,0.0018425910020596348
candidate_1308,MISSING_1,NO_BLOCK_AUG,1,COMPLETE,4.249522531238559,18.258197478280263,1.0,0.765625,0.0018551210014265962
candidate_1308,MISSING_1,BLOCK_AUG,1,COMPLETE,1.9833106599014272,14.413730721017004,1.0,0.7578125,0.00178787099866895
candidate_1308,MISSING_1,NO_BLOCK_AUG,2,COMPLETE,4.751817328537047,25.57582405908963,1.0,0.765625,0.001727501003188081
candidate_1308,MISSING_1,BLOCK_AUG,2,COMPLETE,2.7374666393173603,13.445243447895471,1.0,0.7578125,0.0017312049967586063
candidate_1308,MISSING_1,SYMMETRY_DP,,NO_CONTINUOUS_SUPPORTED_PATH,,,,,0.0901659049995942
candidate_1308,MISSING_1,GROOVE_DP,,NO_CONTINUOUS_SUPPORTED_PATH,,,,,0.0901659049995942
candidate_1308,MISSING_1,BOUNDARY_CENTER,,COMPLETE,8.989674335572754,47.129195272236615,1.0,0.7763157894736842,0.0901659049995942
candidate_1308,MISSING_2,NO_BLOCK_AUG,0,COMPLETE,7.924168486315823,17.902622455596195,1.0,0.9375,0.002036508005403448
candidate_1308,MISSING_2,BLOCK_AUG,0,COMPLETE,3.1975469383574566,20.748471987315643,1.0,0.984375,0.001756307996402029
candidate_1308,MISSING_2,NO_BLOCK_AUG,1,COMPLETE,4.078451550313892,25.126764218270164,1.0,0.96875,0.001692266007012222
candidate_1308,MISSING_2,BLOCK_AUG,1,COMPLETE,2.5493126684679073,13.310398912804628,1.0,0.984375,0.0017551729979459196
candidate_1308,MISSING_2,NO_BLOCK_AUG,2,COMPLETE,3.488253469497656,22.055356403347517,1.0,0.984375,0.0017617740013520233
candidate_1308,MISSING_2,BLOCK_AUG,2,COMPLETE,2.894766617488701,15.677018453170742,1.0,0.984375,0.0017264120033360086
candidate_1308,MISSING_2,SYMMETRY_DP,,NO_CONTINUOUS_SUPPORTED_PATH,,,,,0.09164852799585788
candidate_1308,MISSING_2,BOUNDARY_CENTER,,COMPLETE,7.41697673486489,37.95539008368651,0.9918032786885246,0.9868421052631579,0.09164852799585788
candidate_1308,MISSING_2,GROOVE_DP,,COMPLETE,3.240620232251565,40.32365063259746,0.9918032786885246,1.0,0.09164852799585788
candidate_1310,FULL,NO_BLOCK_AUG,0,COMPLETE,9.49299340345494,16.078267503563726,1.0,1.0,0.002628551999805495
candidate_1310,FULL,BLOCK_AUG,0,COMPLETE,3.4238522933301985,9.74686763381253,1.0,1.0,0.0020057719957549125
candidate_1310,FULL,NO_BLOCK_AUG,1,COMPLETE,4.422248244054655,9.950492630003291,1.0,1.0,0.0017891550014610402
candidate_1310,FULL,BLOCK_AUG,1,COMPLETE,4.771783924197498,9.315445808305213,1.0,1.0,0.0017532690035295673
candidate_1310,FULL,NO_BLOCK_AUG,2,COMPLETE,4.404668708647294,13.298812825969627,1.0,1.0,0.0017426910053472966
candidate_1310,FULL,BLOCK_AUG,2,COMPLETE,2.2057660076157393,10.837286181204421,1.0,1.0,0.0017303599961451255
candidate_1310,FULL,BOUNDARY_CENTER,,COMPLETE,9.141344094268048,13.34967459219074,1.0,1.0,0.12802117599494522
candidate_1310,FULL,SYMMETRY_DP,,COMPLETE,51.58634381146339,70.5158520224933,1.0,1.0,0.12802117599494522
candidate_1310,FULL,GROOVE_DP,,COMPLETE,7.23013578202382,13.362551476965912,1.0,1.0,0.12802117599494522
candidate_1310,MISSING_0,NO_BLOCK_AUG,0,COMPLETE,8.987870460607326,19.00006676961354,1.0,0.671875,0.0030221869965316728
candidate_1310,MISSING_0,BLOCK_AUG,0,COMPLETE,4.473181661567793,9.782168484680755,1.0,0.671875,0.0018501679951441474
candidate_1310,MISSING_0,NO_BLOCK_AUG,1,COMPLETE,4.205810242094002,8.428673311900418,1.0,0.671875,0.0017882590036606416
candidate_1310,MISSING_0,BLOCK_AUG,1,COMPLETE,3.727753067291617,8.753807355856068,1.0,0.671875,0.0017608289999770932
candidate_1310,MISSING_0,NO_BLOCK_AUG,2,COMPLETE,7.142284168292254,11.41301626801059,1.0,0.671875,0.001748985996528063
candidate_1310,MISSING_0,BLOCK_AUG,2,COMPLETE,2.580096026266618,11.722001648895843,1.0,0.671875,0.0017187870034831576
candidate_1310,MISSING_0,SYMMETRY_DP,,NO_CONTINUOUS_SUPPORTED_PATH,,,,,0.11297222599387169
candidate_1310,MISSING_0,BOUNDARY_CENTER,,COMPLETE,12.012997561391604,36.41534166211307,0.972972972972973,0.6593406593406593,0.11297222599387169
candidate_1310,MISSING_0,GROOVE_DP,,COMPLETE,13.494100724071568,26.040309513744532,0.972972972972973,1.0,0.11297222599387169
candidate_1310,MISSING_1,NO_BLOCK_AUG,0,COMPLETE,8.190914323575619,43.273685521338706,1.0,0.8828125,0.0024442930007353425
candidate_1310,MISSING_1,BLOCK_AUG,0,COMPLETE,3.229420369395525,10.842693720396944,1.0,0.8828125,0.0017517369997221977
candidate_1310,MISSING_1,NO_BLOCK_AUG,1,COMPLETE,5.990895691924514,15.840661863562707,1.0,0.875,0.00169612900208449
candidate_1310,MISSING_1,BLOCK_AUG,1,COMPLETE,5.409926152324024,10.509183920179723,1.0,0.8828125,0.0016908920006244443
candidate_1310,MISSING_1,NO_BLOCK_AUG,2,COMPLETE,9.283862477704005,18.961761700775874,1.0,0.875,0.001696694002021104
candidate_1310,MISSING_1,BLOCK_AUG,2,COMPLETE,2.7747024497665196,11.493820167534453,1.0,0.8828125,0.001676577994658146
candidate_1310,MISSING_1,SYMMETRY_DP,,NO_CONTINUOUS_SUPPORTED_PATH,,,,,0.11279957599617774
candidate_1310,MISSING_1,BOUNDARY_CENTER,,COMPLETE,8.161862031018618,18.44913896580293,0.972972972972973,0.8817204301075269,0.11279957599617774
candidate_1310,MISSING_1,GROOVE_DP,,COMPLETE,11.175408468513295,35.60751044991532,0.972972972972973,1.0,0.11279957599617774
candidate_1310,MISSING_2,NO_BLOCK_AUG,0,COMPLETE,30.106849438115077,72.90953317386652,1.0,0.5,0.002074633004667703
candidate_1310,MISSING_2,BLOCK_AUG,0,COMPLETE,5.110156828867951,11.557540349956387,1.0,0.609375,0.0017033729964168742
candidate_1310,MISSING_2,NO_BLOCK_AUG,1,COMPLETE,9.681893586479474,44.19128668185907,1.0,0.765625,0.0016872220003278926
candidate_1310,MISSING_2,BLOCK_AUG,1,COMPLETE,7.322390301784151,11.629325251518384,1.0,0.5546875,0.0016863970013218932
candidate_1310,MISSING_2,NO_BLOCK_AUG,2,COMPLETE,6.914863566397714,17.33536212444163,1.0,0.5546875,0.0016770450019976124
candidate_1310,MISSING_2,BLOCK_AUG,2,COMPLETE,5.33662337613991,20.361814687006646,1.0,0.5546875,0.0016869350001798011
candidate_1310,MISSING_2,SYMMETRY_DP,,NO_CONTINUOUS_SUPPORTED_PATH,,,,,0.1121224419985083
candidate_1310,MISSING_2,BOUNDARY_CENTER,,COMPLETE,10.616273906433701,23.45115380677033,1.0,0.6526315789473685,0.1121224419985083
candidate_1310,MISSING_2,GROOVE_DP,,COMPLETE,12.440086657511952,22.764820574942274,1.0,1.0,0.1121224419985083
candidate_1316,FULL,NO_BLOCK_AUG,0,COMPLETE,5.707153032569467,16.353495121682982,1.0,1.0,0.4384741599933477
candidate_1316,FULL,BLOCK_AUG,0,COMPLETE,5.215225675742473,9.182560084682573,1.0,1.0,0.002558167005190626
candidate_1316,FULL,NO_BLOCK_AUG,1,COMPLETE,4.23008346643182,6.9658102242102125,1.0,1.0,0.0018845470040105283
candidate_1316,FULL,BLOCK_AUG,1,COMPLETE,4.546100522679238,11.375729808769654,1.0,1.0,0.001825653002015315
candidate_1316,FULL,NO_BLOCK_AUG,2,COMPLETE,7.867756429202448,23.69429890916734,1.0,1.0,0.0018261129953316413
candidate_1316,FULL,BLOCK_AUG,2,COMPLETE,3.8682427607946224,10.46686859366627,1.0,1.0,0.0017750769984559156
candidate_1316,FULL,BOUNDARY_CENTER,,COMPLETE,9.954224493841327,19.150092294875172,1.0,1.0,0.2954189390002284
candidate_1316,FULL,SYMMETRY_DP,,COMPLETE,23.304563490239595,70.55757339576357,1.0,1.0,0.2954189390002284
candidate_1316,FULL,GROOVE_DP,,COMPLETE,6.91410618797679,12.098257077755482,1.0,1.0,0.2954189390002284
candidate_1316,MISSING_0,NO_BLOCK_AUG,0,COMPLETE,13.313108563523162,48.83535752590072,1.0,0.7578125,0.0023448430001735687
candidate_1316,MISSING_0,BLOCK_AUG,0,COMPLETE,5.764609945802835,11.143749322095497,1.0,0.8203125,0.0018482910018065013
candidate_1316,MISSING_0,NO_BLOCK_AUG,1,COMPLETE,5.419043306032032,19.648738588518075,1.0,0.8515625,0.0018125470014638267
candidate_1316,MISSING_0,BLOCK_AUG,1,COMPLETE,4.875310236852427,9.37551392295013,1.0,0.8203125,0.0018170289986301214
candidate_1316,MISSING_0,NO_BLOCK_AUG,2,COMPLETE,11.922113828664308,20.58555079812554,1.0,0.8203125,0.0018033029991784133
candidate_1316,MISSING_0,BLOCK_AUG,2,COMPLETE,6.3814674309465715,11.749451465217367,1.0,0.8203125,0.001760072002070956
candidate_1316,MISSING_0,SYMMETRY_DP,,NO_CONTINUOUS_SUPPORTED_PATH,,,,,0.1109814559968072
candidate_1316,MISSING_0,BOUNDARY_CENTER,,COMPLETE,10.949793505840729,21.1823890031034,0.9754098360655737,0.8617021276595744,0.1109814559968072
candidate_1316,MISSING_0,GROOVE_DP,,COMPLETE,11.210466702912342,44.34835359164109,0.9754098360655737,1.0,0.1109814559968072
candidate_1316,MISSING_1,NO_BLOCK_AUG,0,COMPLETE,21.14065016255214,40.21542907259271,1.0,0.65625,0.0030347010033437982
candidate_1316,MISSING_1,BLOCK_AUG,0,COMPLETE,4.55070685117586,14.28174476220215,1.0,0.703125,0.002394488998106681
candidate_1316,MISSING_1,NO_BLOCK_AUG,1,COMPLETE,7.690250992096963,24.28038581112632,1.0,0.7109375,0.0023236060005729087
candidate_1316,MISSING_1,BLOCK_AUG,1,COMPLETE,6.467392318111608,16.296121277843962,1.0,0.703125,0.002317733997188043
candidate_1316,MISSING_1,NO_BLOCK_AUG,2,COMPLETE,15.94347672868248,67.64114466286856,1.0,0.578125,0.0023331449992838316
candidate_1316,MISSING_1,BLOCK_AUG,2,COMPLETE,3.9606934609776117,9.71270083140689,1.0,0.6953125,0.0023105389991542324
candidate_1316,MISSING_1,SYMMETRY_DP,,NO_CONTINUOUS_SUPPORTED_PATH,,,,,0.155205795999791
candidate_1316,MISSING_1,BOUNDARY_CENTER,,COMPLETE,8.272774408871516,18.93123415918024,1.0,0.7474747474747475,0.155205795999791
candidate_1316,MISSING_1,GROOVE_DP,,COMPLETE,30.9169282318449,43.624811175321746,1.0,1.0,0.155205795999791
candidate_1316,MISSING_2,NO_BLOCK_AUG,0,COMPLETE,8.58477091556615,60.04146470905763,1.0,0.7265625,0.002299903004313819
candidate_1316,MISSING_2,BLOCK_AUG,0,COMPLETE,4.723096200864162,8.68348297810099,1.0,0.8203125,0.001841024000896141
candidate_1316,MISSING_2,NO_BLOCK_AUG,1,COMPLETE,3.8523876375210833,19.85102319092926,1.0,0.8203125,0.0017900150050991215
candidate_1316,MISSING_2,BLOCK_AUG,1,COMPLETE,7.365357772214496,17.278910444308593,1.0,0.765625,0.001769877999322489
candidate_1316,MISSING_2,NO_BLOCK_AUG,2,COMPLETE,15.731120159833917,58.13601812261786,1.0,0.7734375,0.0017697090006549843
candidate_1316,MISSING_2,BLOCK_AUG,2,COMPLETE,5.1864053623047255,43.949610900801446,1.0,0.734375,0.0017813759986893274
candidate_1316,MISSING_2,SYMMETRY_DP,,NO_CONTINUOUS_SUPPORTED_PATH,,,,,0.1092284250044031
candidate_1316,MISSING_2,BOUNDARY_CENTER,,COMPLETE,10.75921794322339,39.51168201497862,1.0,0.7857142857142857,0.1092284250044031
candidate_1316,MISSING_2,GROOVE_DP,,COMPLETE,7.981146215903616,33.76209494673429,1.0,1.0,0.1092284250044031
candidate_1318,FULL,NO_BLOCK_AUG,0,COMPLETE,4.634618025128483,11.403443613643878,1.0,1.0,0.0021297269995557144
candidate_1318,FULL,BLOCK_AUG,0,COMPLETE,2.9979749281115464,8.61639479180635,1.0,1.0,0.0018296959970030002
candidate_1318,FULL,NO_BLOCK_AUG,1,COMPLETE,3.4376083417559378,5.7500457838724035,1.0,1.0,0.0018126200011465698
candidate_1318,FULL,BLOCK_AUG,1,COMPLETE,4.527900584353498,6.43586607300126,1.0,1.0,0.001804152998374775
candidate_1318,FULL,NO_BLOCK_AUG,2,COMPLETE,5.983863242281965,10.505202232992072,1.0,1.0,0.001776136996340938
candidate_1318,FULL,BLOCK_AUG,2,COMPLETE,2.2541075686225156,5.972144994938981,1.0,1.0,0.0017563400033395737
candidate_1318,FULL,BOUNDARY_CENTER,,COMPLETE,10.423148234258397,23.285284630135383,1.0,1.0,0.11336295700311894
candidate_1318,FULL,SYMMETRY_DP,,COMPLETE,54.24610469153494,68.90615717876683,1.0,1.0,0.11336295700311894
candidate_1318,FULL,GROOVE_DP,,COMPLETE,3.900877872710519,5.599077476183575,1.0,1.0,0.11336295700311894
candidate_1318,MISSING_0,NO_BLOCK_AUG,0,COMPLETE,5.141239199902794,10.64924927337549,1.0,0.9296875,0.004114076997211669
candidate_1318,MISSING_0,BLOCK_AUG,0,COMPLETE,4.149893922769738,8.423679564202438,1.0,0.9296875,0.002550080003857147
candidate_1318,MISSING_0,NO_BLOCK_AUG,1,COMPLETE,3.12986751032919,6.880111489499223,1.0,0.9375,0.0024661099960212596
candidate_1318,MISSING_0,BLOCK_AUG,1,COMPLETE,4.0745935116271585,6.762407537906453,1.0,0.9296875,0.00241270999686094
candidate_1318,MISSING_0,NO_BLOCK_AUG,2,COMPLETE,4.770185511123348,12.700421858548012,1.0,0.9453125,0.002412407993688248
candidate_1318,MISSING_0,BLOCK_AUG,2,COMPLETE,2.4975180939077193,6.319118622332694,1.0,0.9296875,0.002387036998698022
candidate_1318,MISSING_0,SYMMETRY_DP,,NO_CONTINUOUS_SUPPORTED_PATH,,,,,0.14206833400385221
candidate_1318,MISSING_0,BOUNDARY_CENTER,,COMPLETE,15.123476915640554,34.160646848696175,1.0,0.9764705882352941,0.14206833400385221
candidate_1318,MISSING_0,GROOVE_DP,,COMPLETE,3.8852680269496482,6.905346589891207,1.0,1.0,0.14206833400385221
candidate_1318,MISSING_1,NO_BLOCK_AUG,0,COMPLETE,8.579477549157382,19.908649047634047,1.0,0.875,0.002140042997780256
candidate_1318,MISSING_1,BLOCK_AUG,0,COMPLETE,4.035410908267936,10.984756763141434,1.0,0.8984375,0.0017231479941983707
candidate_1318,MISSING_1,NO_BLOCK_AUG,1,COMPLETE,6.47834974119138,12.193905314744566,1.0,0.9453125,0.0017103670033975504
candidate_1318,MISSING_1,BLOCK_AUG,1,COMPLETE,5.967771812127348,12.990173256199334,1.0,0.875,0.001663410999753978
candidate_1318,MISSING_1,NO_BLOCK_AUG,2,COMPLETE,2.7932119059170812,11.450235827682661,1.0,0.8984375,0.0016838439987623133
candidate_1318,MISSING_1,BLOCK_AUG,2,COMPLETE,2.975347987418664,7.430909198972162,1.0,0.890625,0.001686033996520564
candidate_1318,MISSING_1,BOUNDARY_CENTER,,COMPLETE,12.339340925922809,58.2913194762025,1.0,1.0,0.10358787699806271
candidate_1318,MISSING_1,SYMMETRY_DP,,COMPLETE,32.4859066891331,54.590729805315085,1.0,1.0,0.10358787699806271
candidate_1318,MISSING_1,GROOVE_DP,,COMPLETE,2.9761028821291418,6.343639221032747,1.0,1.0,0.10358787699806271
candidate_1318,MISSING_2,NO_BLOCK_AUG,0,COMPLETE,5.915526274023225,19.54088682729678,1.0,0.6640625,0.0027442909995443188
candidate_1318,MISSING_2,BLOCK_AUG,0,COMPLETE,2.8587125352069127,9.210918394912637,1.0,0.6640625,0.0018126170034520328
candidate_1318,MISSING_2,NO_BLOCK_AUG,1,COMPLETE,2.670938773119164,10.162477800501296,1.0,0.671875,0.0017701920005492866
candidate_1318,MISSING_2,BLOCK_AUG,1,COMPLETE,3.9780109347176684,9.359634507071634,1.0,0.6640625,0.0018037530026049353
candidate_1318,MISSING_2,NO_BLOCK_AUG,2,COMPLETE,4.227214475726402,19.067042351300135,1.0,0.765625,0.0017939419994945638
candidate_1318,MISSING_2,BLOCK_AUG,2,COMPLETE,2.6677525315742106,7.6095479178288965,1.0,0.6640625,0.001710083000943996
candidate_1318,MISSING_2,SYMMETRY_DP,,NO_CONTINUOUS_SUPPORTED_PATH,,,,,0.10117911000270396
candidate_1318,MISSING_2,BOUNDARY_CENTER,,COMPLETE,15.391900631142304,49.214056564730896,1.0,0.8181818181818182,0.10117911000270396
candidate_1318,MISSING_2,GROOVE_DP,,COMPLETE,5.922831437183716,16.265313096794628,1.0,1.0,0.10117911000270396
