subject,role,curve_method,mesh_method,successful_seeds,three_seed_complete,query_span_median_mm,query_span_max_mm,bound_span_median_mm,bound_span_max_mm,projection_median_mm
S103,consumed_test_role,BOUNDARY_CENTER,Official,3,True,23.032368104368828,60.7912364241542,25.86817424631695,56.643856050414456,67.94231991343503
S103,consumed_test_role,BOUNDARY_CENTER,Rigid,3,True,23.032368104368828,60.7912364241542,26.212680273286008,60.85699407334898,8.1278583247565
S103,consumed_test_role,BOUNDARY_CENTER,RigidD,3,True,23.032368104368828,60.7912364241542,23.18839463359364,60.83354125271106,1.4787716212705833
S103,consumed_test_role,SYMMETRY_DP,Official,0,False,,,,,
S103,consumed_test_role,SYMMETRY_DP,Rigid,0,False,,,,,
S103,consumed_test_role,SYMMETRY_DP,RigidD,0,False,,,,,
S103,consumed_test_role,GROOVE_DP,Official,3,True,37.63996706079712,65.68686333618727,44.82992422259815,78.03945459472553,67.76031976279167
S103,consumed_test_role,GROOVE_DP,Rigid,3,True,37.63996706079712,65.68686333618727,39.86289227970715,67.77775284592578,10.581257034383642
S103,consumed_test_role,GROOVE_DP,RigidD,3,True,37.63996706079712,65.68686333618727,37.82528949237968,68.07233132556506,2.2007341850640167
S104,dev,BOUNDARY_CENTER,Official,3,True,30.751269302079972,42.39137078008782,12.615850449510312,66.16205247356258,356.59143171324376
S104,dev,BOUNDARY_CENTER,Rigid,3,True,30.751269302079972,42.39137078008782,30.57539616742136,42.3681716653203,16.421045939185102
S104,dev,BOUNDARY_CENTER,RigidD,3,True,30.751269302079972,42.39137078008782,30.357350285567197,42.607368167635336,1.8163742167387387
S104,dev,SYMMETRY_DP,Official,2,False,,,,,
S104,dev,SYMMETRY_DP,Rigid,2,False,,,,,
S104,dev,SYMMETRY_DP,RigidD,2,False,,,,,
S104,dev,GROOVE_DP,Official,3,True,52.62770613589462,74.00454622762277,66.16205247356258,272.9362818189659,353.1159393596172
S104,dev,GROOVE_DP,Rigid,3,True,52.62770613589462,74.00454622762277,53.745309398434664,73.8594609844033,11.399139558080812
S104,dev,GROOVE_DP,RigidD,3,True,52.62770613589462,74.00454622762277,53.17022647079332,74.44719397864455,1.5145311473371397
S107,dev,BOUNDARY_CENTER,Official,3,True,20.394033891254466,29.605861686422255,42.009543052466015,64.85468135582607,95.26934251578258
S107,dev,BOUNDARY_CENTER,Rigid,3,True,20.394033891254466,29.605861686422255,23.549847023725764,33.513747036203235,8.951769765203457
S107,dev,BOUNDARY_CENTER,RigidD,3,True,20.394033891254466,29.605861686422255,20.38581256299254,28.776360700885576,3.0052034248529917
S107,dev,SYMMETRY_DP,Official,1,False,,,,,
S107,dev,SYMMETRY_DP,Rigid,1,False,,,,,
S107,dev,SYMMETRY_DP,RigidD,1,False,,,,,
S107,dev,GROOVE_DP,Official,3,True,33.5542858868567,46.53831541633963,41.62647401587091,70.48667348582755,90.3851245394725
S107,dev,GROOVE_DP,Rigid,3,True,33.5542858868567,46.53831541633963,34.92152658559399,49.13374617686481,6.528678320318075
S107,dev,GROOVE_DP,RigidD,3,True,33.5542858868567,46.53831541633963,33.55495417449798,45.80115584323035,2.0421236622165533
S114,consumed_test_role,BOUNDARY_CENTER,Official,3,True,21.20451900688672,27.661113444885114,15.732700080318276,62.19947690891056,112.18356732657237
S114,consumed_test_role,BOUNDARY_CENTER,Rigid,3,True,21.20451900688672,27.661113444885114,20.864346756456296,26.616100180270365,6.121262131684728
S114,consumed_test_role,BOUNDARY_CENTER,RigidD,3,True,21.20451900688672,27.661113444885114,20.674655325224556,27.277317158399267,1.8730571727849075
S114,consumed_test_role,SYMMETRY_DP,Official,1,False,,,,,
S114,consumed_test_role,SYMMETRY_DP,Rigid,1,False,,,,,
S114,consumed_test_role,SYMMETRY_DP,RigidD,1,False,,,,,
S114,consumed_test_role,GROOVE_DP,Official,3,True,2.9373594190136094,27.428056864413133,2.632824729761074,51.308274363126394,111.15300936242294
S114,consumed_test_role,GROOVE_DP,Rigid,3,True,2.9373594190136094,27.428056864413133,5.5981710462584955,26.81590644258301,3.3616658203547836
S114,consumed_test_role,GROOVE_DP,RigidD,3,True,2.9373594190136094,27.428056864413133,3.3055012608020213,27.35327728071597,1.6118206586167478
S118,consumed_test_role,BOUNDARY_CENTER,Official,3,True,29.00941943805389,52.951923672304396,14.485610165330844,28.523742841578994,181.31092856909245
S118,consumed_test_role,BOUNDARY_CENTER,Rigid,3,True,29.00941943805389,52.951923672304396,30.663149945477677,49.83590175890363,10.2187520808713
S118,consumed_test_role,BOUNDARY_CENTER,RigidD,3,True,29.00941943805389,52.951923672304396,29.530420518331532,53.29640491725251,2.143432747683199
S118,consumed_test_role,SYMMETRY_DP,Official,1,False,,,,,
S118,consumed_test_role,SYMMETRY_DP,Rigid,1,False,,,,,
S118,consumed_test_role,SYMMETRY_DP,RigidD,1,False,,,,,
S118,consumed_test_role,GROOVE_DP,Official,3,True,64.38397070523641,82.42087822683682,30.905923732739012,66.66757315965386,180.0763623758418
S118,consumed_test_role,GROOVE_DP,Rigid,3,True,64.38397070523641,82.42087822683682,62.626748916888104,82.66602863093334,8.45064408048639
S118,consumed_test_role,GROOVE_DP,RigidD,3,True,64.38397070523641,82.42087822683682,63.52290171427993,82.64245585476131,1.2438064112361544
S121,consumed_test_role,BOUNDARY_CENTER,Official,3,True,46.13694337354196,83.99004176739159,63.68114610717611,85.67010647275092,89.03506017183007
S121,consumed_test_role,BOUNDARY_CENTER,Rigid,3,True,46.13694337354196,83.99004176739159,47.760152181527495,81.02193133795713,5.071301897024853
S121,consumed_test_role,BOUNDARY_CENTER,RigidD,3,True,46.13694337354196,83.99004176739159,46.42346525603946,81.98992102841095,1.8578571856274422
S121,consumed_test_role,SYMMETRY_DP,Official,2,False,,,,,
S121,consumed_test_role,SYMMETRY_DP,Rigid,2,False,,,,,
S121,consumed_test_role,SYMMETRY_DP,RigidD,2,False,,,,,
S121,consumed_test_role,GROOVE_DP,Official,3,True,27.783406937920585,42.39197427202348,23.444143496639743,82.49591356510619,80.47103120704197
S121,consumed_test_role,GROOVE_DP,Rigid,3,True,27.783406937920585,42.39197427202348,27.488670768294316,44.53954570615766,3.9501245401080918
S121,consumed_test_role,GROOVE_DP,RigidD,3,True,27.783406937920585,42.39197427202348,27.900348889561396,43.04983771880312,1.8536333096287387
S130,consumed_test_role,BOUNDARY_CENTER,Official,3,True,14.359330586968223,32.241215178287014,14.019045676239294,22.171999170711832,196.37172433795809
S130,consumed_test_role,BOUNDARY_CENTER,Rigid,3,True,14.359330586968223,32.241215178287014,13.142595164607494,31.283042138054682,7.025466641125426
S130,consumed_test_role,BOUNDARY_CENTER,RigidD,3,True,14.359330586968223,32.241215178287014,13.326628514970764,32.11607773698474,2.8146905663257407
S130,consumed_test_role,SYMMETRY_DP,Official,1,False,,,,,
S130,consumed_test_role,SYMMETRY_DP,Rigid,1,False,,,,,
S130,consumed_test_role,SYMMETRY_DP,RigidD,1,False,,,,,
S130,consumed_test_role,GROOVE_DP,Official,3,True,3.1666895060216556,68.14280060902357,1.547363069279541,128.06113296871834,196.4305581829747
S130,consumed_test_role,GROOVE_DP,Rigid,3,True,3.1666895060216556,68.14280060902357,2.9572580257123815,66.49368777611721,2.187493732705127
S130,consumed_test_role,GROOVE_DP,RigidD,3,True,3.1666895060216556,68.14280060902357,2.8280522257152727,68.65072041117783,1.91897395943056
S134,consumed_test_role,BOUNDARY_CENTER,Official,3,True,49.790156587243864,59.05703332184615,44.99020780411394,93.46617402941362,222.92265373492287
S134,consumed_test_role,BOUNDARY_CENTER,Rigid,3,True,49.790156587243864,59.05703332184615,49.271524797821954,69.63744222734282,14.462353995688153
S134,consumed_test_role,BOUNDARY_CENTER,RigidD,3,True,49.790156587243864,59.05703332184615,50.57230565774266,62.297514093942155,2.035633063686206
S134,consumed_test_role,SYMMETRY_DP,Official,0,False,,,,,
S134,consumed_test_role,SYMMETRY_DP,Rigid,0,False,,,,,
S134,consumed_test_role,SYMMETRY_DP,RigidD,0,False,,,,,
S134,consumed_test_role,GROOVE_DP,Official,3,True,3.2193487665696807,30.904121325355973,1.225647716737227,26.034142706270366,217.2779620608834
S134,consumed_test_role,GROOVE_DP,Rigid,3,True,3.2193487665696807,30.904121325355973,14.027800623395237,28.040755014358087,8.869497810731724
S134,consumed_test_role,GROOVE_DP,RigidD,3,True,3.2193487665696807,30.904121325355973,3.512313481835575,31.16085364430627,1.8521440248151233
S140,consumed_test_role,BOUNDARY_CENTER,Official,3,True,36.807947943807534,91.38851554590536,28.626383032918206,55.24146982455303,206.63933577452076
S140,consumed_test_role,BOUNDARY_CENTER,Rigid,3,True,36.807947943807534,91.38851554590536,37.05447490765258,79.77230032188952,6.704037238003715
S140,consumed_test_role,BOUNDARY_CENTER,RigidD,3,True,36.807947943807534,91.38851554590536,36.328386225108424,89.04684021203704,2.280652736975148
S140,consumed_test_role,SYMMETRY_DP,Official,0,False,,,,,
S140,consumed_test_role,SYMMETRY_DP,Rigid,0,False,,,,,
S140,consumed_test_role,SYMMETRY_DP,RigidD,0,False,,,,,
S140,consumed_test_role,GROOVE_DP,Official,2,False,,,,,
S140,consumed_test_role,GROOVE_DP,Rigid,2,False,,,,,
S140,consumed_test_role,GROOVE_DP,RigidD,2,False,,,,,
S141,consumed_test_role,BOUNDARY_CENTER,Official,3,True,27.51128643016872,64.76523357648902,17.115533182684906,73.89669927750549,174.96018120609173
S141,consumed_test_role,BOUNDARY_CENTER,Rigid,3,True,27.51128643016872,64.76523357648902,26.9017927620944,57.10418013636726,4.381623157394513
S141,consumed_test_role,BOUNDARY_CENTER,RigidD,3,True,27.51128643016872,64.76523357648902,27.49727311670654,64.6609698847825,2.017346157782338
S141,consumed_test_role,SYMMETRY_DP,Official,1,False,,,,,
S141,consumed_test_role,SYMMETRY_DP,Rigid,1,False,,,,,
S141,consumed_test_role,SYMMETRY_DP,RigidD,1,False,,,,,
S141,consumed_test_role,GROOVE_DP,Official,2,False,,,,,
S141,consumed_test_role,GROOVE_DP,Rigid,2,False,,,,,
S141,consumed_test_role,GROOVE_DP,RigidD,2,False,,,,,
S145,consumed_test_role,BOUNDARY_CENTER,Official,3,True,21.956411287004332,40.80158146058882,13.971705206634503,84.3735306846266,159.97766563565827
S145,consumed_test_role,BOUNDARY_CENTER,Rigid,3,True,21.956411287004332,40.80158146058882,26.76103955057105,39.60898187605423,7.114401666846329
S145,consumed_test_role,BOUNDARY_CENTER,RigidD,3,True,21.956411287004332,40.80158146058882,23.14715330147352,40.67732075209537,3.629591567320645
S145,consumed_test_role,SYMMETRY_DP,Official,0,False,,,,,
S145,consumed_test_role,SYMMETRY_DP,Rigid,0,False,,,,,
S145,consumed_test_role,SYMMETRY_DP,RigidD,0,False,,,,,
S145,consumed_test_role,GROOVE_DP,Official,3,True,26.001207785276435,61.39907227779634,32.67812582091194,97.0625428976716,161.79100949581857
S145,consumed_test_role,GROOVE_DP,Rigid,3,True,26.001207785276435,61.39907227779634,24.86647963793597,63.13666186739171,2.074876103372174
S145,consumed_test_role,GROOVE_DP,RigidD,3,True,26.001207785276435,61.39907227779634,25.881042750955757,62.157738645438,1.1942909542526987
S151,consumed_test_role,BOUNDARY_CENTER,Official,3,True,40.384729861603155,53.842251589265665,34.76587839445746,190.57488969006593,191.26179380862047
S151,consumed_test_role,BOUNDARY_CENTER,Rigid,3,True,40.384729861603155,53.842251589265665,40.63596552072101,54.71195381007918,3.5669646560697488
S151,consumed_test_role,BOUNDARY_CENTER,RigidD,3,True,40.384729861603155,53.842251589265665,40.35079944829124,53.91162761548787,1.0277895912395447
S151,consumed_test_role,SYMMETRY_DP,Official,0,False,,,,,
S151,consumed_test_role,SYMMETRY_DP,Rigid,0,False,,,,,
S151,consumed_test_role,SYMMETRY_DP,RigidD,0,False,,,,,
S151,consumed_test_role,GROOVE_DP,Official,2,False,,,,,
S151,consumed_test_role,GROOVE_DP,Rigid,2,False,,,,,
S151,consumed_test_role,GROOVE_DP,RigidD,2,False,,,,,
S163,consumed_test_role,BOUNDARY_CENTER,Official,3,True,5.710028640188623,75.61543306661598,2.006439687897745,107.96810031356753,147.02829770517846
S163,consumed_test_role,BOUNDARY_CENTER,Rigid,3,True,5.710028640188623,75.61543306661598,5.405702001680394,74.00210688143248,5.234625619109246
S163,consumed_test_role,BOUNDARY_CENTER,RigidD,3,True,5.710028640188623,75.61543306661598,5.712799371209441,75.81278617890523,1.5319944965014212
S163,consumed_test_role,SYMMETRY_DP,Official,2,False,,,,,
S163,consumed_test_role,SYMMETRY_DP,Rigid,2,False,,,,,
S163,consumed_test_role,SYMMETRY_DP,RigidD,2,False,,,,,
S163,consumed_test_role,GROOVE_DP,Official,3,True,14.69125005195992,48.289850433859414,11.176371108807245,71.50783134753974,144.9964543604763
S163,consumed_test_role,GROOVE_DP,Rigid,3,True,14.69125005195992,48.289850433859414,14.191178150866854,47.246534366525154,7.367297165020659
S163,consumed_test_role,GROOVE_DP,RigidD,3,True,14.69125005195992,48.289850433859414,14.60558885247006,48.59799272353393,2.2319732990589736
S165,dev,BOUNDARY_CENTER,Official,3,True,17.115422257781457,55.827448612457104,15.595698935759794,121.01012432908252,71.7013900973449
S165,dev,BOUNDARY_CENTER,Rigid,3,True,17.115422257781457,55.827448612457104,17.49769326582514,58.504969190847184,5.801497106862918
S165,dev,BOUNDARY_CENTER,RigidD,3,True,17.115422257781457,55.827448612457104,17.040916855975365,55.7839694980177,1.7889216487232211
S165,dev,SYMMETRY_DP,Official,2,False,,,,,
S165,dev,SYMMETRY_DP,Rigid,2,False,,,,,
S165,dev,SYMMETRY_DP,RigidD,2,False,,,,,
S165,dev,GROOVE_DP,Official,3,True,26.41671987587581,34.14332974012699,26.086965107036615,54.15810109128884,72.51230053386325
S165,dev,GROOVE_DP,Rigid,3,True,26.41671987587581,34.14332974012699,24.731623991967055,33.59801875947487,4.867554468228609
S165,dev,GROOVE_DP,RigidD,3,True,26.41671987587581,34.14332974012699,26.04873150092304,34.5083311148635,1.8713375035596005
S170,consumed_test_role,BOUNDARY_CENTER,Official,3,True,8.801690712647959,54.013820994931194,8.324868332180907,31.273040348791678,101.55581725557268
S170,consumed_test_role,BOUNDARY_CENTER,Rigid,3,True,8.801690712647959,54.013820994931194,8.612858668213612,49.6789642207609,8.757628966171188
S170,consumed_test_role,BOUNDARY_CENTER,RigidD,3,True,8.801690712647959,54.013820994931194,9.852231740823761,52.38662594769203,2.352576585486798
S170,consumed_test_role,SYMMETRY_DP,Official,2,False,,,,,
S170,consumed_test_role,SYMMETRY_DP,Rigid,2,False,,,,,
S170,consumed_test_role,SYMMETRY_DP,RigidD,2,False,,,,,
S170,consumed_test_role,GROOVE_DP,Official,3,True,44.01250922033398,61.611674797758404,25.317405304107634,41.98785793635254,101.96595567408967
S170,consumed_test_role,GROOVE_DP,Rigid,3,True,44.01250922033398,61.611674797758404,39.831352190302205,60.27150878688219,10.89974194012435
S170,consumed_test_role,GROOVE_DP,RigidD,3,True,44.01250922033398,61.611674797758404,44.10372916089529,61.20304223419445,1.5190017115580579
S179,consumed_test_role,BOUNDARY_CENTER,Official,3,True,15.422844900520882,59.618042042813116,9.179909395793313,73.6288208572141,170.75202132935968
S179,consumed_test_role,BOUNDARY_CENTER,Rigid,3,True,15.422844900520882,59.618042042813116,15.161919741309893,58.268788901508024,3.481512967226531
S179,consumed_test_role,BOUNDARY_CENTER,RigidD,3,True,15.422844900520882,59.618042042813116,15.360704986431637,59.54958661376104,1.605453784307941
S179,consumed_test_role,SYMMETRY_DP,Official,1,False,,,,,
S179,consumed_test_role,SYMMETRY_DP,Rigid,1,False,,,,,
S179,consumed_test_role,SYMMETRY_DP,RigidD,1,False,,,,,
S179,consumed_test_role,GROOVE_DP,Official,2,False,,,,,
S179,consumed_test_role,GROOVE_DP,Rigid,2,False,,,,,
S179,consumed_test_role,GROOVE_DP,RigidD,2,False,,,,,
S184,consumed_test_role,BOUNDARY_CENTER,Official,3,True,28.690453008227244,106.54687670563804,22.974993620396468,79.77146616020084,53.28433571348412
S184,consumed_test_role,BOUNDARY_CENTER,Rigid,3,True,28.690453008227244,106.54687670563804,27.09665433834057,107.03444978854633,3.930051286945224
S184,consumed_test_role,BOUNDARY_CENTER,RigidD,3,True,28.690453008227244,106.54687670563804,28.77820454940962,106.7096763038906,1.400015967447974
S184,consumed_test_role,SYMMETRY_DP,Official,0,False,,,,,
S184,consumed_test_role,SYMMETRY_DP,Rigid,0,False,,,,,
S184,consumed_test_role,SYMMETRY_DP,RigidD,0,False,,,,,
S184,consumed_test_role,GROOVE_DP,Official,3,True,25.034409338074628,91.68369139066746,18.86975174372793,57.913014559609536,53.90550380787522
S184,consumed_test_role,GROOVE_DP,Rigid,3,True,25.034409338074628,91.68369139066746,23.952761097229594,91.6031632771282,4.223819051806352
S184,consumed_test_role,GROOVE_DP,RigidD,3,True,25.034409338074628,91.68369139066746,24.933818035913127,92.06789324585117,1.3150972516490882
S187,dev,BOUNDARY_CENTER,Official,3,True,20.41638826662407,58.601411673361476,10.434218823645011,26.630126738821296,227.28283934096382
S187,dev,BOUNDARY_CENTER,Rigid,3,True,20.41638826662407,58.601411673361476,21.612394525511633,55.29817859617526,14.809712349922016
S187,dev,BOUNDARY_CENTER,RigidD,3,True,20.41638826662407,58.601411673361476,20.43142617453858,58.34943840456991,2.595404715663716
S187,dev,SYMMETRY_DP,Official,0,False,,,,,
S187,dev,SYMMETRY_DP,Rigid,0,False,,,,,
S187,dev,SYMMETRY_DP,RigidD,0,False,,,,,
S187,dev,GROOVE_DP,Official,2,False,,,,,
S187,dev,GROOVE_DP,Rigid,2,False,,,,,
S187,dev,GROOVE_DP,RigidD,2,False,,,,,
S188,consumed_test_role,BOUNDARY_CENTER,Official,3,True,19.610011904638828,44.366385490187994,1.6820571624737368,28.93073257944772,55.103423895169264
S188,consumed_test_role,BOUNDARY_CENTER,Rigid,3,True,19.610011904638828,44.366385490187994,18.893828754463694,42.44677024272772,7.859364201865127
S188,consumed_test_role,BOUNDARY_CENTER,RigidD,3,True,19.610011904638828,44.366385490187994,18.9694356435499,44.73102412925577,1.4567745551928122
S188,consumed_test_role,SYMMETRY_DP,Official,1,False,,,,,
S188,consumed_test_role,SYMMETRY_DP,Rigid,1,False,,,,,
S188,consumed_test_role,SYMMETRY_DP,RigidD,1,False,,,,,
S188,consumed_test_role,GROOVE_DP,Official,3,True,3.228270000050984,24.20987078645094,3.1310351599182216,18.90655886203401,55.679138045865706
S188,consumed_test_role,GROOVE_DP,Rigid,3,True,3.228270000050984,24.20987078645094,4.232555433160568,21.694557313660948,9.239099062613557
S188,consumed_test_role,GROOVE_DP,RigidD,3,True,3.228270000050984,24.20987078645094,3.2948389140635355,24.113631922704496,1.5490809881021137
S196,consumed_test_role,BOUNDARY_CENTER,Official,3,True,13.218127767920189,52.027613783572605,9.343337741014032,71.59147027520665,138.73919276820914
S196,consumed_test_role,BOUNDARY_CENTER,Rigid,3,True,13.218127767920189,52.027613783572605,12.369375422682218,49.089866698939424,6.9907161981980686
S196,consumed_test_role,BOUNDARY_CENTER,RigidD,3,True,13.218127767920189,52.027613783572605,12.089807233450347,51.7193314257861,2.139391780220127
S196,consumed_test_role,SYMMETRY_DP,Official,0,False,,,,,
S196,consumed_test_role,SYMMETRY_DP,Rigid,0,False,,,,,
S196,consumed_test_role,SYMMETRY_DP,RigidD,0,False,,,,,
S196,consumed_test_role,GROOVE_DP,Official,3,True,34.3326004859587,58.489715748067475,24.000626633252082,89.0753424084394,138.30202186813236
S196,consumed_test_role,GROOVE_DP,Rigid,3,True,34.3326004859587,58.489715748067475,38.35753326258136,61.60127740819776,7.364207768867659
S196,consumed_test_role,GROOVE_DP,RigidD,3,True,34.3326004859587,58.489715748067475,34.164229899186275,58.78921031148811,1.4603394804962004
