subject,split,normal_minus_vector_median_mm,normal_minus_vector_p95_mm,normal_minus_vector_iou,normal_minus_vector_edge_p99,normal_minus_vector_eng_tangent_mm,normal_minus_rigid_median_mm,normal_minus_rigid_iou
S103,test,0.13314474054587633,0.2443266303616607,-0.003781207668553277,0.03019348159945376,-1.3463515168961115,-7.537654320515218,-0.005767948811267409
S104,dev,0.0910820440377118,0.40400276961531123,-0.002996872387207583,-0.07002970257534019,-1.5706279324166224,-7.378795420327597,-0.0014581996486313642
S107,dev,0.4370148581841051,2.24676523864364,-0.0014964802262511512,-0.0725172982315338,-1.433237998770772,-7.173401122391124,-0.0024248001459357127
S114,test,0.08132960703829184,1.0985790337005596,0.0005871281453855293,-0.48393920849810546,-1.182953126634113,-5.866081170939164,-0.006829516653268364
S118,test,0.15056570949120252,0.6324680820618944,0.00020892052271803685,-0.0696131124287615,-1.6566778817287569,-4.1528460754476555,0.006845482743138787
S121,test,0.1128691563909312,0.7119036037106703,0.0007928442110991529,-0.01257889448909394,-0.7603708462498346,-3.553450311220494,-0.016949663316563557
S130,test,0.06951604622719199,-0.4560041717885923,-0.002065263331771927,0.00033323768433762835,-1.8687942662691406,-1.1129597447668416,-0.014896332334429219
S134,test,0.34905455991197387,1.0310048272679495,0.003252063081836898,-0.0319794719524481,-1.9085482033854717,-6.099670273328332,-0.019931710208539788
S140,test,0.3777609061697502,1.23204431008328,0.0016799817967014796,-0.29740724001524715,-2.3926974724535253,-4.308958310764972,-0.008264002257857506
S141,test,0.1516798348005164,0.550901265314625,-0.0040989812951298665,-0.10802237404463977,-1.5755963511338005,-2.2567464862012203,0.012863572331552109
S145,test,0.4329319160628242,1.2014674654838338,1.4906779626677746e-05,-0.022699119765160147,-1.9763954985548433,-3.8150252012398687,-0.00743317902738827
S151,test,0.17611772307438933,0.6602584692824376,-0.00424537528941038,-0.05694150380571619,-1.7314569162158708,-3.862446361595928,-0.012716557243108828
S163,test,0.43061067239555184,0.6754631033589735,0.002106199526564878,0.01770582268606491,-1.4881612387379208,-3.5400487410816472,-0.00959515758176721
S165,dev,0.5360202642568792,2.3437718359072957,-0.0036556894583562594,0.037953888862428176,-0.7002928994863351,-7.826934693394936,-0.008438054575459986
S170,test,0.32857913100260383,0.7872938117879542,-0.0018317768324137562,-0.05912572587465914,-0.9156546726725334,-6.816659092548567,-0.0053053873442072685
S179,test,0.29481307017927794,1.192662727214099,0.0011284181398962811,-0.13522601501636544,-1.098644468258899,-3.9529483062297484,-0.011349467152369175
S184,test,0.4625889436017858,1.3361749712511113,-0.001539364575636748,0.008333228444542762,-1.3894552210630833,-7.273756580845598,-0.013792594904945
S187,dev,0.4109325892260074,1.0626041252364402,-0.0006422013172544538,-0.0051474065574829975,-2.3030504345773783,-6.9563885022857495,-0.02117141603634143
S188,test,0.17753266744357976,0.7735344347135609,-0.0014495827941740647,0.031127009515340642,-0.12368878031806674,-7.0501285295649065,-0.0014495281484188105
S196,test,0.23922897234277318,-0.160546402446073,0.010991082240878636,-0.0022438438627695456,-1.9935184233340548,-2.849317384958798,-0.026211947383392165
