subject,sequence,frame_id,method,absolute_median_mm,absolute_mean_mm,absolute_p90_mm,absolute_p95_mm,absolute_coverage_50mm,aligned_median_mm
Sub03,Date03_Sub03_backpack_back,Sub03/Date03_Sub03_backpack_back/t0014.000,O0,35.37018238558325,46.157343073139884,101.62568187630094,117.43510168994396,0.6316,25.43754362023219
Sub03,Date03_Sub03_backpack_back,Sub03/Date03_Sub03_backpack_back/t0014.000,O1,24.354734423444974,38.22133731120225,87.97424221977856,104.2301997149257,0.6918,25.710795372032088
Sub03,Date03_Sub03_backpack_back,Sub03/Date03_Sub03_backpack_back/t0014.000,O2,16.632792819859414,29.529918477322056,62.83938757328909,93.92246790929936,0.8686,15.171307933937236
Sub03,Date03_Sub03_backpack_back,Sub03/Date03_Sub03_backpack_back/t0014.000,O3,23.90738678903982,37.80873385384168,86.67772440278173,104.79983406799755,0.6972,25.608409305050266
Sub03,Date03_Sub03_backpack_back,Sub03/Date03_Sub03_backpack_back/t0014.000,O4,17.135407718761243,30.189576356985008,63.68524826670354,95.46455495372565,0.867,15.137212579490718
Sub03,Date03_Sub03_backpack_back,Sub03/Date03_Sub03_backpack_back/t0026.000,O0,21.41797241111461,36.718621821015965,55.4124144321205,77.24196707599437,0.8738,17.273307857463987
Sub03,Date03_Sub03_backpack_back,Sub03/Date03_Sub03_backpack_back/t0026.000,O1,21.24009310350079,38.64679797919956,59.516029204220914,82.44215257874598,0.8522,16.741325692735707
Sub03,Date03_Sub03_backpack_back,Sub03/Date03_Sub03_backpack_back/t0026.000,O2,19.884793456372616,35.467450830844676,54.572206430422085,76.02524438131957,0.879,16.81363540582084
Sub03,Date03_Sub03_backpack_back,Sub03/Date03_Sub03_backpack_back/t0026.000,O3,19.365955328084972,38.79186670524111,60.83990534435349,84.16699190137531,0.847,15.578889562913798
Sub03,Date03_Sub03_backpack_back,Sub03/Date03_Sub03_backpack_back/t0026.000,O4,19.451000816610854,36.532485839999765,58.240590309878826,81.02942985017606,0.8688,17.183766940295023
Sub03,Date03_Sub03_backpack_back,Sub03/Date03_Sub03_backpack_back/t0036.000,O0,19.04765015211185,40.22094083007595,53.04382707211436,63.97176863338234,0.879,16.620315097583365
Sub03,Date03_Sub03_backpack_back,Sub03/Date03_Sub03_backpack_back/t0036.000,O1,18.60942857424976,40.292234850296104,53.021342590409475,63.66853768236722,0.8802,16.69697177769453
Sub03,Date03_Sub03_backpack_back,Sub03/Date03_Sub03_backpack_back/t0036.000,O2,17.45355705969768,39.60841309332925,55.872026085276104,70.31063671440477,0.8674,13.589746688290948
Sub03,Date03_Sub03_backpack_back,Sub03/Date03_Sub03_backpack_back/t0036.000,O3,19.919314094052176,44.5360674160332,65.32595174141143,79.87102900261861,0.8116,18.240871330795553
Sub03,Date03_Sub03_backpack_back,Sub03/Date03_Sub03_backpack_back/t0036.000,O4,17.15928315420763,39.406770424640165,55.10255043155372,69.32467959138222,0.8712,13.45009171413442
Sub03,Date03_Sub03_stool_sit,Sub03/Date03_Sub03_stool_sit/t0015.000,O0,68.30504127892475,88.29087125909852,129.31551173505466,144.27623734846048,0.3222,17.13312027984579
Sub03,Date03_Sub03_stool_sit,Sub03/Date03_Sub03_stool_sit/t0015.000,O1,52.109502336259254,67.57630854692687,103.2511622101955,115.33837875412517,0.4754,16.461141950207924
Sub03,Date03_Sub03_stool_sit,Sub03/Date03_Sub03_stool_sit/t0015.000,O2,25.284463926969597,56.16746862416063,83.42950034375869,103.51703279408972,0.779,16.660902003778855
Sub03,Date03_Sub03_stool_sit,Sub03/Date03_Sub03_stool_sit/t0015.000,O3,20.647069857835746,51.06261694287685,62.307968989848355,80.65212545733466,0.8322,16.114735075158173
Sub03,Date03_Sub03_stool_sit,Sub03/Date03_Sub03_stool_sit/t0015.000,O4,25.390651645160716,56.55570665628612,83.27633300369783,102.85998415248494,0.7766,16.923736597644748
Sub03,Date03_Sub03_stool_sit,Sub03/Date03_Sub03_stool_sit/t0027.000,O0,15.349125656026377,27.24269106524816,39.617120882615794,43.55078646187652,0.9856,11.974103176526825
Sub03,Date03_Sub03_stool_sit,Sub03/Date03_Sub03_stool_sit/t0027.000,O1,13.368958815315487,25.79257181318429,34.33562005998606,38.71403806615161,0.9906,12.036793081935777
Sub03,Date03_Sub03_stool_sit,Sub03/Date03_Sub03_stool_sit/t0027.000,O2,12.216345080685546,23.502690523684823,39.73751529346646,47.0845530291293,0.9648,10.724039075481073
Sub03,Date03_Sub03_stool_sit,Sub03/Date03_Sub03_stool_sit/t0027.000,O3,13.055485625164806,24.976571184175917,31.10798910530004,36.984669950827595,0.9928,11.908142625453703
Sub03,Date03_Sub03_stool_sit,Sub03/Date03_Sub03_stool_sit/t0027.000,O4,11.63767756607393,23.60661667504883,38.623816621452505,45.36511078202592,0.9716,10.552311981699136
Sub03,Date03_Sub03_stool_sit,Sub03/Date03_Sub03_stool_sit/t0038.000,O0,13.778086143203996,39.95871565165274,31.378760902350624,47.54177667905272,0.954,10.365708517498387
Sub03,Date03_Sub03_stool_sit,Sub03/Date03_Sub03_stool_sit/t0038.000,O1,13.503669296238376,36.113778732829445,40.301839865016085,48.42446655471594,0.956,10.163148106117191
Sub03,Date03_Sub03_stool_sit,Sub03/Date03_Sub03_stool_sit/t0038.000,O2,13.673205272767463,34.871878564380296,38.9655773658495,45.72090986026374,0.9576,9.02000787309454
Sub03,Date03_Sub03_stool_sit,Sub03/Date03_Sub03_stool_sit/t0038.000,O3,14.620111269660605,35.331335928460376,41.113196280110834,49.02143371337597,0.9558,9.895063797500455
Sub03,Date03_Sub03_stool_sit,Sub03/Date03_Sub03_stool_sit/t0038.000,O4,13.577272180455205,34.70113051935317,37.793370510379006,44.66386372550343,0.958,9.035996308406727
Sub03,Date03_Sub03_yogaball_play,Sub03/Date03_Sub03_yogaball_play/t0014.000,O0,30.8043305078709,84.12786656997766,125.55827630995223,184.31226606618074,0.7056,18.303948334465705
Sub03,Date03_Sub03_yogaball_play,Sub03/Date03_Sub03_yogaball_play/t0014.000,O1,20.360101567257914,70.7917692918362,104.51238586616931,162.5321830577467,0.8032,17.567596434224804
Sub03,Date03_Sub03_yogaball_play,Sub03/Date03_Sub03_yogaball_play/t0014.000,O2,16.600137040346798,60.240473415288726,81.20333105969124,134.9354709492051,0.8344,17.323617074629013
Sub03,Date03_Sub03_yogaball_play,Sub03/Date03_Sub03_yogaball_play/t0014.000,O3,18.848744807474965,66.05443261974803,94.90196518967481,153.13154087664162,0.8214,17.695388102035597
Sub03,Date03_Sub03_yogaball_play,Sub03/Date03_Sub03_yogaball_play/t0014.000,O4,17.180818459234906,60.838078068622146,81.87377666588584,134.72178613236892,0.8276,17.31428458498008
Sub03,Date03_Sub03_yogaball_play,Sub03/Date03_Sub03_yogaball_play/t0025.000,O0,18.146693469708698,37.963418135933836,52.34370262444586,68.8939800547016,0.8858,14.380057016398997
Sub03,Date03_Sub03_yogaball_play,Sub03/Date03_Sub03_yogaball_play/t0025.000,O1,16.645628605741102,33.697191138234295,46.92546358640971,62.63462247431639,0.9104,14.415426469082213
Sub03,Date03_Sub03_yogaball_play,Sub03/Date03_Sub03_yogaball_play/t0025.000,O2,12.734080119391077,26.926693953628646,37.71641294747154,50.70184600002122,0.9488,10.608346210782354
Sub03,Date03_Sub03_yogaball_play,Sub03/Date03_Sub03_yogaball_play/t0025.000,O3,16.516541112967893,32.20890095103187,48.85285674393135,62.28483170998973,0.905,13.912435302615481
Sub03,Date03_Sub03_yogaball_play,Sub03/Date03_Sub03_yogaball_play/t0025.000,O4,12.294579693325753,26.869854826359525,37.64583250299075,50.016519246804954,0.9498,10.841614905186923
Sub03,Date03_Sub03_yogaball_play,Sub03/Date03_Sub03_yogaball_play/t0036.000,O0,31.906772908116253,52.18116594904126,72.73648811052298,87.3100569588784,0.7128,18.52947516498684
Sub03,Date03_Sub03_yogaball_play,Sub03/Date03_Sub03_yogaball_play/t0036.000,O1,16.709310228363055,47.25187153307525,54.02677099790952,86.55749636947664,0.8922,16.147384662496243
Sub03,Date03_Sub03_yogaball_play,Sub03/Date03_Sub03_yogaball_play/t0036.000,O2,16.89319523718057,47.109499499155184,44.29548454984367,68.09930851820344,0.917,15.269668367077418
Sub03,Date03_Sub03_yogaball_play,Sub03/Date03_Sub03_yogaball_play/t0036.000,O3,17.39600940648738,49.60034539648588,55.92700848012375,95.0686943957678,0.8894,16.264715022289742
Sub03,Date03_Sub03_yogaball_play,Sub03/Date03_Sub03_yogaball_play/t0036.000,O4,16.977603543116928,47.08731060109075,45.059293651155784,69.7492926054428,0.9156,15.233563638094576
Sub04,Date03_Sub04_backpack_back,Sub04/Date03_Sub04_backpack_back/t0015.000,O0,14.721158445581281,28.51255659243235,37.061687235089764,49.810780135358584,0.9508,7.7349445601988265
Sub04,Date03_Sub04_backpack_back,Sub04/Date03_Sub04_backpack_back/t0015.000,O1,8.556981221694336,22.064112681958115,24.62891184196447,35.27683512819707,0.9732,7.167860610320753
Sub04,Date03_Sub04_backpack_back,Sub04/Date03_Sub04_backpack_back/t0015.000,O2,8.028157833530383,21.44228075773971,24.552787941617815,31.584359805807036,0.9914,6.612390120756947
Sub04,Date03_Sub04_backpack_back,Sub04/Date03_Sub04_backpack_back/t0015.000,O3,7.205915566625622,21.69497625583186,25.648755066380755,34.551010175227205,0.9756,7.298054385853611
Sub04,Date03_Sub04_backpack_back,Sub04/Date03_Sub04_backpack_back/t0015.000,O4,8.10302935188686,21.497077715323478,24.298339249634953,31.64614032182839,0.9916,6.556116150530137
Sub04,Date03_Sub04_backpack_back,Sub04/Date03_Sub04_backpack_back/t0026.000,O0,20.929512141634767,47.01128022696078,52.57995549895189,60.552298224746764,0.8842,10.381279000209883
Sub04,Date03_Sub04_backpack_back,Sub04/Date03_Sub04_backpack_back/t0026.000,O1,8.728416506685466,35.297203931571744,31.04173031841433,47.02809452401049,0.9558,8.980250081306522
Sub04,Date03_Sub04_backpack_back,Sub04/Date03_Sub04_backpack_back/t0026.000,O2,8.265689096424634,32.89750096252437,27.490611952918243,33.010685521735546,0.9834,8.11263855838024
Sub04,Date03_Sub04_backpack_back,Sub04/Date03_Sub04_backpack_back/t0026.000,O3,9.54379042253992,34.17896196261461,32.95298946187002,40.11154053421276,0.9792,9.010764627312296
Sub04,Date03_Sub04_backpack_back,Sub04/Date03_Sub04_backpack_back/t0026.000,O4,7.838721636698018,33.25405543220192,27.02554145546054,32.50192659050934,0.9836,7.747544004514669
Sub04,Date03_Sub04_backpack_back,Sub04/Date03_Sub04_backpack_back/t0037.000,O0,27.088578860635415,52.59714548259792,62.29476866963458,73.50140492136573,0.8042,13.728042796274007
Sub04,Date03_Sub04_backpack_back,Sub04/Date03_Sub04_backpack_back/t0037.000,O1,11.261681610886118,32.89035853449814,34.33204621972728,52.448533523251754,0.9388,9.957302187161659
Sub04,Date03_Sub04_backpack_back,Sub04/Date03_Sub04_backpack_back/t0037.000,O2,8.824553974375004,34.74697497760928,31.798387185766888,51.56582146430759,0.9466,8.743591918231731
Sub04,Date03_Sub04_backpack_back,Sub04/Date03_Sub04_backpack_back/t0037.000,O3,11.496344112142275,33.869689547769426,37.04847505293672,56.489382135999065,0.937,9.896819026829657
Sub04,Date03_Sub04_backpack_back,Sub04/Date03_Sub04_backpack_back/t0037.000,O4,8.927799196282383,34.25959932537046,30.93575074355452,48.218118170529586,0.9538,8.53662907185578
Sub04,Date03_Sub04_stool_sit,Sub04/Date03_Sub04_stool_sit/t0015.000,O0,16.94819719067128,26.071893488868657,42.43444508754914,52.968073342969134,0.9396,9.83417933833023
Sub04,Date03_Sub04_stool_sit,Sub04/Date03_Sub04_stool_sit/t0015.000,O1,13.245366427990353,21.571057072192996,33.364865174295595,38.988893699480435,0.974,8.817273741205806
Sub04,Date03_Sub04_stool_sit,Sub04/Date03_Sub04_stool_sit/t0015.000,O2,9.928866685909316,17.91512869090588,28.30677541307134,33.13994878731817,0.9896,8.344236311799886
Sub04,Date03_Sub04_stool_sit,Sub04/Date03_Sub04_stool_sit/t0015.000,O3,12.695919497166045,20.301473260307777,33.35526093559256,37.5866937104078,0.9788,10.226149821943466
Sub04,Date03_Sub04_stool_sit,Sub04/Date03_Sub04_stool_sit/t0015.000,O4,9.601022663407564,18.1180832780944,28.725299126916067,33.25749365461386,0.9896,8.222258448719177
Sub04,Date03_Sub04_stool_sit,Sub04/Date03_Sub04_stool_sit/t0027.000,O0,16.109022499502647,39.615132138730715,80.86513401643585,109.71678380486833,0.8254,13.213359972260768
Sub04,Date03_Sub04_stool_sit,Sub04/Date03_Sub04_stool_sit/t0027.000,O1,14.242060098348066,32.132507258238995,67.8265138056993,95.65634254266473,0.8664,14.728235985321199
Sub04,Date03_Sub04_stool_sit,Sub04/Date03_Sub04_stool_sit/t0027.000,O2,16.880746837567695,35.28418146076299,78.83303859250336,96.77243276002062,0.8018,17.84063167824949
Sub04,Date03_Sub04_stool_sit,Sub04/Date03_Sub04_stool_sit/t0027.000,O3,16.77938794572428,35.200105367567275,74.66443648193753,102.96916502786767,0.8294,16.165785473969507
Sub04,Date03_Sub04_stool_sit,Sub04/Date03_Sub04_stool_sit/t0027.000,O4,17.314411376630616,35.81143639647281,80.40885111288317,99.05214990466797,0.7984,18.013518957889737
Sub04,Date03_Sub04_stool_sit,Sub04/Date03_Sub04_stool_sit/t0038.000,O0,32.89289389052219,41.52948181022853,71.61180759480496,81.04020602716446,0.6768,12.400785003880912
Sub04,Date03_Sub04_stool_sit,Sub04/Date03_Sub04_stool_sit/t0038.000,O1,12.892487810644333,27.525938130404953,35.02751335881008,47.39414077395868,0.9586,11.869925964384187
Sub04,Date03_Sub04_stool_sit,Sub04/Date03_Sub04_stool_sit/t0038.000,O2,11.386948841367332,22.244781310311666,31.230295377092276,40.8593512796553,0.9738,10.016394724478094
Sub04,Date03_Sub04_stool_sit,Sub04/Date03_Sub04_stool_sit/t0038.000,O3,11.795462930356472,26.035714765350967,33.873061006856716,47.650990944307765,0.958,11.918720463458808
Sub04,Date03_Sub04_stool_sit,Sub04/Date03_Sub04_stool_sit/t0038.000,O4,10.922652921052004,22.161608697864704,30.49687230639875,40.689105019847474,0.9734,9.819602263204029
Sub04,Date03_Sub04_yogaball_play,Sub04/Date03_Sub04_yogaball_play/t0010.000,O0,44.22409106732262,56.28398261236005,90.38054640187536,101.06761589338615,0.5572,11.137460615925225
Sub04,Date03_Sub04_yogaball_play,Sub04/Date03_Sub04_yogaball_play/t0010.000,O1,11.462372703083805,26.519786639951477,32.40338156654982,41.77189796793381,0.9626,8.971582616508023
Sub04,Date03_Sub04_yogaball_play,Sub04/Date03_Sub04_yogaball_play/t0010.000,O2,7.3554742738226855,24.217979091275822,22.974346395494585,41.24767430243962,0.9646,6.826153089589271
Sub04,Date03_Sub04_yogaball_play,Sub04/Date03_Sub04_yogaball_play/t0010.000,O3,10.24878432225114,25.548874912968238,29.962112493375436,42.28374728794863,0.961,8.576834222192897
Sub04,Date03_Sub04_yogaball_play,Sub04/Date03_Sub04_yogaball_play/t0010.000,O4,7.480118755527732,23.599098780588307,23.349724830920746,42.80852126734609,0.9626,6.7084007630525395
Sub04,Date03_Sub04_yogaball_play,Sub04/Date03_Sub04_yogaball_play/t0022.000,O0,33.424803559669925,52.8650536213009,87.42636882708803,105.26862779834268,0.6648,22.112470393802134
Sub04,Date03_Sub04_yogaball_play,Sub04/Date03_Sub04_yogaball_play/t0022.000,O1,10.874715604458377,29.080573107734068,36.01380042251044,52.842218092437825,0.943,8.971659199073553
Sub04,Date03_Sub04_yogaball_play,Sub04/Date03_Sub04_yogaball_play/t0022.000,O2,7.852571767021558,27.230484299356498,31.874321465450173,60.97589863748118,0.9288,7.448487376534752
Sub04,Date03_Sub04_yogaball_play,Sub04/Date03_Sub04_yogaball_play/t0022.000,O3,8.800777098690148,26.951070249802964,34.18352981261742,54.29228882450937,0.9396,8.807981897052734
Sub04,Date03_Sub04_yogaball_play,Sub04/Date03_Sub04_yogaball_play/t0022.000,O4,7.691645019350515,27.03046042131218,31.79430606547285,59.7459994200087,0.9306,7.4122905453458845
Sub04,Date03_Sub04_yogaball_play,Sub04/Date03_Sub04_yogaball_play/t0034.000,O0,32.79403230253426,43.184910400910375,76.00422850606846,84.46595885940408,0.6956,14.019744939218885
Sub04,Date03_Sub04_yogaball_play,Sub04/Date03_Sub04_yogaball_play/t0034.000,O1,13.739845688767714,23.476535718617747,36.34262876431244,45.72041285652275,0.9574,11.169905015944714
Sub04,Date03_Sub04_yogaball_play,Sub04/Date03_Sub04_yogaball_play/t0034.000,O2,11.821013089105982,21.755127071027086,30.425525085067218,45.89219783915117,0.9532,7.6094758852595445
Sub04,Date03_Sub04_yogaball_play,Sub04/Date03_Sub04_yogaball_play/t0034.000,O3,13.044895928798297,23.003744911435614,35.50529739797416,45.746861365177885,0.9586,10.807233899353438
Sub04,Date03_Sub04_yogaball_play,Sub04/Date03_Sub04_yogaball_play/t0034.000,O4,12.160412658381095,21.931825620530827,30.314233750173237,45.677695069314375,0.9532,7.446420161826978
Sub05,Date03_Sub05_backpack,Sub05/Date03_Sub05_backpack/t0035.000,O0,54.61647336883398,114.4232080089748,116.3430841083074,132.67177325311323,0.4636,15.804278804922504
Sub05,Date03_Sub05_backpack,Sub05/Date03_Sub05_backpack/t0035.000,O1,16.78294739122428,44.25004777302796,43.875433524438996,53.84761201083438,0.935,12.421487359086509
Sub05,Date03_Sub05_backpack,Sub05/Date03_Sub05_backpack/t0035.000,O2,13.329691880629309,38.442759284194665,40.212950963036576,46.139628970898364,0.9592,11.493942439555566
Sub05,Date03_Sub05_backpack,Sub05/Date03_Sub05_backpack/t0035.000,O3,13.334458530701607,41.163772473239284,37.32113056328622,49.69067733025765,0.9508,12.70764079349083
Sub05,Date03_Sub05_backpack,Sub05/Date03_Sub05_backpack/t0035.000,O4,12.768077307231884,38.07138983445699,38.26492625292295,45.15131282095884,0.959,11.082858003393046
Sub05,Date03_Sub05_backpack,Sub05/Date03_Sub05_backpack/t0070.000,O0,39.54183167759986,55.607430543797626,75.16927457034579,88.41087526219404,0.6384,13.619453707509557
Sub05,Date03_Sub05_backpack,Sub05/Date03_Sub05_backpack/t0070.000,O1,14.973444318640206,31.372765175474015,35.22326424830973,42.19939927242628,0.976,10.536755972625501
Sub05,Date03_Sub05_backpack,Sub05/Date03_Sub05_backpack/t0070.000,O2,16.108079913456802,32.73507003643139,35.12323561951662,42.61295211844224,0.9634,12.789656222543933
Sub05,Date03_Sub05_backpack,Sub05/Date03_Sub05_backpack/t0070.000,O3,14.680998818799148,31.13330994966447,32.97034482203226,40.90154119575201,0.9818,10.62423430295102
Sub05,Date03_Sub05_backpack,Sub05/Date03_Sub05_backpack/t0070.000,O4,15.298195674031527,32.50956962196472,33.989087311796695,41.075629777300705,0.9656,12.474401519416931
Sub05,Date03_Sub05_backpack,Sub05/Date03_Sub05_backpack/t0101.000,O0,39.37973644073234,128.9438024610489,83.45372780108352,100.66375452127522,0.6154,19.644339975267805
Sub05,Date03_Sub05_backpack,Sub05/Date03_Sub05_backpack/t0101.000,O1,18.76901000687566,109.3860897893278,36.12699179860652,46.56714821478926,0.9564,10.98247805119453
Sub05,Date03_Sub05_backpack,Sub05/Date03_Sub05_backpack/t0101.000,O2,16.23424038124361,103.77260055869431,34.78482037118363,52.53630743407824,0.947,12.761870136347069
Sub05,Date03_Sub05_backpack,Sub05/Date03_Sub05_backpack/t0101.000,O3,16.62746059610117,106.2557138258334,39.527507585887115,50.48028196988803,0.9482,10.949671688235227
Sub05,Date03_Sub05_backpack,Sub05/Date03_Sub05_backpack/t0101.000,O4,15.345662595829126,103.37495822485904,34.8188224794017,53.067433935243976,0.9466,12.696484947880844
Sub05,Date03_Sub05_stool,Sub05/Date03_Sub05_stool/t0019.000,O0,23.064470552013212,34.99187090439792,59.30461291722772,83.79686814930866,0.818,9.78925712825897
Sub05,Date03_Sub05_stool,Sub05/Date03_Sub05_stool/t0019.000,O1,13.220342408463797,26.957039557055115,43.17363711390476,65.0387624978944,0.919,9.321834018990259
Sub05,Date03_Sub05_stool,Sub05/Date03_Sub05_stool/t0019.000,O2,14.25903779583928,27.9934726723303,32.93352531006557,39.90781636640272,0.9718,10.834763523028332
Sub05,Date03_Sub05_stool,Sub05/Date03_Sub05_stool/t0019.000,O3,13.472201309752016,28.44075172537248,42.29308035001188,61.11139661688517,0.927,9.30151684925103
Sub05,Date03_Sub05_stool,Sub05/Date03_Sub05_stool/t0019.000,O4,13.703700470281817,27.619323194658744,32.662347849816676,39.40205872659314,0.9706,10.169565595081199
Sub05,Date03_Sub05_stool,Sub05/Date03_Sub05_stool/t0035.000,O0,42.16316220917952,65.18345383674954,103.10026912404369,124.11921044162958,0.5752,19.049679154999517
Sub05,Date03_Sub05_stool,Sub05/Date03_Sub05_stool/t0035.000,O1,16.623275346865196,32.12879941359102,45.45748248070551,53.57505917175768,0.9294,12.84856721994037
Sub05,Date03_Sub05_stool,Sub05/Date03_Sub05_stool/t0035.000,O2,16.076440911317114,31.018504396123816,44.57639895241071,51.45769890362926,0.9394,12.28599785776743
Sub05,Date03_Sub05_stool,Sub05/Date03_Sub05_stool/t0035.000,O3,15.12933127368538,32.05954168834374,41.043059980645204,47.891591748437335,0.9572,11.56357622594396
Sub05,Date03_Sub05_stool,Sub05/Date03_Sub05_stool/t0035.000,O4,16.693846364111046,30.90476591770813,42.11009451136912,49.20466180412211,0.9524,11.3341171376833
Sub05,Date03_Sub05_stool,Sub05/Date03_Sub05_stool/t0050.000,O0,48.20671509913417,68.77630367451742,125.85003433204064,141.37482946002575,0.523,25.853077289012173
Sub05,Date03_Sub05_stool,Sub05/Date03_Sub05_stool/t0050.000,O1,19.113153084223566,29.09328207430046,40.35774282695577,45.26148557804804,0.9634,9.158704121662335
Sub05,Date03_Sub05_stool,Sub05/Date03_Sub05_stool/t0050.000,O2,11.028325197932688,23.875330494573635,30.289531110893737,42.08492433958767,0.9708,9.361460381432135
Sub05,Date03_Sub05_stool,Sub05/Date03_Sub05_stool/t0050.000,O3,11.764026781593552,24.145366676702118,32.15355800349194,41.48319173683818,0.9664,8.565554423521785
Sub05,Date03_Sub05_stool,Sub05/Date03_Sub05_stool/t0050.000,O4,10.746355879658317,23.91547180828609,30.807313737907894,41.09456440783701,0.9764,9.016641955049899
Sub05,Date03_Sub05_yogaball,Sub05/Date03_Sub05_yogaball/t0019.000,O0,30.730019497662767,43.34130725617676,79.80666320737797,94.48934815105869,0.7202,19.967806031788037
Sub05,Date03_Sub05_yogaball,Sub05/Date03_Sub05_yogaball/t0019.000,O1,11.189635299965357,24.185454070156542,42.204248708675024,50.61298679947339,0.947,11.190717297555185
Sub05,Date03_Sub05_yogaball,Sub05/Date03_Sub05_yogaball/t0019.000,O2,14.182350640659365,23.055203775628122,35.638079180781986,39.24401456795721,0.997,11.91123635652259
Sub05,Date03_Sub05_yogaball,Sub05/Date03_Sub05_yogaball/t0019.000,O3,13.940627507299912,23.323924622400916,36.35355888729644,40.620348727280394,0.992,10.582578056906994
Sub05,Date03_Sub05_yogaball,Sub05/Date03_Sub05_yogaball/t0019.000,O4,13.778536667258997,22.84334611257854,35.7572518612134,39.74086167131622,0.997,11.619493247132091
Sub05,Date03_Sub05_yogaball,Sub05/Date03_Sub05_yogaball/t0035.000,O0,38.433703942590384,60.684600196132635,89.40042693947603,105.98421304537833,0.6218,24.770288363002223
Sub05,Date03_Sub05_yogaball,Sub05/Date03_Sub05_yogaball/t0035.000,O1,15.800855319222952,38.670029729291635,37.35840952624939,41.825149010592355,0.9702,9.600189395839234
Sub05,Date03_Sub05_yogaball,Sub05/Date03_Sub05_yogaball/t0035.000,O2,10.286529214893912,36.789787988818716,30.317971254748592,41.455069612111906,0.973,7.957513066091497
Sub05,Date03_Sub05_yogaball,Sub05/Date03_Sub05_yogaball/t0035.000,O3,11.997357803377728,38.01199991575621,32.13160340675737,36.913980685913174,0.9702,9.81082662922878
Sub05,Date03_Sub05_yogaball,Sub05/Date03_Sub05_yogaball/t0035.000,O4,10.155398714357542,36.171859143094494,29.808880761870142,40.18056829732085,0.9748,8.026971309343448
Sub05,Date03_Sub05_yogaball,Sub05/Date03_Sub05_yogaball/t0051.000,O0,61.1785991769949,76.36469747199877,124.53752505283462,139.5426559957416,0.393,23.266380018463714
Sub05,Date03_Sub05_yogaball,Sub05/Date03_Sub05_yogaball/t0051.000,O1,16.84851720445841,36.2803417379374,41.14935387270835,50.75437830980526,0.9488,11.825700861609356
Sub05,Date03_Sub05_yogaball,Sub05/Date03_Sub05_yogaball/t0051.000,O2,12.622287576374568,36.82320768073734,35.44336046492057,60.2011426139567,0.9416,8.409797753109698
Sub05,Date03_Sub05_yogaball,Sub05/Date03_Sub05_yogaball/t0051.000,O3,15.482203511379772,36.40134886863954,42.915562739745084,54.43667698714055,0.9304,11.42733483332244
Sub05,Date03_Sub05_yogaball,Sub05/Date03_Sub05_yogaball/t0051.000,O4,12.333469054115898,36.61086186102469,34.60999788887093,58.56015114061908,0.9424,8.426353735654416
Sub06,Date05_Sub06_backpack_back,Sub06/Date05_Sub06_backpack_back/t0015.000,O0,23.8413849676247,48.76839594383094,62.62170782504029,82.53384781471617,0.8362,17.363421862298047
Sub06,Date05_Sub06_backpack_back,Sub06/Date05_Sub06_backpack_back/t0015.000,O1,17.57721938256047,45.54495368306024,52.88075599127408,68.48000938027262,0.8872,17.116849236177522
Sub06,Date05_Sub06_backpack_back,Sub06/Date05_Sub06_backpack_back/t0015.000,O2,13.295449280542938,42.95730229612387,54.77862650546132,72.07699157436203,0.8834,13.690202510701582
Sub06,Date05_Sub06_backpack_back,Sub06/Date05_Sub06_backpack_back/t0015.000,O3,17.65574084904307,44.89529327825132,47.88446121602023,63.09008790419089,0.9082,17.31111878125378
Sub06,Date05_Sub06_backpack_back,Sub06/Date05_Sub06_backpack_back/t0015.000,O4,13.303928717233246,42.93318208591104,54.621757742905736,72.07868143627418,0.8826,13.543179607203236
Sub06,Date05_Sub06_backpack_back,Sub06/Date05_Sub06_backpack_back/t0026.000,O0,12.49420227605721,34.53613799374603,31.18090049720849,38.29555389500243,0.9818,10.232650923926453
Sub06,Date05_Sub06_backpack_back,Sub06/Date05_Sub06_backpack_back/t0026.000,O1,12.689847284159697,35.069329368359796,32.03638732689722,39.11753259817929,0.9808,10.220402512725087
Sub06,Date05_Sub06_backpack_back,Sub06/Date05_Sub06_backpack_back/t0026.000,O2,13.892360205126165,39.497391932144595,38.038969919884934,46.796991329497644,0.9632,10.201669045793686
Sub06,Date05_Sub06_backpack_back,Sub06/Date05_Sub06_backpack_back/t0026.000,O3,14.26459559097399,36.33796029830053,34.68639202356565,43.37040116831077,0.9702,10.093438900309337
Sub06,Date05_Sub06_backpack_back,Sub06/Date05_Sub06_backpack_back/t0026.000,O4,14.414216417310328,39.15450727925838,38.12862747967724,46.99857232797178,0.9632,9.990264678485012
Sub06,Date05_Sub06_backpack_back,Sub06/Date05_Sub06_backpack_back/t0038.000,O0,27.32337333782189,45.059424857098435,59.350182993985115,69.72110237207738,0.8386,16.525243065887643
Sub06,Date05_Sub06_backpack_back,Sub06/Date05_Sub06_backpack_back/t0038.000,O1,16.335006946363933,35.58463122496223,46.49246723733338,60.06762859373321,0.9148,15.98679970978365
Sub06,Date05_Sub06_backpack_back,Sub06/Date05_Sub06_backpack_back/t0038.000,O2,12.238463335460569,33.84700731583446,47.88478310472126,69.04086551166536,0.9048,12.870143524902982
Sub06,Date05_Sub06_backpack_back,Sub06/Date05_Sub06_backpack_back/t0038.000,O3,15.415611999631,35.68275467022363,47.106001196076775,61.717408017531056,0.912,16.045078506536978
Sub06,Date05_Sub06_backpack_back,Sub06/Date05_Sub06_backpack_back/t0038.000,O4,11.545048035200452,34.012859662829904,48.52278801502897,69.85000081487624,0.9032,13.037077538068864
Sub06,Date05_Sub06_stool_sit,Sub06/Date05_Sub06_stool_sit/t0015.000,O0,25.698059571282997,46.30803256235812,72.67517173269695,94.03279169525312,0.7772,18.794419299519532
Sub06,Date05_Sub06_stool_sit,Sub06/Date05_Sub06_stool_sit/t0015.000,O1,21.861102656100933,47.02599702953409,67.5887744168178,96.75656182583643,0.8156,18.7608176068118
Sub06,Date05_Sub06_stool_sit,Sub06/Date05_Sub06_stool_sit/t0015.000,O2,17.67923141439517,48.007340126689094,73.81998025327246,103.39799295192982,0.8176,16.943301754148063
Sub06,Date05_Sub06_stool_sit,Sub06/Date05_Sub06_stool_sit/t0015.000,O3,20.534103195704137,46.68593522057761,67.44527053134965,94.93097114486821,0.8326,18.880351770372478
Sub06,Date05_Sub06_stool_sit,Sub06/Date05_Sub06_stool_sit/t0015.000,O4,17.711952906901573,48.37829242832291,74.50158521650616,105.58464573697552,0.8156,16.8301761805169
Sub06,Date05_Sub06_stool_sit,Sub06/Date05_Sub06_stool_sit/t0027.000,O0,32.8469879990312,63.10431523745691,80.90123940810876,97.58370065972481,0.7044,17.095389143224963
Sub06,Date05_Sub06_stool_sit,Sub06/Date05_Sub06_stool_sit/t0027.000,O1,26.336649760695998,56.64079197879515,68.88383032508844,84.5616943978026,0.8064,16.819777044442226
Sub06,Date05_Sub06_stool_sit,Sub06/Date05_Sub06_stool_sit/t0027.000,O2,23.385503409128887,54.37933632088725,70.9990050796166,82.53990455719543,0.7858,17.69754852639837
Sub06,Date05_Sub06_stool_sit,Sub06/Date05_Sub06_stool_sit/t0027.000,O3,25.84061735168042,55.330939860288495,72.05695899485629,86.50306965504569,0.7922,16.769950954620256
Sub06,Date05_Sub06_stool_sit,Sub06/Date05_Sub06_stool_sit/t0027.000,O4,23.01134367493433,53.94911983423561,72.54929700700305,83.88413365298172,0.785,17.479274267722396
Sub06,Date05_Sub06_stool_sit,Sub06/Date05_Sub06_stool_sit/t0038.000,O0,38.21124395560034,57.95584903776429,119.58463622476737,154.88138446419276,0.605,19.721749299450018
Sub06,Date05_Sub06_stool_sit,Sub06/Date05_Sub06_stool_sit/t0038.000,O1,30.85536005979752,45.67585849681756,108.23333081924399,133.63228358098783,0.6922,18.875283070135836
Sub06,Date05_Sub06_stool_sit,Sub06/Date05_Sub06_stool_sit/t0038.000,O2,27.007985000125114,41.238609839727744,107.85410457305133,135.19300119969384,0.753,19.12250790841226
Sub06,Date05_Sub06_stool_sit,Sub06/Date05_Sub06_stool_sit/t0038.000,O3,29.60507073125655,43.151336243318326,106.61690560138614,129.42408811072812,0.721,18.726203077931864
Sub06,Date05_Sub06_stool_sit,Sub06/Date05_Sub06_stool_sit/t0038.000,O4,25.113151650880102,40.96989966801602,105.79114433744569,136.80718119145533,0.7444,19.673758635665276
Sub06,Date05_Sub06_yogaball_play,Sub06/Date05_Sub06_yogaball_play/t0012.000,O0,30.11309435268067,52.18284512449392,65.72233542576528,90.46031687351282,0.8054,14.836409403277944
Sub06,Date05_Sub06_yogaball_play,Sub06/Date05_Sub06_yogaball_play/t0012.000,O1,20.15670824702633,51.87760670983583,52.5654564667295,71.39939181247298,0.8852,15.012405275169524
Sub06,Date05_Sub06_yogaball_play,Sub06/Date05_Sub06_yogaball_play/t0012.000,O2,18.62693598376461,47.43215785170503,51.45792585526962,65.49937944193763,0.8934,16.02562559667954
Sub06,Date05_Sub06_yogaball_play,Sub06/Date05_Sub06_yogaball_play/t0012.000,O3,17.981156757790345,50.30968922099166,51.95185968024797,71.18303513735032,0.8906,15.167348451102516
Sub06,Date05_Sub06_yogaball_play,Sub06/Date05_Sub06_yogaball_play/t0012.000,O4,18.592629722412386,47.39071450664982,51.64404520245101,65.48488238537205,0.8926,15.960199621678079
Sub06,Date05_Sub06_yogaball_play,Sub06/Date05_Sub06_yogaball_play/t0024.000,O0,50.56496973699487,53.95224172796419,100.45779514080496,144.79595414459706,0.4926,18.134554994588335
Sub06,Date05_Sub06_yogaball_play,Sub06/Date05_Sub06_yogaball_play/t0024.000,O1,40.788478935437354,46.078959961288454,87.95953185959426,131.25466703678575,0.5986,18.00045723870002
Sub06,Date05_Sub06_yogaball_play,Sub06/Date05_Sub06_yogaball_play/t0024.000,O2,43.580404459256016,48.984685962678526,89.68240094615012,103.76112678541269,0.5512,18.838797222443652
Sub06,Date05_Sub06_yogaball_play,Sub06/Date05_Sub06_yogaball_play/t0024.000,O3,32.635688866011634,39.05745046525039,71.22727554812575,111.72553621029725,0.6854,18.25387090360639
Sub06,Date05_Sub06_yogaball_play,Sub06/Date05_Sub06_yogaball_play/t0024.000,O4,42.50273517316725,47.99446491518162,88.7880463819851,102.2689351397809,0.5612,18.805267367044465
Sub06,Date05_Sub06_yogaball_play,Sub06/Date05_Sub06_yogaball_play/t0034.000,O0,31.885200345276647,64.1591804485519,83.83575407495319,99.02023661854588,0.665,20.63386521113575
Sub06,Date05_Sub06_yogaball_play,Sub06/Date05_Sub06_yogaball_play/t0034.000,O1,20.91144984893653,52.341362611752366,71.17407072785802,84.5336664669686,0.776,20.788940091001592
Sub06,Date05_Sub06_yogaball_play,Sub06/Date05_Sub06_yogaball_play/t0034.000,O2,15.660345417821528,43.47270591816026,55.33708551310197,69.52217705304413,0.866,14.175516159423331
Sub06,Date05_Sub06_yogaball_play,Sub06/Date05_Sub06_yogaball_play/t0034.000,O3,19.60448834689606,49.30602638083367,67.72334094368759,80.12110608360376,0.8084,20.236133135059013
Sub06,Date05_Sub06_yogaball_play,Sub06/Date05_Sub06_yogaball_play/t0034.000,O4,15.334644519558779,43.77318550359706,55.3972043453463,69.61395867634097,0.862,14.167071831192867
Sub07,Date06_Sub07_backpack_back,Sub07/Date06_Sub07_backpack_back/t0015.000,O0,25.086085356812482,67.90705560354114,62.084517470445455,83.28149431682338,0.865,16.080504194197225
Sub07,Date06_Sub07_backpack_back,Sub07/Date06_Sub07_backpack_back/t0015.000,O1,19.535127421172326,66.79449881083684,68.44989031348905,94.28838028268878,0.8612,14.047138150390209
Sub07,Date06_Sub07_backpack_back,Sub07/Date06_Sub07_backpack_back/t0015.000,O2,14.986080383017686,64.32975468575943,64.85554694895544,92.60902430989387,0.8472,14.141941792806733
Sub07,Date06_Sub07_backpack_back,Sub07/Date06_Sub07_backpack_back/t0015.000,O3,16.62294894272572,64.75085244072753,68.20992767619387,94.40799713741687,0.8564,14.463101891867602
Sub07,Date06_Sub07_backpack_back,Sub07/Date06_Sub07_backpack_back/t0015.000,O4,15.472373124861157,64.76342819947163,65.13101169397585,93.2956354598819,0.8452,13.93049344847967
Sub07,Date06_Sub07_backpack_back,Sub07/Date06_Sub07_backpack_back/t0027.000,O0,35.88898868087643,58.31867734644089,83.78184468409319,97.16690876902267,0.6352,21.271090445234524
Sub07,Date06_Sub07_backpack_back,Sub07/Date06_Sub07_backpack_back/t0027.000,O1,16.18184348748431,20.14712715159528,42.04058846586598,56.251173122202346,0.93,15.794852568429675
Sub07,Date06_Sub07_backpack_back,Sub07/Date06_Sub07_backpack_back/t0027.000,O2,16.153607756791896,21.869909398918875,43.68228233297877,64.4649206678975,0.9216,12.676068468905683
Sub07,Date06_Sub07_backpack_back,Sub07/Date06_Sub07_backpack_back/t0027.000,O3,20.615782377912637,23.975973498090106,45.10196905039578,59.70541629158242,0.9232,15.935878892451388
Sub07,Date06_Sub07_backpack_back,Sub07/Date06_Sub07_backpack_back/t0027.000,O4,16.654676166244094,22.186012866082624,44.52360554899152,63.49750015547339,0.9232,12.443615847078775
Sub07,Date06_Sub07_backpack_back,Sub07/Date06_Sub07_backpack_back/t0039.000,O0,49.83063593408356,78.67508145824974,113.8273403558216,134.0814206421354,0.5012,24.202629428790235
Sub07,Date06_Sub07_backpack_back,Sub07/Date06_Sub07_backpack_back/t0039.000,O1,11.683805946170004,54.51517388175465,31.35823322124983,45.82277185485955,0.9558,9.997928897548157
Sub07,Date06_Sub07_backpack_back,Sub07/Date06_Sub07_backpack_back/t0039.000,O2,10.526918591762165,53.38948883455327,30.69682663553954,40.00524437483973,0.9726,8.708598912074825
Sub07,Date06_Sub07_backpack_back,Sub07/Date06_Sub07_backpack_back/t0039.000,O3,10.172166015547967,53.311004350847846,31.167355052445203,45.187407832356385,0.958,10.02316199266091
Sub07,Date06_Sub07_backpack_back,Sub07/Date06_Sub07_backpack_back/t0039.000,O4,10.26584395281769,53.08691952902298,29.284165084769896,38.77888575882492,0.9738,8.549430725925998
Sub07,Date06_Sub07_stool_sit,Sub07/Date06_Sub07_stool_sit/t0015.000,O0,50.91109360104261,59.80811608942264,124.97664076784808,144.39958825237412,0.491,23.504705016662662
Sub07,Date06_Sub07_stool_sit,Sub07/Date06_Sub07_stool_sit/t0015.000,O1,25.513728002873265,52.89405941133359,74.32694851278869,100.2942536018626,0.7644,22.05676108800555
Sub07,Date06_Sub07_stool_sit,Sub07/Date06_Sub07_stool_sit/t0015.000,O2,34.155300064767985,62.162580461830274,98.47502175668,134.97292549841026,0.6844,21.9119649088602
Sub07,Date06_Sub07_stool_sit,Sub07/Date06_Sub07_stool_sit/t0015.000,O3,38.205026521911904,62.23858101546147,92.81388054675081,127.01040990604247,0.6448,23.29410682986667
Sub07,Date06_Sub07_stool_sit,Sub07/Date06_Sub07_stool_sit/t0015.000,O4,34.63004009199528,62.05238163237239,97.59235396976042,133.26413888740828,0.684,21.324242191728302
Sub07,Date06_Sub07_stool_sit,Sub07/Date06_Sub07_stool_sit/t0027.000,O0,25.80541710622453,49.59804185167511,76.90226496754286,112.56307251620343,0.7864,18.546839586478285
Sub07,Date06_Sub07_stool_sit,Sub07/Date06_Sub07_stool_sit/t0027.000,O1,29.28286197975907,57.12600740116924,86.33676802865482,121.27918941192678,0.7414,19.210441853134604
Sub07,Date06_Sub07_stool_sit,Sub07/Date06_Sub07_stool_sit/t0027.000,O2,30.770996920692326,61.57514655795321,99.88083178965492,131.75811983164334,0.6918,19.522633173046735
Sub07,Date06_Sub07_stool_sit,Sub07/Date06_Sub07_stool_sit/t0027.000,O3,37.49178799542095,70.20355164283123,105.7118053102515,138.31439442315875,0.6116,18.803321460036706
Sub07,Date06_Sub07_stool_sit,Sub07/Date06_Sub07_stool_sit/t0027.000,O4,28.993614556165053,61.19076163053249,98.05565878531245,131.59424512645074,0.6948,18.965194274273692
Sub07,Date06_Sub07_stool_sit,Sub07/Date06_Sub07_stool_sit/t0038.000,O0,23.229904321058555,63.409448830283296,148.3191220600174,187.97666099483382,0.7082,22.86287200749274
Sub07,Date06_Sub07_stool_sit,Sub07/Date06_Sub07_stool_sit/t0038.000,O1,37.02883418885491,75.26004331569216,134.05107478610114,168.59598395011852,0.5806,22.784707529855737
Sub07,Date06_Sub07_stool_sit,Sub07/Date06_Sub07_stool_sit/t0038.000,O2,32.98876309860798,73.41722704291436,135.57151575767526,172.2922930134187,0.6156,30.090485062750354
Sub07,Date06_Sub07_stool_sit,Sub07/Date06_Sub07_stool_sit/t0038.000,O3,38.602201268776426,76.51654687100888,132.68971280481009,166.7039213738724,0.5664,22.6661269007666
Sub07,Date06_Sub07_stool_sit,Sub07/Date06_Sub07_stool_sit/t0038.000,O4,32.958350931872644,72.70366323007153,134.32597066165687,170.35993595129102,0.617,29.622834938954618
Sub07,Date06_Sub07_yogaball_play,Sub07/Date06_Sub07_yogaball_play/t0017.000,O0,29.220108920137207,66.98384420578729,77.05092829540087,93.7423529527626,0.7484,16.90640436441384
Sub07,Date06_Sub07_yogaball_play,Sub07/Date06_Sub07_yogaball_play/t0017.000,O1,17.118423225666504,57.38489280984825,55.30027344529936,68.90177972819605,0.8718,15.933706484803764
Sub07,Date06_Sub07_yogaball_play,Sub07/Date06_Sub07_yogaball_play/t0017.000,O2,14.833461450393978,55.83925628476852,44.00940378128408,58.943616680123,0.9252,13.711175384042953
Sub07,Date06_Sub07_yogaball_play,Sub07/Date06_Sub07_yogaball_play/t0017.000,O3,17.745086172865122,58.560981813763824,68.97874047053426,75.58964277706073,0.7966,15.042520056592029
Sub07,Date06_Sub07_yogaball_play,Sub07/Date06_Sub07_yogaball_play/t0017.000,O4,14.441440245009748,55.477052116239854,43.62466016559155,57.90126739329068,0.9258,13.873652975968337
Sub07,Date06_Sub07_yogaball_play,Sub07/Date06_Sub07_yogaball_play/t0028.000,O0,42.60031843400485,71.16212434357696,96.19894147909022,114.28405525082283,0.5744,29.521145119247134
Sub07,Date06_Sub07_yogaball_play,Sub07/Date06_Sub07_yogaball_play/t0028.000,O1,27.142273038929677,51.94917144763275,78.00291285181724,95.08040342512365,0.7368,25.15369929391609
Sub07,Date06_Sub07_yogaball_play,Sub07/Date06_Sub07_yogaball_play/t0028.000,O2,23.007251434119148,45.803119152110234,70.40991019205138,90.36690717822411,0.8,22.41916773091681
Sub07,Date06_Sub07_yogaball_play,Sub07/Date06_Sub07_yogaball_play/t0028.000,O3,28.099200081125026,49.892236417517005,77.49893956957763,96.17658180376235,0.7368,25.44021428724529
Sub07,Date06_Sub07_yogaball_play,Sub07/Date06_Sub07_yogaball_play/t0028.000,O4,23.114129021725702,46.03393815119533,69.50538753761673,91.63612028701407,0.8022,22.32911609121257
Sub07,Date06_Sub07_yogaball_play,Sub07/Date06_Sub07_yogaball_play/t0039.000,O0,51.841536874309604,70.97216162252916,104.84217997349293,118.97728752873543,0.4806,36.624038490360235
Sub07,Date06_Sub07_yogaball_play,Sub07/Date06_Sub07_yogaball_play/t0039.000,O1,21.689220584312206,51.0347356975131,92.92697522999244,112.88946247875094,0.7504,22.030448154114666
Sub07,Date06_Sub07_yogaball_play,Sub07/Date06_Sub07_yogaball_play/t0039.000,O2,21.36990941522444,43.93904564156546,63.158586706173594,80.84669874180298,0.8506,20.716141718027746
Sub07,Date06_Sub07_yogaball_play,Sub07/Date06_Sub07_yogaball_play/t0039.000,O3,21.68859418630926,50.80871964230713,92.72167534997472,112.35723657147324,0.7544,21.92218881893084
Sub07,Date06_Sub07_yogaball_play,Sub07/Date06_Sub07_yogaball_play/t0039.000,O4,21.220235464780764,43.85301724187998,63.74897460152638,82.51117074128949,0.8518,20.946460652885076
