subject,role,mesh_method,method,input_span_median_mm,projection_median_mm,offset_from_topology_median_mm
S103,consumed_test_role,Rigid,TOPOLOGY,26.83669538636981,0.0,0.0
S103,consumed_test_role,Rigid,BODY_CHART_NN,28.506740020289655,8.15960587913451,89.45359794882465
S103,consumed_test_role,Rigid,BODY_QUERY,19.931618225207625,10.383754043042003,106.98180875009926
S103,consumed_test_role,RigidD,TOPOLOGY,24.337568741032513,0.0,0.0
S103,consumed_test_role,RigidD,BODY_CHART_NN,36.650029336996184,2.1655793494763134,87.12497352086869
S103,consumed_test_role,RigidD,BODY_QUERY,16.629948047396542,2.2115932184133613,105.74790138257757
S104,dev,Rigid,TOPOLOGY,26.500811807241085,0.0,0.0
S104,dev,Rigid,BODY_CHART_NN,24.37820566431794,17.450027797992295,73.87102401532972
S104,dev,Rigid,BODY_QUERY,16.405399862154795,16.76499550233008,89.56006693476017
S104,dev,RigidD,TOPOLOGY,25.456454183742828,0.0,0.0
S104,dev,RigidD,BODY_CHART_NN,13.152251188422182,3.359351796585772,76.85054321238952
S104,dev,RigidD,BODY_QUERY,13.03941463925746,1.5324369337812243,91.03118292259838
S107,dev,Rigid,TOPOLOGY,15.786217285600518,0.0,0.0
S107,dev,Rigid,BODY_CHART_NN,32.32394205321609,4.4554394831620705,105.11511208939238
S107,dev,Rigid,BODY_QUERY,31.840895296645623,3.703085041340385,130.04496144826842
S107,dev,RigidD,TOPOLOGY,14.862704087270895,0.0,0.0
S107,dev,RigidD,BODY_CHART_NN,31.062382758527086,2.1630805986114816,108.44254663054238
S107,dev,RigidD,BODY_QUERY,31.893459889155313,1.4767294576853778,132.69205383998687
S114,consumed_test_role,Rigid,TOPOLOGY,12.741293377868875,0.0,0.0
S114,consumed_test_role,Rigid,BODY_CHART_NN,21.67523721316003,6.1771451593640405,163.02230068877023
S114,consumed_test_role,Rigid,BODY_QUERY,14.904458309183182,5.203911767842938,204.25134129657087
S114,consumed_test_role,RigidD,TOPOLOGY,12.130369876029992,0.0,0.0
S114,consumed_test_role,RigidD,BODY_CHART_NN,17.736781448306495,2.417040127088661,162.8914249953336
S114,consumed_test_role,RigidD,BODY_QUERY,13.578935480481727,1.756515853907973,202.87497714597205
S118,consumed_test_role,Rigid,TOPOLOGY,3.5498549201622382,0.0,0.0
S118,consumed_test_role,Rigid,BODY_CHART_NN,24.756688715994187,5.006973464664768,116.91982877278042
S118,consumed_test_role,Rigid,BODY_QUERY,25.19127765228261,6.7225321957074184,152.61676110934076
S118,consumed_test_role,RigidD,TOPOLOGY,2.9225973729306274,0.0,0.0
S118,consumed_test_role,RigidD,BODY_CHART_NN,25.033192672140917,1.8830765546085064,118.00628679674814
S118,consumed_test_role,RigidD,BODY_QUERY,25.852804824308873,1.78738492900974,152.90743217203487
S121,consumed_test_role,Rigid,TOPOLOGY,11.673674564160953,0.0,0.0
S121,consumed_test_role,Rigid,BODY_CHART_NN,10.808743691008623,8.999362279810738,85.79605310444555
S121,consumed_test_role,Rigid,BODY_QUERY,13.866488814670882,7.202791874555571,116.44858841018309
S121,consumed_test_role,RigidD,TOPOLOGY,11.665788105682172,0.0,0.0
S121,consumed_test_role,RigidD,BODY_CHART_NN,12.423419627400424,4.153611613984868,85.67602550077794
S121,consumed_test_role,RigidD,BODY_QUERY,13.350190678823973,2.0581097196940963,117.07646512785998
S130,consumed_test_role,Rigid,TOPOLOGY,4.353800859231953,0.0,0.0
S130,consumed_test_role,Rigid,BODY_CHART_NN,20.93815922102013,7.713645232521128,161.25957769450636
S130,consumed_test_role,Rigid,BODY_QUERY,15.246963118150717,3.997463933398082,189.42917881525568
S130,consumed_test_role,RigidD,TOPOLOGY,3.9474002380371402,0.0,0.0
S130,consumed_test_role,RigidD,BODY_CHART_NN,19.29448323914157,3.2235994970458055,156.97332647502017
S130,consumed_test_role,RigidD,BODY_QUERY,15.83657734036788,1.3905419465727296,187.99823213226307
S134,consumed_test_role,Rigid,TOPOLOGY,22.97245416187406,0.0,0.0
S134,consumed_test_role,Rigid,BODY_CHART_NN,29.800952982754445,6.598172719251987,84.05475091883999
S134,consumed_test_role,Rigid,BODY_QUERY,26.03572784061213,9.60795796539485,108.09946543648462
S134,consumed_test_role,RigidD,TOPOLOGY,20.50196420672243,0.0,0.0
S134,consumed_test_role,RigidD,BODY_CHART_NN,28.313521436602624,2.5471056791739737,84.87883604556943
S134,consumed_test_role,RigidD,BODY_QUERY,24.677763509984516,1.779580281937503,107.02511026989411
S140,consumed_test_role,Rigid,TOPOLOGY,5.57165015142491,0.0,0.0
S140,consumed_test_role,Rigid,BODY_CHART_NN,28.66518003927486,10.904792919312285,126.79409923416544
S140,consumed_test_role,Rigid,BODY_QUERY,20.200420455608942,5.497862755235545,147.14162550436913
S140,consumed_test_role,RigidD,TOPOLOGY,5.722087274663826,0.0,0.0
S140,consumed_test_role,RigidD,BODY_CHART_NN,27.167767953344416,2.457787853314445,128.39769681748024
S140,consumed_test_role,RigidD,BODY_QUERY,20.146820368817973,1.701090627756768,146.67513646899135
S141,consumed_test_role,Rigid,TOPOLOGY,15.638259972918634,0.0,0.0
S141,consumed_test_role,Rigid,BODY_CHART_NN,12.294950407471312,8.757959405498527,122.95112205495393
S141,consumed_test_role,Rigid,BODY_QUERY,19.056326480449993,5.751769695971372,137.7375667845123
S141,consumed_test_role,RigidD,TOPOLOGY,15.46593968949633,0.0,0.0
S141,consumed_test_role,RigidD,BODY_CHART_NN,12.738207114869043,2.412688959310264,122.60770388011967
S141,consumed_test_role,RigidD,BODY_QUERY,17.787003619992447,1.7504732618696817,134.43161851114385
S145,consumed_test_role,Rigid,TOPOLOGY,8.621829021715154,0.0,0.0
S145,consumed_test_role,Rigid,BODY_CHART_NN,28.641208388261475,7.133599749824817,114.4178113356486
S145,consumed_test_role,Rigid,BODY_QUERY,24.2019391117187,4.555790088902374,168.04391767726202
S145,consumed_test_role,RigidD,TOPOLOGY,7.873275158262311,0.0,0.0
S145,consumed_test_role,RigidD,BODY_CHART_NN,27.916830434578586,2.33560753149164,117.53716741821383
S145,consumed_test_role,RigidD,BODY_QUERY,24.20637092840666,1.8439005194780214,167.75508421859024
S151,consumed_test_role,Rigid,TOPOLOGY,7.2433450241915,0.0,0.0
S151,consumed_test_role,Rigid,BODY_CHART_NN,16.35182952481435,4.699533199933458,84.89698150906452
S151,consumed_test_role,Rigid,BODY_QUERY,14.042491928378803,4.16662730251315,137.51891167808265
S151,consumed_test_role,RigidD,TOPOLOGY,6.7186471923347835,0.0,0.0
S151,consumed_test_role,RigidD,BODY_CHART_NN,20.279333412043087,2.801624110679899,89.97981723742879
S151,consumed_test_role,RigidD,BODY_QUERY,15.149986868672931,2.2068959913219834,135.49263891320658
S163,consumed_test_role,Rigid,TOPOLOGY,7.305091730713887,0.0,0.0
S163,consumed_test_role,Rigid,BODY_CHART_NN,19.462886992197006,4.332842212255214,101.1005798324369
S163,consumed_test_role,Rigid,BODY_QUERY,12.399151678410426,4.582837991401072,122.89963638206837
S163,consumed_test_role,RigidD,TOPOLOGY,5.948141645896081,0.0,0.0
S163,consumed_test_role,RigidD,BODY_CHART_NN,17.44137646146515,1.855301063392581,103.60690008282029
S163,consumed_test_role,RigidD,BODY_QUERY,11.978544377278972,1.3152880606548925,124.597815599245
S165,dev,Rigid,TOPOLOGY,14.456683555856745,0.0,0.0
S165,dev,Rigid,BODY_CHART_NN,7.39534318718721,16.31409665108993,96.4495814845223
S165,dev,Rigid,BODY_QUERY,15.591560028039837,9.75078434741237,131.49201055256202
S165,dev,RigidD,TOPOLOGY,13.827150615108321,0.0,0.0
S165,dev,RigidD,BODY_CHART_NN,1.7001683999609112,2.7364506623318277,98.74360471489892
S165,dev,RigidD,BODY_QUERY,11.41595363128439,2.027184178154779,131.17585255345227
S170,consumed_test_role,Rigid,TOPOLOGY,6.519052125253258,0.0,0.0
S170,consumed_test_role,Rigid,BODY_CHART_NN,12.219949398336098,12.563882949576845,135.2540622746924
S170,consumed_test_role,Rigid,BODY_QUERY,23.762423337307354,6.707864331164656,167.96512718457117
S170,consumed_test_role,RigidD,TOPOLOGY,6.563368269576808,0.0,0.0
S170,consumed_test_role,RigidD,BODY_CHART_NN,13.075720841309451,6.0224957011426765,137.09808029948744
S170,consumed_test_role,RigidD,BODY_QUERY,23.52689014971571,2.4766726188068486,168.28475377867727
S179,consumed_test_role,Rigid,TOPOLOGY,25.550834187804362,0.0,0.0
S179,consumed_test_role,Rigid,BODY_CHART_NN,21.60268372327383,3.15981157165769,100.11706341889271
S179,consumed_test_role,Rigid,BODY_QUERY,20.776505698789588,5.045812691036841,142.69777859985
S179,consumed_test_role,RigidD,TOPOLOGY,21.05198661879389,0.0,0.0
S179,consumed_test_role,RigidD,BODY_CHART_NN,16.04184902844282,2.3144806502046515,99.79973859853116
S179,consumed_test_role,RigidD,BODY_QUERY,18.505813199653502,1.2264434751952373,145.9121679240094
S184,consumed_test_role,Rigid,TOPOLOGY,15.643466937438482,0.0,0.0
S184,consumed_test_role,Rigid,BODY_CHART_NN,21.76494417669538,10.618305371798245,140.99783066091015
S184,consumed_test_role,Rigid,BODY_QUERY,19.783715571013992,8.425812979939476,166.2982454898775
S184,consumed_test_role,RigidD,TOPOLOGY,14.002036594750207,0.0,0.0
S184,consumed_test_role,RigidD,BODY_CHART_NN,21.230099496977978,3.327898483419873,140.58435646755274
S184,consumed_test_role,RigidD,BODY_QUERY,21.020737280370955,1.8710163652197975,165.48703313017378
S187,dev,Rigid,TOPOLOGY,11.195959738867142,0.0,0.0
S187,dev,Rigid,BODY_CHART_NN,17.709138780703412,12.337762309008317,53.477582910334355
S187,dev,Rigid,BODY_QUERY,31.405413447315976,11.589020841842775,68.86506990915638
S187,dev,RigidD,TOPOLOGY,9.72271913466384,0.0,0.0
S187,dev,RigidD,BODY_CHART_NN,16.13078123460143,2.828195986171289,54.92640417772947
S187,dev,RigidD,BODY_QUERY,29.419216683895954,2.0245197868789524,69.54416089662558
S188,consumed_test_role,Rigid,TOPOLOGY,7.4784026454672325,0.0,0.0
S188,consumed_test_role,Rigid,BODY_CHART_NN,24.10609848385893,13.554163113119321,108.26019459637551
S188,consumed_test_role,Rigid,BODY_QUERY,22.00358988197046,9.96928646378906,139.60861410043964
S188,consumed_test_role,RigidD,TOPOLOGY,6.908621886374597,0.0,0.0
S188,consumed_test_role,RigidD,BODY_CHART_NN,26.37035850992223,3.8488774539985555,107.02907184083006
S188,consumed_test_role,RigidD,BODY_QUERY,20.74993918480845,1.6481934901904292,140.12468669911175
S196,consumed_test_role,Rigid,TOPOLOGY,6.902453720443827,0.0,0.0
S196,consumed_test_role,Rigid,BODY_CHART_NN,34.70598286980377,4.8148030739714285,62.98225908137818
S196,consumed_test_role,Rigid,BODY_QUERY,21.32979260364027,3.8538606869449286,85.43134361800132
S196,consumed_test_role,RigidD,TOPOLOGY,5.2912048463632555,0.0,0.0
S196,consumed_test_role,RigidD,BODY_CHART_NN,30.473721460818474,1.6104489783262619,61.493481024459555
S196,consumed_test_role,RigidD,BODY_QUERY,22.209535534044026,1.5917892061880714,85.58207685076329
