subject,Official_median_mm,Txyz_median_mm,TxyzPose_median_mm,Official_p95_mm,Txyz_p95_mm,TxyzPose_p95_mm,txyz_fallback,txyz_norm_mm,input_points
S103,58.494241823786105,9.216535432750348,7.372098796545177,106.9931428599371,54.449145195081584,34.12360707823049,False,66.97290094517169,68668
S104,330.0074375716057,330.0074375716057,219.26940789362595,402.2209680840741,402.2209680840741,301.26746578697055,True,303.41885730821866,47082
S107,68.11955933284702,10.763703042632198,8.978546971650092,127.33985223864777,63.00542543964676,51.113828250097,False,78.24962477753391,64946
S114,85.5305472687729,11.567169919563675,8.341526836453443,127.3167191852844,43.800113250386865,33.01204601318732,False,95.38510032065186,58729
S118,151.80443335194246,15.090544438751252,9.736643809663882,208.04241349200956,67.448070796489,39.82208795300825,False,167.16146009323384,54092
S121,76.95065099317996,12.540499729449856,9.784148755541722,131.20958798132773,59.7496873703341,43.443570444763296,False,87.42939249113341,71623
S130,143.77007689394168,26.323118232383045,12.244764856035783,216.481346675285,92.82679289424148,45.04558582052283,False,158.7974507307932,55166
S134,187.41392486817165,187.41392486817165,95.7811256349475,227.67741259748735,227.67741259748735,157.75204982335177,True,198.49473624537856,54816
S140,169.38106313981902,169.38106313981902,85.4325689667209,225.49017957616334,225.49017957616334,135.7215112580909,True,182.9736302919212,56862
S141,167.09148408405457,167.09148408405457,75.31083222396938,214.08326837179953,214.08326837179953,122.35353143171373,True,180.16907146347862,54220
S145,145.25203130632786,16.436163404750452,9.466163232579541,196.97853880798826,59.545796853007346,86.06072523265117,False,160.37616667613787,62723
S151,156.73337505694835,13.531116636885743,7.410619100682202,230.63956947800196,70.78596427837688,52.42122477968208,False,173.52840340107045,61915
S163,117.97098780463894,18.99622064382017,7.7447795950684615,180.17756409623678,58.086359271731126,32.17593297405314,False,128.242270804038,51236
S165,38.35040633024845,23.091824140619597,9.999831856621968,89.83371957384277,58.62740399535478,55.89719135540031,False,46.62539373388829,73147
S170,94.89300827974468,12.289077523555168,9.824287238771428,139.55038906330194,47.330472545772594,39.28423081483106,False,107.02403289688127,61598
S179,131.1364912741334,18.131303625527252,8.922987881851164,195.60174713456712,62.61972275870833,32.39526091367589,False,141.6805490086002,57459
S184,34.634138689427076,12.811810824755527,9.110109576349252,66.96337956324594,37.489310491491416,36.90369526537815,False,44.04490248439333,68288
S187,211.7641739891875,211.7641739891875,102.29033409500462,273.49347337606605,273.49347337606605,178.92779243146168,True,224.36872678927827,52115
S188,37.38860154748238,20.92915191159728,11.335324157321637,76.60002440192797,77.69786987185253,52.07508855802106,False,47.45015129474419,74343
S196,117.11440037083628,10.042611371679513,7.759057621225118,150.8513877101266,38.58192862018633,31.20604364817384,False,131.67032658174105,53345
