cell,role,region,frames_with_points,point_count,raw_median_mm,raw_p95_mm,raw_coverage_50mm,diagnostic_txyz_median_mm,diagnostic_txyz_p95_mm,diagnostic_txyz_coverage_50mm
official,TRAIN,arms,187,60823,60.10096974514498,108.03879651888704,0.5091971056878608,24.059356015275185,68.81105738230747,0.8674465170652988
official,TRAIN,hands_feet,192,35067,60.62490385395737,148.8851105356136,0.47063135399998973,37.14338633952195,119.49560437355919,0.7025527135351306
official,TRAIN,head,192,47427,51.37118254332067,83.31644433304366,0.5754686516265418,24.056436728604172,53.11505650375274,0.8934267509076584
official,TRAIN,legs,192,115540,49.06432167922983,98.58222225308451,0.564908589188288,27.020657142009362,71.38862906915335,0.8438722218552376
official,TRAIN,middle_torso_proxy,192,86042,65.87104562476962,98.99529462962938,0.48324220839764653,25.934369171053255,53.5786850755318,0.867712383094416
official,TRAIN,shoulder_upper_torso_proxy,183,22311,53.72674124942332,80.5929555253628,0.5066129169659969,24.393854243640636,46.523089489061626,0.9051647896863708
official,TRAIN,waist_lower_torso_proxy,192,26006,55.66720680007653,89.70256630067782,0.5680387227854284,28.90465698927717,56.64084851197275,0.8552714264180667
official,VAL,arms,40,11890,31.385402632267258,56.897958486318885,0.7867477903148953,10.009533124849597,32.685047041791194,0.9871198322204495
official,VAL,hands_feet,40,5807,16.918722593889935,110.85580122203531,0.8850508062513489,16.645352711941708,123.38428995671912,0.8842737705948648
official,VAL,head,40,11693,26.569844869540344,48.005850855478684,0.878311620382977,10.027508939797041,22.835475936460853,0.9989121627758687
official,VAL,legs,40,23852,22.246774790637588,56.85787330155357,0.8861529714061018,16.54519930326958,51.49944324167982,0.9431851911053691
official,VAL,middle_torso_proxy,40,17629,48.28864274974269,68.0038242152196,0.5219971669193103,10.412893801500651,27.818460687806834,0.99567301862759
official,VAL,shoulder_upper_torso_proxy,40,5547,43.050552701259065,56.048723547148015,0.5809106961027166,7.981803264248653,18.119249180263374,1.0
official,VAL,waist_lower_torso_proxy,40,5502,38.14330040295768,71.25981884967453,0.6325384498557535,12.416670677465051,32.84090091971386,0.9941835530816541
continuation/mixed_s11,TRAIN,arms,187,60823,45.41615055958926,101.08742479366073,0.6699441841208752,34.09732503860907,88.18010738701521,0.7671442310845097
continuation/mixed_s11,TRAIN,hands_feet,192,35067,61.69796190741022,152.22811061127712,0.5370770567009308,47.06815998045559,133.26377174653572,0.6126065628483273
continuation/mixed_s11,TRAIN,head,192,47427,39.77550324809071,85.5897983436852,0.6938259951041702,27.689728218078614,71.58087129605052,0.7959741426252344
continuation/mixed_s11,TRAIN,legs,192,115540,41.58151448471202,110.14862033688036,0.6371973272402678,31.395917408036706,93.13428754744317,0.7379378548299735
continuation/mixed_s11,TRAIN,middle_torso_proxy,192,86042,43.36965213859423,89.96758630202838,0.6143536734538605,34.16546081094246,72.18416294248446,0.737311210255363
continuation/mixed_s11,TRAIN,shoulder_upper_torso_proxy,183,22311,39.43347167567251,75.26547708243442,0.6892316015619186,30.948163768469314,62.386866977354316,0.7827852050462561
continuation/mixed_s11,TRAIN,waist_lower_torso_proxy,192,26006,49.413536756895425,93.48423773684917,0.5906351418254803,42.70551905314488,79.67022797770387,0.6429653545010199
continuation/mixed_s11,VAL,arms,40,11890,36.810895671865254,81.791309268027,0.6809445956656899,32.0017366929958,75.05057573033888,0.7374667137338118
continuation/mixed_s11,VAL,hands_feet,40,5807,62.34221356032681,212.8935207533845,0.46647242517015963,53.70545314553794,195.4078347443546,0.5393415119006439
continuation/mixed_s11,VAL,head,40,11693,31.130664761666914,85.26913605815903,0.7547933576112569,29.166770565533987,73.61216217178317,0.7869915915854444
continuation/mixed_s11,VAL,legs,40,23852,45.13160295387918,109.5554591446103,0.5710519908438216,38.51927170735322,94.96559622851362,0.6746228353461673
continuation/mixed_s11,VAL,middle_torso_proxy,40,17629,64.03022373027866,99.93337314418113,0.3839680630796117,49.444133188392485,83.29914566854454,0.5463363097157583
continuation/mixed_s11,VAL,shoulder_upper_torso_proxy,40,5547,33.79771468744035,65.51797237223485,0.7551737460078327,34.32634820740334,68.8052592483333,0.7150081839292075
continuation/mixed_s11,VAL,waist_lower_torso_proxy,40,5502,66.53340217863176,101.79597073843877,0.41506364003217544,51.87336054847832,82.25612095085316,0.5390485385632863
continuation/mixed_s23,TRAIN,arms,187,60823,34.37717607901465,84.00609989243125,0.7908503778273887,27.22125903487113,73.5619170355704,0.8441976130661643
continuation/mixed_s23,TRAIN,hands_feet,192,35067,44.906523803444266,134.0402679707056,0.6258382759567062,35.65121234613696,122.32912237313172,0.6816485460102503
continuation/mixed_s23,TRAIN,head,192,47427,30.73129613337731,70.74618772492329,0.7818811112945684,23.323598693319756,59.20938622188645,0.8549070424226926
continuation/mixed_s23,TRAIN,legs,192,115540,30.84287385033189,89.11121542402348,0.7523721308924153,25.038873702261306,78.30761384558689,0.8161059082029775
continuation/mixed_s23,TRAIN,middle_torso_proxy,192,86042,36.29236745370258,74.56189964276062,0.7186382421550616,25.243759900411778,57.03241933626103,0.8454512900649488
continuation/mixed_s23,TRAIN,shoulder_upper_torso_proxy,183,22311,35.96162943048906,65.1508220941534,0.742815847683548,25.77957379116519,53.194085806823416,0.8654466879968448
continuation/mixed_s23,TRAIN,waist_lower_torso_proxy,192,26006,37.12498058444235,72.73092378442253,0.7087335527361807,29.16983363971957,61.43928187156554,0.8078056714335572
continuation/mixed_s23,VAL,arms,40,11890,24.24671437657304,61.42432838848271,0.8414611976905382,18.212595095984202,48.687064684540786,0.9029403221547916
continuation/mixed_s23,VAL,hands_feet,40,5807,36.071830598872275,172.03981468923422,0.6599459075125809,27.515375752565383,151.59253915455002,0.7364088744524837
continuation/mixed_s23,VAL,head,40,11693,30.621011060556068,65.62255515553491,0.8074464635232619,23.160937491378633,51.64922470865659,0.879793092763201
continuation/mixed_s23,VAL,legs,40,23852,32.92828268605359,85.00206187394129,0.7123410146702103,26.66110769074131,70.47955369533514,0.8237657156415936
continuation/mixed_s23,VAL,middle_torso_proxy,40,17629,45.2795663288632,73.08780006140447,0.6118038518997456,30.588123202323757,56.95138097761052,0.7736229114993204
continuation/mixed_s23,VAL,shoulder_upper_torso_proxy,40,5547,33.07068375713247,57.434727745418485,0.8065443635771662,24.664689887422497,43.10476617445258,0.8544302886770326
continuation/mixed_s23,VAL,waist_lower_torso_proxy,40,5502,45.46101483144997,73.2884866299762,0.5783553540442187,30.308290452685647,56.07608448416573,0.7933484732210042
continuation/mixed_s37,TRAIN,arms,187,60823,37.272528296964445,89.50427149418243,0.7476315998450955,30.666504792457975,78.77211272864794,0.8101099659568608
continuation/mixed_s37,TRAIN,hands_feet,192,35067,48.41301844538248,137.43257787932055,0.6087383887933036,41.22808530536937,125.59843254384045,0.6511326641362607
continuation/mixed_s37,TRAIN,head,192,47427,32.68443888130733,75.8385104759966,0.7563620683143593,23.893202566123264,64.29284010047763,0.8487339146825486
continuation/mixed_s37,TRAIN,legs,192,115540,33.39773659640203,92.54516885241758,0.7197734051207209,27.548104955396955,81.8934322761533,0.7816256855620101
continuation/mixed_s37,TRAIN,middle_torso_proxy,192,86042,36.688416953889444,79.88539939555287,0.7107418499181524,25.956226100612795,62.75498460352885,0.8384882687294691
continuation/mixed_s37,TRAIN,shoulder_upper_torso_proxy,183,22311,33.98726130160242,64.22015939293378,0.7578512681763532,27.42968759185642,54.72679112163972,0.8247817353042896
continuation/mixed_s37,TRAIN,waist_lower_torso_proxy,192,26006,40.64560318079268,79.56313370351023,0.6652316919614385,33.10191260950405,67.46802143531632,0.7607948703097517
continuation/mixed_s37,VAL,arms,40,11890,22.90591049991902,57.2548775111616,0.8706591462645357,17.344256014256185,45.90889653686168,0.9300395939048356
continuation/mixed_s37,VAL,hands_feet,40,5807,36.69101370618352,171.37546736909644,0.6632907822867906,27.653049830359564,150.77001433657114,0.7568630506358722
continuation/mixed_s37,VAL,head,40,11693,30.046136642364925,65.73996143558956,0.79123054217688,21.483733191118855,49.94558576759151,0.9068108637428784
continuation/mixed_s37,VAL,legs,40,23852,30.794007004499377,81.23946276345066,0.7409308334704134,23.91944377235884,67.68073309325725,0.8480311266440135
continuation/mixed_s37,VAL,middle_torso_proxy,40,17629,46.6622912665562,74.49102153478931,0.6280241803989608,28.36792908511384,50.881103496507805,0.8274546866865363
continuation/mixed_s37,VAL,shoulder_upper_torso_proxy,40,5547,40.2419140318452,62.27035245038679,0.677744416466965,29.213345956817115,44.45339239160873,0.8978654952579075
continuation/mixed_s37,VAL,waist_lower_torso_proxy,40,5502,43.35912061914926,69.3819194195201,0.6415331449111299,25.80327414135165,51.109965817878106,0.8515215138467357
continuation/native_only_s11,TRAIN,arms,187,60823,69.36882087096876,129.28726629114672,0.42191097403330763,48.192313691436134,109.8502427163927,0.582945098381097
continuation/native_only_s11,TRAIN,hands_feet,192,35067,79.57699215197464,179.02780248570758,0.4257841828219538,58.26047373716377,151.93506156105514,0.5419834167204987
continuation/native_only_s11,TRAIN,head,192,47427,56.686395484603224,113.26109945914513,0.543261225889488,33.913116933185464,88.77763407461785,0.7172502366067586
continuation/native_only_s11,TRAIN,legs,192,115540,54.24045977840383,132.55869857485553,0.5363665912331046,39.00674821778338,106.28538995391659,0.6576711937757265
continuation/native_only_s11,TRAIN,middle_torso_proxy,192,86042,47.83470583615641,107.64133956656163,0.5483473757484427,39.72792929674544,89.52527363628396,0.6446500494526789
continuation/native_only_s11,TRAIN,shoulder_upper_torso_proxy,183,22311,48.37129713938705,90.78045238646268,0.5803428376144318,33.916925118671784,70.37403863856446,0.742385247158385
continuation/native_only_s11,TRAIN,waist_lower_torso_proxy,192,26006,62.99473793922684,119.71292211178664,0.42623710485816085,55.875076319749304,102.40092145279276,0.506435352576037
continuation/native_only_s11,VAL,arms,40,11890,58.00098484077982,118.32249729326118,0.4578281683797397,50.542962473575955,106.49399099745689,0.5106287022952094
continuation/native_only_s11,VAL,hands_feet,40,5807,113.42069328851561,275.2964725289004,0.21986066517857447,90.27014654654998,247.04470248374747,0.2562590316179315
continuation/native_only_s11,VAL,head,40,11693,42.457767686820034,119.68277274146405,0.5771527619053909,32.300405557873646,105.59121289983054,0.6954432229978113
continuation/native_only_s11,VAL,legs,40,23852,80.45321862940013,159.1166914360262,0.34795123587122034,62.51609271778023,138.1165214553537,0.45565365731895097
continuation/native_only_s11,VAL,middle_torso_proxy,40,17629,42.5477491300977,94.82251036151655,0.6014506287747379,54.14774906720337,96.80824361821875,0.4610096670485747
continuation/native_only_s11,VAL,shoulder_upper_torso_proxy,40,5547,36.79486722466746,82.85777463742784,0.6703797159505628,23.60869105085989,64.22849594786024,0.8379365837367787
continuation/native_only_s11,VAL,waist_lower_torso_proxy,40,5502,75.81191947733413,141.28661382945327,0.3048262039827835,71.44715518237508,122.73205774706365,0.3460240359262112
continuation/native_only_s23,TRAIN,arms,187,60823,50.30349395908945,106.61700268178566,0.6009924637553856,37.88112285389957,95.74595054801841,0.6972519480614844
continuation/native_only_s23,TRAIN,hands_feet,192,35067,60.815419401570125,155.94670925663007,0.5110685882746918,49.81767859468168,138.69226064192216,0.5635490888394978
continuation/native_only_s23,TRAIN,head,192,47427,41.120634629506824,93.67557004171618,0.6514063347284622,28.281212244833462,77.63699040962706,0.7756453598564759
continuation/native_only_s23,TRAIN,legs,192,115540,43.21433355966795,111.27927490087318,0.6163262808368722,34.67735882612194,98.34062782416332,0.700494222137238
continuation/native_only_s23,TRAIN,middle_torso_proxy,192,86042,43.29593033574296,96.74623409117555,0.6167633638937777,35.991842304655044,81.48437997001714,0.6974881878747842
continuation/native_only_s23,TRAIN,shoulder_upper_torso_proxy,183,22311,36.774586919907,74.90614350184833,0.7115927710458747,28.954366164473882,62.638731582998616,0.7973317953029135
continuation/native_only_s23,TRAIN,waist_lower_torso_proxy,192,26006,48.785365677721174,98.84077778201889,0.5688860703145087,44.02278585158675,86.61085113441133,0.6252561591042374
continuation/native_only_s23,VAL,arms,40,11890,49.57329958369791,97.4621729461216,0.5769766090045977,33.85807658532829,79.23071438007227,0.7143397369281305
continuation/native_only_s23,VAL,hands_feet,40,5807,64.93388541049062,213.93576855544882,0.45693445677804534,52.22506715367758,185.54774047259934,0.5287582861300484
continuation/native_only_s23,VAL,head,40,11693,40.6411108660469,97.8295952008281,0.6491364425886035,28.205583981831637,77.75058689227419,0.7979675197700236
continuation/native_only_s23,VAL,legs,40,23852,47.135793258554045,114.64418709728012,0.5943112842623091,35.89784031208905,92.32128861939289,0.7227975711920562
continuation/native_only_s23,VAL,middle_torso_proxy,40,17629,42.23753087663482,89.4431537356448,0.6097199411601573,33.87181584373126,68.62609195829543,0.7225626174127371
continuation/native_only_s23,VAL,shoulder_upper_torso_proxy,40,5547,39.29722533999421,79.10577337179043,0.6453772480661936,26.095161865142785,55.987635920036176,0.7901207099145149
continuation/native_only_s23,VAL,waist_lower_torso_proxy,40,5502,55.36439167777026,99.34394632254597,0.47133422031043576,44.22275197668228,81.36735383361913,0.6390458139230506
continuation/native_only_s37,TRAIN,arms,187,60823,42.691722851077316,100.41928853625377,0.6662303722891988,33.521261925244914,89.88540133584186,0.74696092744676
continuation/native_only_s37,TRAIN,hands_feet,192,35067,52.80042585823318,140.56446153906478,0.576847768663509,44.15475443506014,126.05032505914849,0.6307196636510809
continuation/native_only_s37,TRAIN,head,192,47427,32.46147135962636,83.31480514945437,0.7373352752880736,25.61550796486734,71.33258548877022,0.8294000333273691
continuation/native_only_s37,TRAIN,legs,192,115540,35.74570364350072,93.44890764833544,0.701013571857631,29.374220812066028,83.67330735079024,0.7635753130831449
continuation/native_only_s37,TRAIN,middle_torso_proxy,192,86042,42.01300734067075,89.12832959402512,0.6415601344771229,33.75191122813915,75.34852548675607,0.7441903965834995
continuation/native_only_s37,TRAIN,shoulder_upper_torso_proxy,183,22311,32.35035961082479,69.73036981423942,0.7350187853783461,31.135880669104537,64.73864637300599,0.7754415993172568
continuation/native_only_s37,TRAIN,waist_lower_torso_proxy,192,26006,45.48414273605417,89.62165325585045,0.605732627584145,36.12536661786977,75.28510514278217,0.7193413723046196
continuation/native_only_s37,VAL,arms,40,11890,33.992864644776134,82.03376663169027,0.6919870155402869,32.905615418790084,75.31530423870552,0.7512256360988289
continuation/native_only_s37,VAL,hands_feet,40,5807,64.36698355854205,203.3013349295707,0.39141198558884677,59.92335326227101,189.02569692840163,0.41100407312808096
continuation/native_only_s37,VAL,head,40,11693,32.41055294615062,78.5957121836408,0.7632343095588943,26.824849461233114,72.0366534443933,0.7986163706359748
continuation/native_only_s37,VAL,legs,40,23852,40.088853253423345,100.34075648416035,0.6372007660949874,35.36123534133489,90.7875109455585,0.7238011888853024
continuation/native_only_s37,VAL,middle_torso_proxy,40,17629,53.15480151516496,91.49724035685495,0.48249164491752367,38.177223116371295,73.61932908242412,0.6879733311202172
continuation/native_only_s37,VAL,shoulder_upper_torso_proxy,40,5547,34.864778292619704,70.40122606833506,0.7307131867254015,33.77123553381433,60.255126710908925,0.7565374629738543
continuation/native_only_s37,VAL,waist_lower_torso_proxy,40,5502,55.60777845121858,91.5707609070298,0.4825253966725442,42.35818748606428,80.14853984734395,0.6299884410789396
native/metric_xyz_s11,TRAIN,arms,187,60823,63.56318061412167,121.60427456601454,0.5069319542933954,41.17348565930751,101.87909209880797,0.6694063774264833
native/metric_xyz_s11,TRAIN,hands_feet,192,35067,74.74041616426855,172.9696671730101,0.46305590691080567,53.26981042999211,145.35445018642378,0.5694042723572376
native/metric_xyz_s11,TRAIN,head,192,47427,55.68598251501652,109.19277749347643,0.5576863041451277,32.09022301659464,82.4275630360925,0.7442899926578925
native/metric_xyz_s11,TRAIN,legs,192,115540,51.49496440651049,126.96750915588503,0.5616984352830485,36.033507180225804,99.76946171804848,0.6887036930007961
native/metric_xyz_s11,TRAIN,middle_torso_proxy,192,86042,49.120768156948685,103.69464209219012,0.5515903793874828,39.83877662924712,82.90802265582948,0.6568701430873692
native/metric_xyz_s11,TRAIN,shoulder_upper_torso_proxy,183,22311,47.260580909680534,87.33640677559032,0.6067477204435119,31.12259306391505,66.04630637027509,0.7724695545083231
native/metric_xyz_s11,TRAIN,waist_lower_torso_proxy,192,26006,61.62849709676013,113.81309361536862,0.4676117589225719,52.99944419538659,93.41380992025036,0.5449332889754562
native/metric_xyz_s11,VAL,arms,40,11890,56.72307117327844,115.22689142130726,0.4587088674498656,51.24736727273283,106.21380263171622,0.4992372925989639
native/metric_xyz_s11,VAL,hands_feet,40,5807,105.10654321491702,266.56911992654614,0.2349511881804041,86.49433292563671,243.1366376234169,0.2781931883899287
native/metric_xyz_s11,VAL,head,40,11693,41.73585974507518,118.1230956696726,0.5954441021116522,30.541462573220144,105.84862504942022,0.6985333381727779
native/metric_xyz_s11,VAL,legs,40,23852,72.35644138806133,151.8261779946804,0.36364957084643346,59.080840363000924,135.8805778721732,0.48040770391523757
native/metric_xyz_s11,VAL,middle_torso_proxy,40,17629,44.987365688897924,98.39976702451004,0.5643323807232781,54.709234577381125,96.9825579859291,0.45134719961213976
native/metric_xyz_s11,VAL,shoulder_upper_torso_proxy,40,5547,34.33328218772505,79.72204136975535,0.699666737986932,22.785275782471416,64.05855950155787,0.836442209988475
native/metric_xyz_s11,VAL,waist_lower_torso_proxy,40,5502,71.40659807277908,136.48577910229514,0.3197431825051393,74.06858592600894,121.52901254023485,0.33640512511515497
native/metric_xyz_s23,TRAIN,arms,187,60823,45.790218182492694,100.47476157497069,0.6654267010117967,33.29648877249244,86.16515729201862,0.7594286968317313
native/metric_xyz_s23,TRAIN,hands_feet,192,35067,56.49172840070119,149.73961720251702,0.559588043203243,43.522992017737494,132.60037382848427,0.6077143619493003
native/metric_xyz_s23,TRAIN,head,192,47427,41.51597615311778,90.0325741826776,0.6743134196391589,26.652203267188543,71.50771804725042,0.8112738780308449
native/metric_xyz_s23,TRAIN,legs,192,115540,39.74297052861064,104.66749945775052,0.6600590428052642,30.716549171350298,90.63589293455092,0.748497580424665
native/metric_xyz_s23,TRAIN,middle_torso_proxy,192,86042,41.99328243646909,90.38038241961706,0.6411931394926724,31.580604850841546,71.75115513146159,0.7603018230911839
native/metric_xyz_s23,TRAIN,shoulder_upper_torso_proxy,183,22311,40.167359226361754,71.78563403255664,0.6756225690332855,27.78279336092372,58.2494044775742,0.8497659598678706
native/metric_xyz_s23,TRAIN,waist_lower_torso_proxy,192,26006,41.55499142353204,86.66120198287845,0.6276812162513713,37.86743945323096,74.1808547208478,0.7131050249207859
native/metric_xyz_s23,VAL,arms,40,11890,44.6527316971954,84.7818695461506,0.6423450921370288,30.91544954661626,69.95418734491868,0.7379187557270285
native/metric_xyz_s23,VAL,hands_feet,40,5807,56.954654057402955,198.4717902489407,0.5273328768462083,43.32920537386543,171.8980974269461,0.6147649810061407
native/metric_xyz_s23,VAL,head,40,11693,34.907418186851935,89.7127108103007,0.7144058939830543,24.213095568263412,68.70962620349475,0.8488301242985424
native/metric_xyz_s23,VAL,legs,40,23852,41.068004929661434,105.25303371133629,0.6514623999637159,32.51177095318338,87.43555722308444,0.7597474557785632
native/metric_xyz_s23,VAL,middle_torso_proxy,40,17629,36.902256692913134,76.20526579518834,0.7289092456512258,30.059921853182292,58.80475385729565,0.7563386234445449
native/metric_xyz_s23,VAL,shoulder_upper_torso_proxy,40,5547,35.018468122293385,66.84699056300586,0.7322991785084476,18.67775478640606,43.8005399527493,0.9311611553169936
native/metric_xyz_s23,VAL,waist_lower_torso_proxy,40,5502,47.03223385792083,85.55904030766436,0.585056210713137,40.21137465756935,71.7299557324564,0.6800850557496658
native/metric_xyz_s37,TRAIN,arms,187,60823,44.857342204904576,99.86248977426142,0.6634310170850409,34.76500212700282,88.18026284444983,0.7478480858971489
native/metric_xyz_s37,TRAIN,hands_feet,192,35067,52.54463494863782,140.08731596344046,0.5816289136979056,42.52328260334075,124.78064919680699,0.631513802519852
native/metric_xyz_s37,TRAIN,head,192,47427,32.47401442665396,82.56384165129212,0.7383122300816886,24.489876801653814,69.32169887668353,0.8326053558967886
native/metric_xyz_s37,TRAIN,legs,192,115540,37.44018777934831,97.97273421023756,0.6801720233227372,30.10524957249134,87.01011419932173,0.7626156942510544
native/metric_xyz_s37,TRAIN,middle_torso_proxy,192,86042,40.553780019411874,87.8673808253748,0.660157083217089,31.09836349162218,72.63400106218354,0.7661304176972416
native/metric_xyz_s37,TRAIN,shoulder_upper_torso_proxy,183,22311,32.061931700251606,67.0211034026198,0.7746101479961047,27.967887621124518,58.98371564744826,0.8060980869758727
native/metric_xyz_s37,TRAIN,waist_lower_torso_proxy,192,26006,46.30184691592993,88.2084864688791,0.6054177260023123,36.67610080660326,74.53139560829273,0.7300260079664125
native/metric_xyz_s37,VAL,arms,40,11890,31.317643771190564,76.64078898979727,0.733095445959647,30.137985437525437,68.85100776122104,0.776503066878801
native/metric_xyz_s37,VAL,hands_feet,40,5807,54.06474861786888,194.48448244649404,0.5024796391379156,50.600867706170476,180.13579390211936,0.5243879877531464
native/metric_xyz_s37,VAL,head,40,11693,32.390057272086345,76.79009074116085,0.7395815901276988,26.672380587227416,69.76586361617976,0.8090056722508046
native/metric_xyz_s37,VAL,legs,40,23852,37.47511899206936,94.73336332203611,0.6594850385744239,32.921254693824054,84.57948816531878,0.7480802698695995
native/metric_xyz_s37,VAL,middle_torso_proxy,40,17629,52.49860732560269,88.61209047327723,0.49602244767209824,37.65429628206417,70.44431741723714,0.6891588931161938
native/metric_xyz_s37,VAL,shoulder_upper_torso_proxy,40,5547,33.73964990282311,67.97786765261924,0.7392626830260726,31.463840718066663,56.889899048070035,0.7708609029480399
native/metric_xyz_s37,VAL,waist_lower_torso_proxy,40,5502,54.89277116170116,87.68529660309282,0.479978269977119,40.85151679720603,75.73301724982562,0.677765753223815
native/raw_bounded_s11,TRAIN,arms,187,60823,51.510371419188964,106.38380061030676,0.6351853368718704,36.78012651773717,92.80969357283628,0.7363811479155177
native/raw_bounded_s11,TRAIN,hands_feet,192,35067,62.75322569156572,154.09306569673953,0.5496408934660045,48.091083534006685,135.63008362357272,0.610492414882939
native/raw_bounded_s11,TRAIN,head,192,47427,42.13780757579049,93.84823885467218,0.6690650012237848,29.26455450908762,76.58855204138564,0.7712450749239183
native/raw_bounded_s11,TRAIN,legs,192,115540,43.17254612063364,112.23917869128492,0.6323494785526607,31.935337792047406,95.20811515566386,0.732957005048586
native/raw_bounded_s11,TRAIN,middle_torso_proxy,192,86042,41.33238790542274,90.19914522986467,0.629552565827789,35.35153561373696,75.9352155758568,0.7133999417090434
native/raw_bounded_s11,TRAIN,shoulder_upper_torso_proxy,183,22311,38.95798715977683,78.24956882600956,0.6849258973393915,31.374854726641477,65.09994039016316,0.761439876901193
native/raw_bounded_s11,TRAIN,waist_lower_torso_proxy,192,26006,49.06728617441922,93.44464878174499,0.5813538256289045,44.03480314010028,81.93353459340581,0.6278207250912239
native/raw_bounded_s11,VAL,arms,40,11890,42.44406474744736,91.79404637296601,0.59719251878865,38.67368552527745,83.25312885898056,0.6565679116944708
native/raw_bounded_s11,VAL,hands_feet,40,5807,73.40320508130335,225.89028894884058,0.40050168899678323,60.26671948541377,204.5518533457963,0.4438673888133473
native/raw_bounded_s11,VAL,head,40,11693,34.06137549505108,94.23608083943137,0.7083316693901561,30.496926244997194,81.78766811147884,0.7605102142975647
native/raw_bounded_s11,VAL,legs,40,23852,51.071437760752644,118.25541118565548,0.5057813632884616,40.37603103546874,102.16825722881609,0.6258547971584886
native/raw_bounded_s11,VAL,middle_torso_proxy,40,17629,61.04955917368149,103.26406565047904,0.4111577355505066,53.456230928778076,92.94445513772882,0.4898922166180841
native/raw_bounded_s11,VAL,shoulder_upper_torso_proxy,40,5547,29.32787760862311,65.49832170368049,0.787864432721789,29.532198722049554,64.29851682398674,0.7786096903521407
native/raw_bounded_s11,VAL,waist_lower_torso_proxy,40,5502,68.58995635343764,113.47817562397341,0.3609268539565369,59.10343673860553,95.34813415268718,0.4810185389424883
native/raw_bounded_s23,TRAIN,arms,187,60823,44.99844885001748,94.2815329560355,0.7219601009996284,34.28958867694899,80.28069622927485,0.8092566608350312
native/raw_bounded_s23,TRAIN,hands_feet,192,35067,54.54030019669014,148.63792805792775,0.5368121963164325,42.2823147887009,134.43028925513903,0.6270175251102424
native/raw_bounded_s23,TRAIN,head,192,47427,41.996579165257536,87.5608267729263,0.6988642116741421,33.28195849902728,71.81350553712822,0.7942120293348752
native/raw_bounded_s23,TRAIN,legs,192,115540,36.48308072269244,100.41094980214073,0.6941321220636314,28.999864326930282,88.26122808552763,0.772239301756573
native/raw_bounded_s23,TRAIN,middle_torso_proxy,192,86042,45.73521261221233,86.33961602223903,0.6595041198021873,34.52230076302226,70.54736171658027,0.7773536195122553
native/raw_bounded_s23,TRAIN,shoulder_upper_torso_proxy,183,22311,37.13422923424193,72.02783287219444,0.7498960255542151,28.72876863299149,58.89711596741889,0.8394115146443258
native/raw_bounded_s23,TRAIN,waist_lower_torso_proxy,192,26006,47.75071059722181,80.03753921611512,0.6541812460789664,39.53147485611458,69.9261132257563,0.7308046444935836
native/raw_bounded_s23,VAL,arms,40,11890,29.19129459643727,62.53592393663762,0.7979253989996853,21.311814270573027,51.814838910492384,0.8616307882263932
native/raw_bounded_s23,VAL,hands_feet,40,5807,34.363819482587,159.27254401236002,0.698207872400303,29.739848746589246,153.64920268492682,0.7296293459615992
native/raw_bounded_s23,VAL,head,40,11693,24.414798009360617,62.294503062830174,0.8128505248197269,22.13446238734554,53.51593190411312,0.8669372574884409
native/raw_bounded_s23,VAL,legs,40,23852,30.26574210618404,79.5795817021044,0.7659498183729163,27.462257702059585,71.8055898932446,0.8148854076614029
native/raw_bounded_s23,VAL,middle_torso_proxy,40,17629,38.03280256482262,68.13964264432093,0.7257547649942816,28.534349368960033,55.03820644158144,0.7722320566107397
native/raw_bounded_s23,VAL,shoulder_upper_torso_proxy,40,5547,21.87237914752894,48.941245209499364,0.8969462406922999,17.580681653678567,39.90177897057623,0.9188914999424829
native/raw_bounded_s23,VAL,waist_lower_torso_proxy,40,5502,41.570737798150596,72.74039315539193,0.6971833345903846,30.388509142703708,59.87755269935469,0.7697350802476169
native/raw_bounded_s37,TRAIN,arms,187,60823,53.13432130221356,111.49857040948034,0.583251233984244,37.312816629216854,96.64804556474988,0.7078199666509887
native/raw_bounded_s37,TRAIN,hands_feet,192,35067,62.78421079759135,156.98038208480168,0.4947780624962747,47.970465367980935,135.7150990573901,0.5924162257355298
native/raw_bounded_s37,TRAIN,head,192,47427,41.535048543293904,100.28760160519718,0.6458807472247559,29.051907802905607,81.89823513799563,0.7653783697757296
native/raw_bounded_s37,TRAIN,legs,192,115540,43.32163804513275,110.31772364455793,0.6254614398107905,33.98678871670071,94.87861733439487,0.7120879502115532
native/raw_bounded_s37,TRAIN,middle_torso_proxy,192,86042,43.290809554562465,96.2904706889154,0.6268842017379697,35.70869415239641,81.21414025641745,0.7207528610540552
native/raw_bounded_s37,TRAIN,shoulder_upper_torso_proxy,183,22311,39.28815250846628,80.89855565256869,0.6450785835390636,31.397295524943374,68.87877166767429,0.7797636616268045
native/raw_bounded_s37,TRAIN,waist_lower_torso_proxy,192,26006,53.4026451570458,103.08963995322085,0.5068269387922223,44.366306502032856,86.7753911336219,0.6228352442736418
native/raw_bounded_s37,VAL,arms,40,11890,42.47703269729652,92.61577436169155,0.6001037263475433,39.08888504233083,87.3444086682463,0.6546722797149623
native/raw_bounded_s37,VAL,hands_feet,40,5807,69.44043969561169,212.57146722946726,0.35469994906976215,65.82401527091355,201.6029424394966,0.36906242850535487
native/raw_bounded_s37,VAL,head,40,11693,31.789954516493957,89.14725864900063,0.7408255569900256,28.53424932843879,84.14539223437222,0.7568680189178452
native/raw_bounded_s37,VAL,legs,40,23852,43.151764395597695,108.37927271819795,0.5935511482917519,40.83834039332526,102.51286493572007,0.6538155743185574
native/raw_bounded_s37,VAL,middle_torso_proxy,40,17629,49.65057453570205,91.06774543077832,0.544970152870802,40.29080448368038,78.397273000225,0.6246097872655567
native/raw_bounded_s37,VAL,shoulder_upper_torso_proxy,40,5547,30.628999020335968,69.6747571539126,0.7716580844309624,30.32465053169074,63.62242119291532,0.7584483740416068
native/raw_bounded_s37,VAL,waist_lower_torso_proxy,40,5502,60.4316566252521,100.56628132292127,0.4457038286388705,53.03210864068485,92.56098393421101,0.5000776700443378
native/rgb_only_xyz_s11,TRAIN,arms,187,60823,102.36430065722413,166.33634457792175,0.3946440780105569,75.97186191415267,134.77710667173145,0.561107155590269
native/rgb_only_xyz_s11,TRAIN,hands_feet,192,35067,117.32311913833993,218.3751451259102,0.33632139144775014,95.6562211916376,185.13274628070513,0.4505050156619105
native/rgb_only_xyz_s11,TRAIN,head,192,47427,94.79244490754809,151.83409988639968,0.4344558266491083,66.5065516168692,121.19232843962848,0.6343166747586081
native/rgb_only_xyz_s11,TRAIN,legs,192,115540,96.77673809388043,179.75654014239592,0.4077148675323087,74.49047190483702,146.194689539169,0.5520469179658641
native/rgb_only_xyz_s11,TRAIN,middle_torso_proxy,192,86042,81.0611984117254,146.38837509488425,0.4537852669780127,67.74623618660297,124.65807807925563,0.5757854584759245
native/rgb_only_xyz_s11,TRAIN,shoulder_upper_torso_proxy,183,22311,87.60302057994745,129.3257588292596,0.5023317761417272,64.12897171645255,98.6060884156421,0.6450493617898111
native/rgb_only_xyz_s11,TRAIN,waist_lower_torso_proxy,192,26006,80.42444563115808,159.6782153356852,0.4153322867621944,75.60439061303693,138.4857850421998,0.46106873518982805
native/rgb_only_xyz_s11,VAL,arms,40,11890,101.11751058687682,158.20620016783147,0.3853555492257811,56.155662237598975,113.10233714406647,0.5082896172599919
native/rgb_only_xyz_s11,VAL,hands_feet,40,5807,122.11157841327167,290.5262737846697,0.24982364197233553,84.35539174815045,242.38523292399407,0.350895232182206
native/rgb_only_xyz_s11,VAL,head,40,11693,73.42410753257585,143.2221718928814,0.43816666703461565,38.27723738085458,94.93156909061076,0.699507448098978
native/rgb_only_xyz_s11,VAL,legs,40,23852,91.1578373938335,184.27276299794318,0.2943144113818609,53.634801138680714,132.67849812889494,0.5232054611303543
native/rgb_only_xyz_s11,VAL,middle_torso_proxy,40,17629,82.02948641779952,143.40019468623098,0.26926475178107734,60.1447245654861,109.12919369187783,0.44389308765632174
native/rgb_only_xyz_s11,VAL,shoulder_upper_torso_proxy,40,5547,77.31453324440213,119.89873708147698,0.4526845399395114,38.004171034730966,73.47644388517415,0.739296160234193
native/rgb_only_xyz_s11,VAL,waist_lower_torso_proxy,40,5502,76.24668509527424,153.10116741854682,0.3231942673216067,68.42913323811105,115.89439134713317,0.3410828265647138
native/rgb_only_xyz_s23,TRAIN,arms,187,60823,124.32888613351052,191.46444184157468,0.3435184768215473,98.03688208849805,163.74445947443934,0.5133197618769448
native/rgb_only_xyz_s23,TRAIN,hands_feet,192,35067,134.27073910017438,241.79207523214004,0.32051884440948153,115.9572058765284,210.19933109532977,0.4086257473433149
native/rgb_only_xyz_s23,TRAIN,head,192,47427,114.80756445405895,172.06985131923847,0.37983132167919487,90.24888311545318,145.58334162807668,0.5716080816668223
native/rgb_only_xyz_s23,TRAIN,legs,192,115540,114.0372983810811,203.093758420924,0.3736907777210972,95.69633025804461,173.71012061570866,0.5035420031519819
native/rgb_only_xyz_s23,TRAIN,middle_torso_proxy,192,86042,99.97424506573749,168.26111082451123,0.4080936971153234,86.78262633244229,148.55174681982197,0.5167480769833133
native/rgb_only_xyz_s23,TRAIN,shoulder_upper_torso_proxy,183,22311,107.57646231935973,148.3265647796018,0.4672850765011687,88.60746610010867,124.09090811836899,0.5749471592698029
native/rgb_only_xyz_s23,TRAIN,waist_lower_torso_proxy,192,26006,96.26383767285118,183.8662133012487,0.38159860285542724,91.36170381077724,162.74143800659112,0.41893242609688985
native/rgb_only_xyz_s23,VAL,arms,40,11890,118.69110616231637,179.3726596612837,0.35222897112637674,99.58451595803645,158.49425871785417,0.41583662643134073
native/rgb_only_xyz_s23,VAL,hands_feet,40,5807,140.7260695008139,312.83821330918795,0.23626868235335935,122.1946542739606,286.2089460675354,0.2639100523940691
native/rgb_only_xyz_s23,VAL,head,40,11693,89.99708740637348,160.7985266115034,0.38391122831266794,69.91560704696934,135.39679448709828,0.5289882653821255
native/rgb_only_xyz_s23,VAL,legs,40,23852,108.12765302140018,205.62875338009528,0.27055113249073026,91.65262321427323,179.03926395585202,0.36362069857622864
native/rgb_only_xyz_s23,VAL,middle_torso_proxy,40,17629,93.89983944984478,159.45034939358095,0.2593073477782874,87.6840597676083,145.19340416379765,0.30673379088351116
native/rgb_only_xyz_s23,VAL,shoulder_upper_torso_proxy,40,5547,93.81402487568064,139.27466398437127,0.44507181836256543,76.00395352908788,113.76207457900458,0.5684491324230609
native/rgb_only_xyz_s23,VAL,waist_lower_torso_proxy,40,5502,94.40323644417126,175.67197042705965,0.22831364640246396,83.56240383224798,151.73101012922157,0.268915609075151
native/rgb_only_xyz_s37,TRAIN,arms,187,60823,106.07010673624465,167.41924976428518,0.41803876512052945,83.29349806455149,141.10222087562332,0.5567983919036008
native/rgb_only_xyz_s37,TRAIN,hands_feet,192,35067,120.13341214137684,219.2475763825409,0.3550198049605328,102.48971003207824,190.0286217644294,0.44888144805831104
native/rgb_only_xyz_s37,TRAIN,head,192,47427,101.23512509025484,154.64721280488305,0.4369105529605959,75.48706308662456,126.50602901115485,0.6352848623672611
native/rgb_only_xyz_s37,TRAIN,legs,192,115540,97.08315224471792,183.02859880632894,0.4357216030457844,79.1309266456123,151.77249076478884,0.5425115255170303
native/rgb_only_xyz_s37,TRAIN,middle_torso_proxy,192,86042,85.36289492883981,151.51830381852162,0.4739851555336824,71.84813158534367,128.03913927879577,0.5878374604855944
native/rgb_only_xyz_s37,TRAIN,shoulder_upper_torso_proxy,183,22311,96.60168781085618,134.95854313448808,0.45973313585187126,70.13155350569508,103.54924642743639,0.6737097174454667
native/rgb_only_xyz_s37,TRAIN,waist_lower_torso_proxy,192,26006,86.66779503774733,163.6770330852116,0.3963514703594184,79.03713066128613,139.1200600493216,0.45859771587919507
native/rgb_only_xyz_s37,VAL,arms,40,11890,93.42735065030539,142.456515392973,0.454512234313914,50.22421763683681,99.65440508423971,0.5620795261507172
native/rgb_only_xyz_s37,VAL,hands_feet,40,5807,111.82006399352977,275.8826818960182,0.30698439444495845,76.49330698610355,223.60494687113106,0.4128288840634572
native/rgb_only_xyz_s37,VAL,head,40,11693,72.45501619221915,135.99176141832555,0.4564475433425287,31.84543533502091,84.22208112386808,0.7681395246574239
native/rgb_only_xyz_s37,VAL,legs,40,23852,82.67815239554962,173.90697162701485,0.3556172344202422,47.941094702288225,119.60310248805038,0.6246407369531769
native/rgb_only_xyz_s37,VAL,middle_torso_proxy,40,17629,71.46857185308595,128.57147065273105,0.37038643783696656,50.08931749044969,91.1576657313206,0.5647835608621468
native/rgb_only_xyz_s37,VAL,shoulder_upper_torso_proxy,40,5547,73.00173879055276,111.93564898144734,0.5056038508621246,27.284816508550094,57.3728671071558,0.8480657957470382
native/rgb_only_xyz_s37,VAL,waist_lower_torso_proxy,40,5502,64.1975981937936,139.17808590504262,0.46875074608536194,55.64371070662215,100.95471265744942,0.5191091001273267
