cell,epoch,lr,native_loss,weak_loss,native_val_camera_mm
native/metric_xyz_s11,1,0.00015,0.030602457928471268,,86.74038185119629
native/metric_xyz_s11,2,0.0003,0.021079128435812892,,75.30817359924316
native/metric_xyz_s11,3,0.00029915114833558773,0.016546153661329298,,71.82435661315918
native/metric_xyz_s11,4,0.00029661526814454614,0.013754715144168586,,57.27650131225586
native/metric_xyz_s11,5,0.0002924242495916296,0.011544694502372294,,56.05950588226318
native/metric_xyz_s11,6,0.00028663079716682654,0.01018487440305762,,49.86257297515869
native/metric_xyz_s11,7,0.0002793077668958183,0.00895344308577478,,50.67737018585205
native/metric_xyz_s11,8,0.000270547250133184,0.00834451568312943,,45.48404071807861
native/metric_xyz_s11,9,0.0002604594154601839,0.007386407342273742,,42.93918434143066
native/metric_xyz_s11,10,0.000249171123250929,0.00663117274933029,,42.35624965667725
native/metric_xyz_s11,11,0.0002368243303295704,0.005916225956752896,,40.78593677520752
native/metric_xyz_s11,12,0.0002235743047808703,0.005322860860032961,,39.69231887817383
native/metric_xyz_s11,13,0.00020958767336394757,0.004997107590315864,,37.60806053161621
native/metric_xyz_s11,14,0.0001950403260841024,0.004597453267197124,,36.577155418395996
native/metric_xyz_s11,15,0.00018011520427394653,0.004541816562996246,,37.572783660888675
native/metric_xyz_s11,16,0.000165,0.0039945390383945775,,37.79686897277832
native/metric_xyz_s11,17,0.00014988479572605347,0.0037195177527610214,,35.206325149536134
native/metric_xyz_s11,18,0.00013495967391589757,0.0035906596120912583,,34.68136795043945
native/metric_xyz_s11,19,0.00012041232663605243,0.0033835604664636774,,35.27098924636841
native/metric_xyz_s11,20,0.00010642569521912966,0.003269114368013106,,34.044555549621585
native/metric_xyz_s11,21,9.317566967042957e-05,0.003026199250598438,,33.94686462402344
native/metric_xyz_s11,22,8.082887674907099e-05,0.002828170899883844,,33.711875190734865
native/metric_xyz_s11,23,6.954058453981609e-05,0.0027139404384070075,,33.909609432220456
native/metric_xyz_s11,24,5.945274986681601e-05,0.002604336374497507,,33.248968048095705
native/metric_xyz_s11,25,5.069223310418164e-05,0.0024771547873388045,,32.58295211791992
native/metric_xyz_s11,26,4.336920283317343e-05,0.0024079655413515866,,32.73586212158203
native/metric_xyz_s11,27,3.757575040837037e-05,0.002376165871100966,,32.492992630004885
native/metric_xyz_s11,28,3.3384731855453794e-05,0.0023040538080385886,,32.5247606086731
native/metric_xyz_s11,29,3.0848851664412245e-05,0.0022562195686623454,,32.31646701812744
native/metric_xyz_s11,30,2.9999999999999997e-05,0.002219131344172638,,32.55009078979492
native/metric_xyz_s23,1,0.00015,0.03124852276407182,,87.02880577087403
native/metric_xyz_s23,2,0.0003,0.021246468073222786,,75.41937316894531
native/metric_xyz_s23,3,0.00029915114833558773,0.016867059040814637,,63.7349698638916
native/metric_xyz_s23,4,0.00029661526814454614,0.014051996846683323,,59.85954128265381
native/metric_xyz_s23,5,0.0002924242495916296,0.011872203489765525,,54.50471069335938
native/metric_xyz_s23,6,0.00028663079716682654,0.010273836051346734,,50.53288188934326
native/metric_xyz_s23,7,0.0002793077668958183,0.00936545993667096,,54.68416225433349
native/metric_xyz_s23,8,0.000270547250133184,0.008599704693770036,,46.40394287109375
native/metric_xyz_s23,9,0.0002604594154601839,0.0074472618161235005,,46.07787933349609
native/metric_xyz_s23,10,0.000249171123250929,0.0071752761397510766,,41.09008274078369
native/metric_xyz_s23,11,0.0002368243303295704,0.006447531692683697,,43.9938304901123
native/metric_xyz_s23,12,0.0002235743047808703,0.005685613963287324,,41.253226852416994
native/metric_xyz_s23,13,0.00020958767336394757,0.005365034490823746,,39.53850246429443
native/metric_xyz_s23,14,0.0001950403260841024,0.005030332794995047,,39.3532088470459
native/metric_xyz_s23,15,0.00018011520427394653,0.004536509517929516,,39.98713054656982
native/metric_xyz_s23,16,0.000165,0.004316454170621,,36.59278282165528
native/metric_xyz_s23,17,0.00014988479572605347,0.004056896131951362,,36.7020149230957
native/metric_xyz_s23,18,0.00013495967391589757,0.003889467776170932,,35.920612525939944
native/metric_xyz_s23,19,0.00012041232663605243,0.0037589107832172886,,35.67346946716309
native/metric_xyz_s23,20,0.00010642569521912966,0.003400337787461467,,35.4248025894165
native/metric_xyz_s23,21,9.317566967042957e-05,0.003263734572683461,,35.98799934387207
native/metric_xyz_s23,22,8.082887674907099e-05,0.0030036504214513114,,34.923026123046874
native/metric_xyz_s23,23,6.954058453981609e-05,0.00293210304225795,,36.18799259185791
native/metric_xyz_s23,24,5.945274986681601e-05,0.0028417766754864713,,34.84855133056641
native/metric_xyz_s23,25,5.069223310418164e-05,0.002681036873837002,,34.15804119110108
native/metric_xyz_s23,26,4.336920283317343e-05,0.002547820950858295,,34.32880508422851
native/metric_xyz_s23,27,3.757575040837037e-05,0.0024967120395740492,,33.88916702270508
native/metric_xyz_s23,28,3.3384731855453794e-05,0.0024394727105391213,,33.64862525939942
native/metric_xyz_s23,29,3.0848851664412245e-05,0.002381019745080266,,33.62820892333984
native/metric_xyz_s23,30,2.9999999999999997e-05,0.002346664679644164,,33.71156414031982
native/metric_xyz_s37,1,0.00015,0.030761974845081568,,89.39621063232421
native/metric_xyz_s37,2,0.0003,0.020993310655467213,,72.2531135559082
native/metric_xyz_s37,3,0.00029915114833558773,0.016550072613172234,,61.86475364685059
native/metric_xyz_s37,4,0.00029661526814454614,0.013590490652713925,,58.7550203704834
native/metric_xyz_s37,5,0.0002924242495916296,0.011463401943910868,,54.39496376037598
native/metric_xyz_s37,6,0.00028663079716682654,0.010521659539081156,,55.49888874053955
native/metric_xyz_s37,7,0.0002793077668958183,0.00938136608689092,,50.50199142456054
native/metric_xyz_s37,8,0.000270547250133184,0.008040850579855032,,46.28794921875
native/metric_xyz_s37,9,0.0002604594154601839,0.007611544255632907,,45.35586215972901
native/metric_xyz_s37,10,0.000249171123250929,0.006820518032182008,,43.35338283538818
native/metric_xyz_s37,11,0.0002368243303295704,0.006051526718074456,,40.67671073913574
native/metric_xyz_s37,12,0.0002235743047808703,0.005593587557086721,,40.709797325134275
native/metric_xyz_s37,13,0.00020958767336394757,0.005021731117740274,,38.6535680770874
native/metric_xyz_s37,14,0.0001950403260841024,0.004822637996985577,,38.133136978149416
native/metric_xyz_s37,15,0.00018011520427394653,0.004572715365793556,,37.87868305206299
native/metric_xyz_s37,16,0.000165,0.004147206140332855,,35.52373867034912
native/metric_xyz_s37,17,0.00014988479572605347,0.0038882379938149827,,37.79196739196777
native/metric_xyz_s37,18,0.00013495967391589757,0.00375303300563246,,36.27694732666016
native/metric_xyz_s37,19,0.00012041232663605243,0.0034928471554303542,,35.831685333251954
native/metric_xyz_s37,20,0.00010642569521912966,0.003280319667537697,,35.18120273590088
native/metric_xyz_s37,21,9.317566967042957e-05,0.0030602659983560445,,35.024951210021975
native/metric_xyz_s37,22,8.082887674907099e-05,0.002933138868538663,,34.3733918762207
native/metric_xyz_s37,23,6.954058453981609e-05,0.0028091577015584334,,33.193400077819824
native/metric_xyz_s37,24,5.945274986681601e-05,0.0026432553853373976,,33.655231895446775
native/metric_xyz_s37,25,5.069223310418164e-05,0.002552697248174809,,32.82430606842041
native/metric_xyz_s37,26,4.336920283317343e-05,0.0024711162748280915,,33.125905990600586
native/metric_xyz_s37,27,3.757575040837037e-05,0.0023891657195053997,,33.12562656402588
native/metric_xyz_s37,28,3.3384731855453794e-05,0.002343430239125155,,32.91854354858398
native/metric_xyz_s37,29,3.0848851664412245e-05,0.002282278498751111,,32.9823099899292
native/metric_xyz_s37,30,2.9999999999999997e-05,0.0022557820565998555,,32.60655559539795
native/raw_bounded_s11,1,0.00015,0.029746649088338017,,83.45068809509277
native/raw_bounded_s11,2,0.0003,0.021241770633496346,,73.73862693786621
native/raw_bounded_s11,3,0.00029915114833558773,0.016875907531939446,,66.29018737792968
native/raw_bounded_s11,4,0.00029661526814454614,0.014231019634753466,,56.90329357147217
native/raw_bounded_s11,5,0.0002924242495916296,0.012292608320713043,,54.18185619354248
native/raw_bounded_s11,6,0.00028663079716682654,0.01090613033855334,,51.13237243652344
native/raw_bounded_s11,7,0.0002793077668958183,0.009492171896854416,,49.94044689178467
native/raw_bounded_s11,8,0.000270547250133184,0.008930775640765205,,44.27938606262207
native/raw_bounded_s11,9,0.0002604594154601839,0.007942940294742584,,44.584918899536135
native/raw_bounded_s11,10,0.000249171123250929,0.007263812510063872,,43.80371784210205
native/raw_bounded_s11,11,0.0002368243303295704,0.006641439995728433,,41.03313163757324
native/raw_bounded_s11,12,0.0002235743047808703,0.006045265066786669,,37.623761367797854
native/raw_bounded_s11,13,0.00020958767336394757,0.00565617857966572,,38.79166845321655
native/raw_bounded_s11,14,0.0001950403260841024,0.005242699851514772,,37.59767517089844
native/raw_bounded_s11,15,0.00018011520427394653,0.005099525206023827,,37.54133689880371
native/raw_bounded_s11,16,0.000165,0.0046301806520204995,,37.89961624145508
native/raw_bounded_s11,17,0.00014988479572605347,0.004354063501232304,,35.13812427520752
native/raw_bounded_s11,18,0.00013495967391589757,0.004152972799493,,34.77297943115234
native/raw_bounded_s11,19,0.00012041232663605243,0.0039860511827282605,,35.850376739501954
native/raw_bounded_s11,20,0.00010642569521912966,0.003882835245458409,,34.400822944641114
native/raw_bounded_s11,21,9.317566967042957e-05,0.0036523157908231953,,35.59722663879395
native/raw_bounded_s11,22,8.082887674907099e-05,0.003499514276627451,,34.26784704208374
native/raw_bounded_s11,23,6.954058453981609e-05,0.0033774713380262254,,34.56556453704834
native/raw_bounded_s11,24,5.945274986681601e-05,0.0032527583139017224,,33.58993328094483
native/raw_bounded_s11,25,5.069223310418164e-05,0.0031319766206434,,32.989401454925535
native/raw_bounded_s11,26,4.336920283317343e-05,0.0030511564764310606,,32.997013626098635
native/raw_bounded_s11,27,3.757575040837037e-05,0.0030165098982979544,,33.0590718460083
native/raw_bounded_s11,28,3.3384731855453794e-05,0.0029546209634281695,,32.85567733764648
native/raw_bounded_s11,29,3.0848851664412245e-05,0.0028937621996738016,,32.71157581329346
native/raw_bounded_s11,30,2.9999999999999997e-05,0.0028628380758163987,,32.95712869644165
native/raw_bounded_s23,1,0.00015,0.03003496030345559,,85.76964752197266
native/raw_bounded_s23,2,0.0003,0.020801457532215864,,75.04899726867676
native/raw_bounded_s23,3,0.00029915114833558773,0.017180874145124106,,63.38953773498535
native/raw_bounded_s23,4,0.00029661526814454614,0.014488067652564496,,57.14266460418701
native/raw_bounded_s23,5,0.0002924242495916296,0.012388261549640447,,52.68247097015381
native/raw_bounded_s23,6,0.00028663079716682654,0.010818956880830228,,49.665687828063966
native/raw_bounded_s23,7,0.0002793077668958183,0.009604623699560761,,50.24470649719238
native/raw_bounded_s23,8,0.000270547250133184,0.008897532116388902,,45.47782825469971
native/raw_bounded_s23,9,0.0002604594154601839,0.008101446916116401,,45.16014102935791
native/raw_bounded_s23,10,0.000249171123250929,0.00784173930878751,,41.03705078125
native/raw_bounded_s23,11,0.0002368243303295704,0.006886366733815521,,44.03796543121338
native/raw_bounded_s23,12,0.0002235743047808703,0.006297496780171059,,40.63912090301514
native/raw_bounded_s23,13,0.00020958767336394757,0.006054220605292358,,39.73645328521729
native/raw_bounded_s23,14,0.0001950403260841024,0.005707649053656496,,39.38680286407471
native/raw_bounded_s23,15,0.00018011520427394653,0.005169281153939664,,39.743289146423336
native/raw_bounded_s23,16,0.000165,0.004925019695074298,,36.66232780456543
native/raw_bounded_s23,17,0.00014988479572605347,0.0046601260232273485,,36.885261154174806
native/raw_bounded_s23,18,0.00013495967391589757,0.004449735648231581,,36.14424777984619
native/raw_bounded_s23,19,0.00012041232663605243,0.0043665569520089775,,35.1139489364624
native/raw_bounded_s23,20,0.00010642569521912966,0.003980849674553611,,35.10787158966065
native/raw_bounded_s23,21,9.317566967042957e-05,0.00383518481394276,,35.81387454986572
native/raw_bounded_s23,22,8.082887674907099e-05,0.003609531394322403,,35.14986587524414
native/raw_bounded_s23,23,6.954058453981609e-05,0.003533093837322667,,35.79993663787842
native/raw_bounded_s23,24,5.945274986681601e-05,0.0034319638955639677,,34.54821151733398
native/raw_bounded_s23,25,5.069223310418164e-05,0.003292116465163417,,34.83436393737793
native/raw_bounded_s23,26,4.336920283317343e-05,0.003163628010661341,,34.58985454559326
native/raw_bounded_s23,27,3.757575040837037e-05,0.003119637283089105,,34.141018867492676
native/raw_bounded_s23,28,3.3384731855453794e-05,0.0030341263458831236,,34.12030818939209
native/raw_bounded_s23,29,3.0848851664412245e-05,0.003009943657380063,,33.5355228805542
native/raw_bounded_s23,30,2.9999999999999997e-05,0.002962686415412463,,34.375787582397464
native/raw_bounded_s37,1,0.00015,0.029209837010130288,,84.29947860717773
native/raw_bounded_s37,2,0.0003,0.02088096478022635,,73.45596847534179
native/raw_bounded_s37,3,0.00029915114833558773,0.01626862190896645,,63.49660140991211
native/raw_bounded_s37,4,0.00029661526814454614,0.014159322110936045,,55.78566368103027
native/raw_bounded_s37,5,0.0002924242495916296,0.012090098774060608,,53.53998950958252
native/raw_bounded_s37,6,0.00028663079716682654,0.010827079034643248,,55.86122261047363
native/raw_bounded_s37,7,0.0002793077668958183,0.009974019436631352,,50.847008056640625
native/raw_bounded_s37,8,0.000270547250133184,0.008635688748909161,,44.39458778381348
native/raw_bounded_s37,9,0.0002604594154601839,0.008083963616518303,,47.52300716400146
native/raw_bounded_s37,10,0.000249171123250929,0.007539112700615078,,45.171627082824706
native/raw_bounded_s37,11,0.0002368243303295704,0.006853397767990828,,40.56018173217773
native/raw_bounded_s37,12,0.0002235743047808703,0.006223667484009638,,42.84142143249512
native/raw_bounded_s37,13,0.00020958767336394757,0.005744207744137384,,40.33046783447266
native/raw_bounded_s37,14,0.0001950403260841024,0.00546205956605263,,38.14341918945313
native/raw_bounded_s37,15,0.00018011520427394653,0.005039611362153664,,38.431724281311034
native/raw_bounded_s37,16,0.000165,0.004906902126967907,,36.50831340789795
native/raw_bounded_s37,17,0.00014988479572605347,0.004495053465361707,,38.23632205963135
native/raw_bounded_s37,18,0.00013495967391589757,0.004345053386641666,,36.20676700592041
native/raw_bounded_s37,19,0.00012041232663605243,0.004093289443990216,,35.44883399963379
native/raw_bounded_s37,20,0.00010642569521912966,0.0038918079453287647,,35.05891799926758
native/raw_bounded_s37,21,9.317566967042957e-05,0.0036601573455845937,,35.36995510101318
native/raw_bounded_s37,22,8.082887674907099e-05,0.003485282181063667,,34.78880123138428
native/raw_bounded_s37,23,6.954058453981609e-05,0.0033821917328168637,,33.897542304992676
native/raw_bounded_s37,24,5.945274986681601e-05,0.003231671247049235,,34.03182846069336
native/raw_bounded_s37,25,5.069223310418164e-05,0.0031459291343344377,,33.481416397094726
native/raw_bounded_s37,26,4.336920283317343e-05,0.00303953621245455,,33.803267555236815
native/raw_bounded_s37,27,3.757575040837037e-05,0.0029599473241250962,,33.62193332672119
native/raw_bounded_s37,28,3.3384731855453794e-05,0.0029201445484068247,,33.88084606170654
native/raw_bounded_s37,29,3.0848851664412245e-05,0.0028542772537912243,,33.54004795074463
native/raw_bounded_s37,30,2.9999999999999997e-05,0.002834559891198296,,33.41417060852051
native/rgb_only_xyz_s11,1,0.00015,0.03328380316495896,,95.68045944213867
native/rgb_only_xyz_s11,2,0.0003,0.025996498726308347,,92.65301948547364
native/rgb_only_xyz_s11,3,0.00029915114833558773,0.02381434792187065,,84.67457683563232
native/rgb_only_xyz_s11,4,0.00029661526814454614,0.02299702893011272,,83.23119400024414
native/rgb_only_xyz_s11,5,0.0002924242495916296,0.02345859149005264,,81.43487854003907
native/rgb_only_xyz_s11,6,0.00028663079716682654,0.02161874177400023,,79.94823822021485
native/rgb_only_xyz_s11,7,0.0002793077668958183,0.020807914827018978,,80.46798377990723
native/rgb_only_xyz_s11,8,0.000270547250133184,0.020422255946323277,,78.2926301574707
native/rgb_only_xyz_s11,9,0.0002604594154601839,0.019799558110535145,,76.61828113555909
native/rgb_only_xyz_s11,10,0.000249171123250929,0.01972451806999743,,77.21544494628907
native/rgb_only_xyz_s11,11,0.0002368243303295704,0.019185485320631416,,83.3554566192627
native/rgb_only_xyz_s11,12,0.0002235743047808703,0.01902429824694991,,82.56509414672851
native/rgb_only_xyz_s11,13,0.00020958767336394757,0.01873863929649815,,75.25249038696289
native/rgb_only_xyz_s11,14,0.0001950403260841024,0.017898921468295158,,76.75908672332764
native/rgb_only_xyz_s11,15,0.00018011520427394653,0.01759704693686217,,76.27729362487793
native/rgb_only_xyz_s11,16,0.000165,0.017081387352664023,,76.17268646240234
native/rgb_only_xyz_s11,17,0.00014988479572605347,0.016661093898583203,,77.09678009033203
native/rgb_only_xyz_s11,18,0.00013495967391589757,0.016208338893484324,,76.50436187744141
native/rgb_only_xyz_s11,19,0.00012041232663605243,0.01574408170883544,,76.91952430725098
native/rgb_only_xyz_s11,20,0.00010642569521912966,0.015531890532001854,,76.88776672363281
native/rgb_only_xyz_s11,21,9.317566967042957e-05,0.015148969255387784,,80.38022018432618
native/rgb_only_xyz_s11,22,8.082887674907099e-05,0.014784066737629473,,79.55474784851074
native/rgb_only_xyz_s11,23,6.954058453981609e-05,0.014685902444180101,,79.01406623840332
native/rgb_only_xyz_s11,24,5.945274986681601e-05,0.014384371328633279,,79.07192512512206
native/rgb_only_xyz_s11,25,5.069223310418164e-05,0.014124510425608605,,77.5798445892334
native/rgb_only_xyz_s11,26,4.336920283317343e-05,0.013848334471695124,,81.80959266662597
native/rgb_only_xyz_s11,27,3.757575040837037e-05,0.013627216722816228,,79.68384407043457
native/rgb_only_xyz_s11,28,3.3384731855453794e-05,0.013443340719677508,,78.98321556091308
native/rgb_only_xyz_s11,29,3.0848851664412245e-05,0.013314287851098925,,80.34665412902832
native/rgb_only_xyz_s11,30,2.9999999999999997e-05,0.013248348811175674,,79.65356147766113
native/rgb_only_xyz_s23,1,0.00015,0.03335771398153156,,91.04552436828614
native/rgb_only_xyz_s23,2,0.0003,0.026132730823010205,,86.16237186431884
native/rgb_only_xyz_s23,3,0.00029915114833558773,0.024711238800082354,,84.83594512939453
native/rgb_only_xyz_s23,4,0.00029661526814454614,0.02337693240493536,,86.14952072143555
native/rgb_only_xyz_s23,5,0.0002924242495916296,0.022272650704253466,,84.03837898254395
native/rgb_only_xyz_s23,6,0.00028663079716682654,0.021472324167843906,,81.50525436401367
native/rgb_only_xyz_s23,7,0.0002793077668958183,0.021156410314142705,,82.02333450317383
native/rgb_only_xyz_s23,8,0.000270547250133184,0.02059637838974595,,84.9019400024414
native/rgb_only_xyz_s23,9,0.0002604594154601839,0.019847159716300668,,79.47995872497559
native/rgb_only_xyz_s23,10,0.000249171123250929,0.019684075801633297,,77.67892318725586
native/rgb_only_xyz_s23,11,0.0002368243303295704,0.01949162201490253,,85.54758354187011
native/rgb_only_xyz_s23,12,0.0002235743047808703,0.01856379725271836,,77.78409759521485
native/rgb_only_xyz_s23,13,0.00020958767336394757,0.018071026771795003,,77.66440380096435
native/rgb_only_xyz_s23,14,0.0001950403260841024,0.01779423442436382,,77.12092720031738
native/rgb_only_xyz_s23,15,0.00018011520427394653,0.01754119673743844,,77.92914016723633
native/rgb_only_xyz_s23,16,0.000165,0.016935114674270155,,75.85907470703125
native/rgb_only_xyz_s23,17,0.00014988479572605347,0.016716996198520063,,76.33239921569825
native/rgb_only_xyz_s23,18,0.00013495967391589757,0.01630415813298896,,76.698193359375
native/rgb_only_xyz_s23,19,0.00012041232663605243,0.016082523274235427,,76.97494819641113
native/rgb_only_xyz_s23,20,0.00010642569521912966,0.015478168143890797,,76.6632120513916
native/rgb_only_xyz_s23,21,9.317566967042957e-05,0.01518941847141832,,79.06353897094726
native/rgb_only_xyz_s23,22,8.082887674907099e-05,0.01490950106875971,,76.89820625305175
native/rgb_only_xyz_s23,23,6.954058453981609e-05,0.01460893394658342,,77.47760032653808
native/rgb_only_xyz_s23,24,5.945274986681601e-05,0.014277840766590088,,79.06687385559081
native/rgb_only_xyz_s23,25,5.069223310418164e-05,0.014018550596665591,,77.43777099609375
native/rgb_only_xyz_s23,26,4.336920283317343e-05,0.013864419367164373,,76.92436218261719
native/rgb_only_xyz_s23,27,3.757575040837037e-05,0.013715257537551224,,77.85799957275391
native/rgb_only_xyz_s23,28,3.3384731855453794e-05,0.013473164145834745,,77.43100372314453
native/rgb_only_xyz_s23,29,3.0848851664412245e-05,0.013494198308326304,,78.70883445739746
native/rgb_only_xyz_s23,30,2.9999999999999997e-05,0.013300485555082559,,77.45057090759278
native/rgb_only_xyz_s37,1,0.00015,0.03297588261310011,,91.46463478088378
native/rgb_only_xyz_s37,2,0.0003,0.0264345787698403,,89.32065921783447
native/rgb_only_xyz_s37,3,0.00029915114833558773,0.024213376538828015,,84.77119815826416
native/rgb_only_xyz_s37,4,0.00029661526814454614,0.023106696270406245,,86.29735420227051
native/rgb_only_xyz_s37,5,0.0002924242495916296,0.021701658540405334,,81.67636196136475
native/rgb_only_xyz_s37,6,0.00028663079716682654,0.02145031828433275,,82.67267387390137
native/rgb_only_xyz_s37,7,0.0002793077668958183,0.021077399058267474,,78.19759582519531
native/rgb_only_xyz_s37,8,0.000270547250133184,0.02031031193677336,,80.29850067138672
native/rgb_only_xyz_s37,9,0.0002604594154601839,0.019492434323765337,,76.9447592163086
native/rgb_only_xyz_s37,10,0.000249171123250929,0.01910203994018957,,79.35723636627198
native/rgb_only_xyz_s37,11,0.0002368243303295704,0.01923102016095072,,79.90946617126465
native/rgb_only_xyz_s37,12,0.0002235743047808703,0.01852411069907248,,77.91607780456543
native/rgb_only_xyz_s37,13,0.00020958767336394757,0.018261832112912088,,88.66135807037354
native/rgb_only_xyz_s37,14,0.0001950403260841024,0.017656577106099577,,78.42379806518555
native/rgb_only_xyz_s37,15,0.00018011520427394653,0.017009771566372366,,81.51590614318847
native/rgb_only_xyz_s37,16,0.000165,0.016836700814310462,,76.81694618225097
native/rgb_only_xyz_s37,17,0.00014988479572605347,0.016461607445962728,,77.67621788024903
native/rgb_only_xyz_s37,18,0.00013495967391589757,0.015930434674955904,,81.08493236541749
native/rgb_only_xyz_s37,19,0.00012041232663605243,0.015581496714148671,,77.11405181884766
native/rgb_only_xyz_s37,20,0.00010642569521912966,0.015038304569898173,,77.21179069519043
native/rgb_only_xyz_s37,21,9.317566967042957e-05,0.014882547247689218,,77.36421852111816
native/rgb_only_xyz_s37,22,8.082887674907099e-05,0.014394709158223122,,79.46168815612793
native/rgb_only_xyz_s37,23,6.954058453981609e-05,0.014241597352083772,,77.12445549011231
native/rgb_only_xyz_s37,24,5.945274986681601e-05,0.01389265817590058,,77.3348169708252
native/rgb_only_xyz_s37,25,5.069223310418164e-05,0.013636371062602848,,77.74313117980957
native/rgb_only_xyz_s37,26,4.336920283317343e-05,0.01335130945313722,,78.18348831176758
native/rgb_only_xyz_s37,27,3.757575040837037e-05,0.013253575444687159,,79.44060234069825
native/rgb_only_xyz_s37,28,3.3384731855453794e-05,0.013136141155846416,,79.2420671081543
native/rgb_only_xyz_s37,29,3.0848851664412245e-05,0.01301443749340251,,77.4934001159668
native/rgb_only_xyz_s37,30,2.9999999999999997e-05,0.01300629968289286,,78.14641548156739
continuation/mixed_s11,1,0.0003,0.005831478296313435,0.11690731510519982,40.212835540771486
continuation/mixed_s11,2,0.0002983379259803436,0.0043928970658453186,0.10888093166053295,39.545959358215335
continuation/mixed_s11,3,0.0002933926296998457,0.0044579273037379605,0.10783544335514307,34.5980174446106
continuation/mixed_s11,4,0.00028528588076542964,0.003823809988098219,0.10669265821576118,35.3422078704834
continuation/mixed_s11,5,0.00027421729424061787,0.003585372228990309,0.10558008186519147,33.37743698120117
continuation/mixed_s11,6,0.0002604594154601839,0.00324621737934649,0.1085176957771182,33.730517883300784
continuation/mixed_s11,7,0.00024435100905948387,0.0033309275226201863,0.10532322511076928,34.43058578491211
continuation/mixed_s11,8,0.0002262887174648388,0.0030101246980484575,0.10525548949837685,32.782889938354494
continuation/mixed_s11,9,0.00020671729424061788,0.0027575669309590012,0.10322279673069716,31.550127334594727
continuation/mixed_s11,10,0.00018611865278043117,0.002505392839084379,0.10434202682226897,31.251618881225586
continuation/mixed_s11,11,0.000165,0.0024524381346418523,0.10489642631262541,31.974117279052734
continuation/mixed_s11,12,0.00014388134721956885,0.002239642658387311,0.10267662059515714,31.070853271484374
continuation/mixed_s11,13,0.00012328270575938212,0.002178382795827929,0.10315463349223136,31.616079082489012
continuation/mixed_s11,14,0.00010371128253516118,0.0020565653924131764,0.10443935643881559,30.636802749633787
continuation/mixed_s11,15,8.564899094051614e-05,0.0018922052168636582,0.10333400378003717,30.424242725372313
continuation/mixed_s11,16,6.954058453981609e-05,0.0018663202310563066,0.10480315536260605,30.088403434753417
continuation/mixed_s11,17,5.578270575938211e-05,0.0017819950144621543,0.10430911302566528,30.160656566619874
continuation/mixed_s11,18,4.471411923457034e-05,0.001714099802193232,0.1043067742139101,29.61976867675781
continuation/mixed_s11,19,3.660737030015427e-05,0.001688465014740359,0.1025192116945982,29.708993091583253
continuation/mixed_s11,20,3.1662074019656414e-05,0.0016504752944456413,0.10138219092041253,29.75737777709961
continuation/mixed_s23,1,0.0003,0.006333009814843535,0.11984085138887167,41.21502944946289
continuation/mixed_s23,2,0.0002983379259803436,0.0051889433653559535,0.10909445364028215,36.84655807495117
continuation/mixed_s23,3,0.0002933926296998457,0.004446793781244196,0.10560236200690269,35.82849826812744
continuation/mixed_s23,4,0.00028528588076542964,0.003949093198752962,0.10635907590389251,34.311452560424804
continuation/mixed_s23,5,0.00027421729424061787,0.0036939201958011837,0.10818948239088058,36.605970268249514
continuation/mixed_s23,6,0.0002604594154601839,0.0036000530404271557,0.10898809831589461,35.0802799987793
continuation/mixed_s23,7,0.00024435100905948387,0.0032457875029649587,0.10860132843255997,33.28462244033813
continuation/mixed_s23,8,0.0002262887174648388,0.003022408242104575,0.10668273307383061,33.36478147506714
continuation/mixed_s23,9,0.00020671729424061788,0.0029811706516193227,0.1068273988366127,31.74567539215088
continuation/mixed_s23,10,0.00018611865278043117,0.0026554083026712762,0.10516697701066732,33.42546329498291
continuation/mixed_s23,11,0.000165,0.0025944782508304344,0.1039836559444666,32.46657499313355
continuation/mixed_s23,12,0.00014388134721956885,0.002348032527952455,0.10199434231966734,32.16623329162598
continuation/mixed_s23,13,0.00012328270575938212,0.0022038641065591945,0.1040099836140871,31.911727771759033
continuation/mixed_s23,14,0.00010371128253516118,0.0021030386281199755,0.1033661374822259,32.417488708496094
continuation/mixed_s23,15,8.564899094051614e-05,0.001985892010270618,0.10285615526139737,31.23138095855713
continuation/mixed_s23,16,6.954058453981609e-05,0.001900266349548474,0.10546248100697994,31.59829341888428
continuation/mixed_s23,17,5.578270575938211e-05,0.001827940463554114,0.10199495483189822,31.049280681610107
continuation/mixed_s23,18,4.471411923457034e-05,0.0017686833676998504,0.10190605126321316,30.915958557128906
continuation/mixed_s23,19,3.660737030015427e-05,0.0017183079506503417,0.10331472478806973,31.12886423110962
continuation/mixed_s23,20,3.1662074019656414e-05,0.0016862442385172471,0.10343100491911172,30.828080291748048
continuation/mixed_s37,1,0.0003,0.005358747610589489,0.11720998335629701,41.40324745178223
continuation/mixed_s37,2,0.0002983379259803436,0.005010658102110028,0.11147749818861484,37.14907165527344
continuation/mixed_s37,3,0.0002933926296998457,0.004383783512166701,0.10785206831991673,37.592614288330076
continuation/mixed_s37,4,0.00028528588076542964,0.004039704262395389,0.10477024167776108,36.11720291137695
continuation/mixed_s37,5,0.00027421729424061787,0.0035065733501687645,0.10811388093978166,33.80379535675049
continuation/mixed_s37,6,0.0002604594154601839,0.003319167028530501,0.10617955539375544,33.75067108154297
continuation/mixed_s37,7,0.00024435100905948387,0.003341948486631736,0.10854724690318107,33.54516185760498
continuation/mixed_s37,8,0.0002262887174648388,0.0029960122783086263,0.1072565047815442,32.83302326202393
continuation/mixed_s37,9,0.00020671729424061788,0.002783543383702636,0.1056030073016882,32.9840690612793
continuation/mixed_s37,10,0.00018611865278043117,0.0026517996497568675,0.10515824500471353,31.826722831726073
continuation/mixed_s37,11,0.000165,0.002500072397524491,0.1037217328697443,32.4147144317627
continuation/mixed_s37,12,0.00014388134721956885,0.0023381718382006512,0.10221343606710434,32.52742282867432
continuation/mixed_s37,13,0.00012328270575938212,0.002205894886283204,0.10019838538020849,31.055715675354005
continuation/mixed_s37,14,0.00010371128253516118,0.0021109057392459363,0.10141709860414266,31.62599214553833
continuation/mixed_s37,15,8.564899094051614e-05,0.002034012907242868,0.10347587577998638,32.15770923614502
continuation/mixed_s37,16,6.954058453981609e-05,0.001897793142707087,0.10579560397192836,30.956737899780272
continuation/mixed_s37,17,5.578270575938211e-05,0.0018376464329776354,0.10291745509952306,30.583913860321044
continuation/mixed_s37,18,4.471411923457034e-05,0.0017685925311525352,0.10198429571464658,30.726849403381348
continuation/mixed_s37,19,3.660737030015427e-05,0.0017302863192162476,0.10038425777107478,30.44458215713501
continuation/mixed_s37,20,3.1662074019656414e-05,0.0017107047393801623,0.10431663867086172,30.49656608581543
continuation/native_only_s11,1,0.0003,0.004705035531078466,,38.425510292053225
continuation/native_only_s11,2,0.0002983379259803436,0.004246813438949175,,37.22628688812256
continuation/native_only_s11,3,0.0002933926296998457,0.00412292372144293,,36.87963737487793
continuation/native_only_s11,4,0.00028528588076542964,0.003790609842399135,,35.50262664794922
continuation/native_only_s11,5,0.00027421729424061787,0.0033934655535267665,,34.1739439201355
continuation/native_only_s11,6,0.0002604594154601839,0.003210628742526751,,32.96166133880615
continuation/native_only_s11,7,0.00024435100905948387,0.003239062651991844,,35.2291739654541
continuation/native_only_s11,8,0.0002262887174648388,0.002854031464084983,,33.54766998291016
continuation/native_only_s11,9,0.00020671729424061788,0.002670854775351472,,32.44046119689941
continuation/native_only_s11,10,0.00018611865278043117,0.0023227049718843773,,31.858990745544432
continuation/native_only_s11,11,0.000165,0.002278353885631077,,31.628378715515137
continuation/native_only_s11,12,0.00014388134721956885,0.0020765448920428754,,31.064114360809327
continuation/native_only_s11,13,0.00012328270575938212,0.0020155883318511768,,32.8492830657959
continuation/native_only_s11,14,0.00010371128253516118,0.0018581495256512425,,30.247621383666992
continuation/native_only_s11,15,8.564899094051614e-05,0.0016949886435759253,,30.96812047958374
continuation/native_only_s11,16,6.954058453981609e-05,0.0016327759777777827,,30.237778663635254
continuation/native_only_s11,17,5.578270575938211e-05,0.0015404846376623027,,30.644610958099364
continuation/native_only_s11,18,4.471411923457034e-05,0.0014945180015638472,,30.290252838134766
continuation/native_only_s11,19,3.660737030015427e-05,0.0014581263513537123,,29.99671878814697
continuation/native_only_s11,20,3.1662074019656414e-05,0.0014070149362669327,,30.148313102722167
continuation/native_only_s23,1,0.0003,0.004368286545504816,,40.11841320037842
continuation/native_only_s23,2,0.0002983379259803436,0.0046405063167912885,,37.24236991882324
continuation/native_only_s23,3,0.0002933926296998457,0.004286080971942283,,35.9561164855957
continuation/native_only_s23,4,0.00028528588076542964,0.0036837071407353505,,33.904007301330566
continuation/native_only_s23,5,0.00027421729424061787,0.0034630507783731447,,35.964897537231444
continuation/native_only_s23,6,0.0002604594154601839,0.00332026241638232,,36.00436550140381
continuation/native_only_s23,7,0.00024435100905948387,0.003244357502553612,,35.13898483276367
continuation/native_only_s23,8,0.0002262887174648388,0.0028943644202081486,,36.70115543365478
continuation/native_only_s23,9,0.00020671729424061788,0.002630927948048338,,33.366054420471194
continuation/native_only_s23,10,0.00018611865278043117,0.002413135837414302,,33.53733669281006
continuation/native_only_s23,11,0.000165,0.0023134261067025365,,32.71982275009155
continuation/native_only_s23,12,0.00014388134721956885,0.002094294317648746,,34.54808135986328
continuation/native_only_s23,13,0.00012328270575938212,0.0019523615029174834,,31.797855682373047
continuation/native_only_s23,14,0.00010371128253516118,0.001805027013469953,,33.2589714050293
continuation/native_only_s23,15,8.564899094051614e-05,0.0017331674441811629,,31.968021659851075
continuation/native_only_s23,16,6.954058453981609e-05,0.001594063472293783,,31.855534954071047
continuation/native_only_s23,17,5.578270575938211e-05,0.0015343899469007739,,31.868367156982423
continuation/native_only_s23,18,4.471411923457034e-05,0.0014478798479831312,,31.28165786743164
continuation/native_only_s23,19,3.660737030015427e-05,0.0014039570241584443,,31.392937107086183
continuation/native_only_s23,20,3.1662074019656414e-05,0.0013726376459817402,,31.380154724121095
continuation/native_only_s37,1,0.0003,0.004440019681351259,,37.72553638458252
continuation/native_only_s37,2,0.0002983379259803436,0.0042398758628405635,,38.36418445587158
continuation/native_only_s37,3,0.0002933926296998457,0.004068902321159839,,38.262799758911136
continuation/native_only_s37,4,0.00028528588076542964,0.003799510023673065,,37.564191360473636
continuation/native_only_s37,5,0.00027421729424061787,0.0034391765075270087,,34.31210678100586
continuation/native_only_s37,6,0.0002604594154601839,0.0031652970326831566,,35.66771751403809
continuation/native_only_s37,7,0.00024435100905948387,0.0030618771334411576,,34.35416530609131
continuation/native_only_s37,8,0.0002262887174648388,0.0029584521910874175,,33.99575096130371
continuation/native_only_s37,9,0.00020671729424061788,0.00264147690118989,,33.4633129119873
continuation/native_only_s37,10,0.00018611865278043117,0.002408670449804049,,32.02861059188843
continuation/native_only_s37,11,0.000165,0.002197155732719693,,31.238371086120605
continuation/native_only_s37,12,0.00014388134721956885,0.00210744056297699,,32.50377479553222
continuation/native_only_s37,13,0.00012328270575938212,0.002010591379075777,,30.78282699584961
continuation/native_only_s37,14,0.00010371128253516118,0.0018127771362196653,,31.88384143829346
continuation/native_only_s37,15,8.564899094051614e-05,0.0017666705601732246,,31.617965621948244
continuation/native_only_s37,16,6.954058453981609e-05,0.001567466309934389,,31.176158924102783
continuation/native_only_s37,17,5.578270575938211e-05,0.0015432173627777956,,30.896914806365967
continuation/native_only_s37,18,4.471411923457034e-05,0.001476426256413106,,31.604722785949708
continuation/native_only_s37,19,3.660737030015427e-05,0.0014364989023306408,,31.285891513824463
continuation/native_only_s37,20,3.1662074019656414e-05,0.0013970427375170403,,30.660879554748536
